battery_id,cycle,discharge_capacity,initial_capacity,soh,rul,eol_cycle,mean_voltage,min_voltage,max_voltage,voltage_range,mean_current,max_current,mean_temperature,max_temperature,discharge_duration,ambient_temperature,Re,Rct,battery_impedance,rectified_impedance
B0047,1,1.6743047446975208,1.6743047446975208,100.0,40,41,3.4752664759657903,2.470611866932728,4.246764125510136,1.776152258577408,-0.9527668403077523,1.00110134824347,8.272422519178683,12.376815880696888,6436.141,4.0,0.053191858509211,0.1647339991486473,0.07674382611549534,0.1457141117954322
B0047,2,1.5243662105099025,1.6743047446975208,91.04472858585216,39,41,3.4765588189090355,2.477661652422805,4.186635709569866,1.7089740571470609,-0.9838885014038209,0.9981417400029184,8.210715424489035,11.314903320182369,5650.265,4.0,0.053191858509211,0.1647339991486473,0.07674382611549534,0.1457141117954322
B0047,3,1.5080762969973425,1.6743047446975208,90.07179259172385,38,41,3.4707669643372343,2.4707098734854784,4.199922751479228,1.7292128779937497,-0.9838892612061609,1.0003069695936524,7.954455063989402,11.624528187721143,5590.907,4.0,0.053191858509211,0.1647339991486473,0.07674382611549534,0.1457141117954322
B0047,4,1.4835577960067696,1.6743047446975208,88.60739364832826,37,41,3.4675514337042928,2.465457800547402,4.199568876812779,1.734111076265377,-0.9789465319710104,0.9982799264042614,7.985864710265717,11.0929238810592,5543.61,4.0,0.053191858509211,0.1647339991486473,0.07674382611549534,0.1457141117954322
B0047,5,1.4671391666146525,1.6743047446975208,87.62676993307483,36,41,3.4628386272032645,2.465765118194009,4.1993968014662295,1.7336316832722205,-0.9762620303137102,0.9986834889880236,8.009426990342208,11.020979145558456,5499.046,4.0,0.053191858509211,0.1647339991486473,0.07674382611549534,0.1457141117954322
B0047,6,1.448858156982267,1.6743047446975208,86.53491316743637,35,41,3.4591836330966035,2.4700482803033514,4.198907847432783,1.7288595671294313,-0.9711681299821951,1.0016128378277855,8.033626730077737,11.05909419348262,5461.219,4.0,0.053191858509211,0.1647339991486473,0.07674382611549534,0.1457141117954322
B0047,7,1.4458534180949325,1.6743047446975208,86.35545128053374,34,41,3.440865649757287,2.484128874181115,4.163303236325632,1.6791743621445168,-0.9709334670284248,0.9983585499996894,8.150799939416203,11.877028657628198,5451.281,4.0,0.0551250536162427,0.1754882075917004,0.0431360465875159,0.15418835816938117
B0047,8,1.431118266178283,1.6743047446975208,85.47537541839961,33,41,3.44810227661685,2.483034750266961,4.181797294694067,1.698762544427106,-0.9610547420763002,1.001368895703553,8.230899786348077,11.559250858608888,5468.062,4.0,0.0528128215980842,0.1722515233415132,0.08235532725784366,0.1463949776674644
B0047,9,1.419274551657853,1.6743047446975208,84.76799436617847,32,41,3.4496654644975946,2.49830336362436,4.197837203348764,1.6995338397244044,-0.9582923588349711,1.0008569581108415,8.146945225413083,11.34743713793976,5411.297,4.0,0.0528128215980842,0.1722515233415132,0.08235532725784366,0.1463949776674644
B0047,10,1.3999974221808271,1.6743047446975208,83.61664306420813,31,41,3.4449123724079618,2.49851157426792,4.197777018222757,1.699265443954837,-0.9553719838321842,0.9983176454232487,8.251894856354932,11.693269060729056,5369.703,4.0,0.0528128215980842,0.1722515233415132,0.08235532725784366,0.1463949776674644
B0047,11,1.3885156686114437,1.6743047446975208,82.93088059439815,30,41,3.4418308643708455,2.4919375577484737,4.197306543877358,1.7053689861288839,-0.9527836491780217,0.9987614170997864,8.23497518866995,11.557441727679937,5327.406,4.0,0.0528128215980842,0.1722515233415132,0.08235532725784366,0.1463949776674644
B0047,12,1.3652234669528964,1.6743047446975208,81.53972395267488,29,41,3.4344681780842876,2.4683068422721184,4.19770091242359,1.7293940701514718,-0.949814677088373,0.9997148821455012,8.269239827690175,11.667407771157473,5299.266,4.0,0.0528128215980842,0.1722515233415132,0.08235532725784366,0.1463949776674644
B0047,13,1.4060442272970963,1.6743047446975208,83.97779626140351,28,41,3.430115214310407,2.479195639185483,4.1533796403143945,1.6741840011289115,-0.962374774611937,0.997480494103194,8.236583239584068,11.311016339650983,5367.172,4.0,0.0535342449436397,0.1777073031474945,0.05157402559555606,0.15050216856620768
B0047,14,1.405754161352578,1.6743047446975208,83.96047170054104,27,41,3.442078085056046,2.4933737831605582,4.1809212253928045,1.6875474422322463,-0.9528782892582865,0.9986334774069276,8.16126508624072,11.175603921563273,5406.812,4.0,0.0585849037401347,0.1841540797551404,0.006974092252318251,0.15360771785490163
B0047,15,1.3867662881727878,1.6743047446975208,82.82639660220997,26,41,3.4424678812268277,2.491571322470993,4.198049966629152,1.706478644158159,-0.9497638833815831,0.9987804112417712,8.25301239256121,11.15023736338702,5353.094,4.0,0.0585849037401347,0.1841540797551404,0.006974092252318251,0.15360771785490163
B0047,16,1.3705053061420225,1.6743047446975208,81.85518857796808,25,41,3.4338551425476287,2.471859124111365,4.19764856730434,1.7257894431929754,-0.9517106306260905,0.999389466856038,8.291638340695691,11.81131136026599,5280.031,4.0,0.0585849037401347,0.1841540797551404,0.006974092252318251,0.15360771785490163
B0047,17,1.34974311148236,1.6743047446975208,80.61513985174807,24,41,3.4327517306039357,2.488914813470205,4.1969633661005,1.7080485526302955,-0.9434304652541514,0.9976329826755008,8.318107121376224,11.699803023226297,5248.593,4.0,0.0585849037401347,0.1841540797551404,0.006974092252318251,0.15360771785490163
B0047,18,1.3251533367939785,1.6743047446975208,79.14648399526456,23,41,3.4273855541261473,2.472852533936716,4.196227134476293,1.723374600539577,-0.9400482502771171,0.9979036135281564,8.303021352537922,11.234017863419322,5203.375,4.0,0.0585849037401347,0.1841540797551404,0.006974092252318251,0.15360771785490163
B0047,19,1.3111943869635805,1.6743047446975208,78.31276779905801,22,41,3.4184685184601045,2.4822189935935484,4.176260352394772,1.6940413588012238,-0.9371553622323052,0.9983031482652808,8.32601397527908,11.729632241368254,5166.812,4.0,0.0580894405960351,0.1866897040933544,0.02119970079153373,0.15609986306948476
B0047,20,1.3394234405932892,1.6743047446975208,79.99878426165894,21,41,3.4156755122328164,2.481264290061195,4.199835388165491,1.718571098104296,-0.9234823229846594,0.9989433150461876,8.388106987601862,12.186162994585318,5340.281,4.0,0.0580894405960351,0.1866897040933544,0.02119970079153373,0.15609986306948476
B0047,21,1.2849157142560723,1.6743047446975208,76.74324034052742,20,41,3.4189443106786306,2.487540187711501,4.195847527614419,1.7083073399029183,-0.930472095057463,0.9988068791837494,8.304841644444155,11.147409475641334,5103.0,4.0,0.0580894405960351,0.1866897040933544,0.02119970079153373,0.15609986306948476
B0047,22,1.281719159327807,1.6743047446975208,76.55232199436679,19,41,3.4147835574863517,2.4907582384317,4.195387366763826,1.7046291283321255,-0.9322821459755778,0.9985415333431112,8.319029412369582,11.681014963080823,5051.172,4.0,0.0580894405960351,0.1866897040933544,0.02119970079153373,0.15609986306948476
B0047,23,1.2600051642942829,1.6743047446975208,75.25542576909527,18,41,3.409591730169167,2.493163832069928,4.174064296873529,1.6809004648036008,-0.9267897523084677,0.9978750591581058,8.401755924951388,11.29683746494969,5027.563,4.0,0.0588935611351396,0.2028386183123608,0.005781039566153778,0.15779406152384606
B0047,24,1.266070385993126,1.6743047446975208,75.61767892032425,17,41,3.407645240350967,2.479240941037315,4.194958886516552,1.7157179454792373,-0.9316504925123936,0.999192550425453,8.395347720509116,11.88239860330653,4993.765,4.0,0.0588935611351396,0.2028386183123608,0.005781039566153778,0.15779406152384606
B0047,25,1.2413590294280803,1.6743047446975208,74.14176143019554,16,41,3.407201115194828,2.4915265338912347,4.194794488425212,1.7032679545339775,-0.9255669375549472,0.9986749467627316,8.419292173692186,11.79170575767619,4962.469,4.0,0.0588935611351396,0.2028386183123608,0.005781039566153778,0.15779406152384606
B0047,26,1.2298873703485311,1.6743047446975208,73.4566018667481,15,41,3.402851724115477,2.495727313119633,4.194210512385239,1.6984831992656062,-0.9273633082574366,0.9974120790687706,8.293327119939335,11.72661603963688,4907.859,4.0,0.0588935611351396,0.2028386183123608,0.005781039566153778,0.15779406152384606
B0047,27,1.228088614506696,1.6743047446975208,73.34916886522723,14,41,3.398740761774466,2.4979742120513757,4.19378669081209,1.6958124787607147,-0.9267828902753352,1.0012611494596309,8.49190236531868,12.464631760563272,4888.656,4.0,0.0588935611351396,0.2028386183123608,0.005781039566153778,0.15779406152384606
B0047,28,1.2139857189070042,1.6743047446975208,72.50685532318207,13,41,3.3945066004903923,2.495109477398993,4.1718864589662426,1.6767769815672495,-0.9236824517720293,0.9975908962365796,8.437149776270967,11.863547747838409,4866.25,4.0,0.0606574704180075,0.2139967817848608,0.08600207374184587,0.1712001240693723
B0047,29,1.2173435064564189,1.6743047446975208,72.70740349459761,12,41,3.39192930556013,2.4851956352139384,4.19388971043665,1.708694075222712,-0.9289085100178415,0.9986484518139436,8.429621946088576,12.460832791038596,4836.125,4.0,0.0606574704180075,0.2139967817848608,0.08600207374184587,0.1712001240693723
B0047,30,1.2073445944515917,1.6743047446975208,72.11020564059322,11,41,3.39128980672992,2.4873308484835266,4.193873318394839,1.7065424699113128,-0.9282275865985665,0.9987472813404836,8.46306110156025,12.213639136225725,4801.485,4.0,0.0606574704180075,0.2139967817848608,0.08600207374184587,0.1712001240693723
B0047,31,1.18804049227045,1.6743047446975208,70.95724335924766,10,41,3.3932667889977304,2.488620645344286,4.193344395761288,1.7047237504170023,-0.9244391789678553,0.9988826270225112,8.459204966688853,11.534784991217848,4760.938,4.0,0.0606574704180075,0.2139967817848608,0.08600207374184587,0.1712001240693723
B0047,32,1.186304749886542,1.6743047446975208,70.85357391738499,9,41,3.3838600818009588,2.476969143594387,4.19356398488292,1.7165948412885332,-0.9270544586298616,0.9976143324063644,8.493224799915222,12.42977502748968,4740.907,4.0,0.0606574704180075,0.2139967817848608,0.08600207374184587,0.1712001240693723
B0047,33,1.2613935471028506,1.6743047446975208,75.33834871445302,8,41,3.3866520851320576,2.4790054948940434,4.142510591712848,1.6635050968188048,-0.9460868598841972,0.9986321522662404,8.466232868159803,12.428323073625249,4914.532,4.0,0.0655071824171395,0.2035516081169149,0.0891514948764883,0.1744361434410363
B0047,34,1.2648246158850651,1.6743047446975208,75.5432737015607,7,41,3.402095154295076,2.479600589435018,4.174381011699289,1.6947804222642708,-0.9356871602351079,0.9975353876339268,8.553128334903379,12.48741336421358,4998.656,4.0,0.0640501828485657,0.2030937186647097,0.06299650201740287,0.17293099536383835
B0047,35,1.24664945489822,1.6743047446975208,74.45773888214354,6,41,3.404625504614091,2.46837363838224,4.194961577545829,1.726587939163589,-0.9401469539731849,1.0005201322759871,8.342818484380935,11.343734065329729,4890.015,4.0,0.0640501828485657,0.2030937186647097,0.06299650201740287,0.17293099536383835
B0047,36,1.2333924152795082,1.6743047446975208,73.66594517429576,5,41,3.3977378433240313,2.497016493627855,4.194728577808066,1.697712084180211,-0.9395699773936357,0.9990584594637684,8.481468325698998,12.641653349352346,4842.11,4.0,0.0640501828485657,0.2030937186647097,0.06299650201740287,0.17293099536383835
B0047,37,1.2129250072037692,1.6743047446975208,72.44350295518608,4,41,3.39454078926717,2.4751740867556524,4.194123941573546,1.7189498548178932,-0.9358360923749524,0.9979572313546616,8.425193812256257,11.969937687736325,4798.281,4.0,0.0640501828485657,0.2030937186647097,0.06299650201740287,0.17293099536383835
B0047,38,1.1999106597943647,1.6743047446975208,71.66620435105678,3,41,3.397135252361952,2.499811739255094,4.194413177433493,1.694601438178399,-0.9347239037948782,0.9985176632293312,8.471726206300676,11.438399477589398,4739.188,4.0,0.0640501828485657,0.2030937186647097,0.06299650201740287,0.17293099536383835
B0047,39,1.1902559038393383,1.6743047446975208,71.08956165888245,2,41,3.384557786350807,2.494550023378076,4.172002506353698,1.6774524829756214,-0.9317054169779714,0.9982543809866457,8.510483818712029,12.144441411939049,4733.156,4.0,0.0658333505063299,0.2204415510699875,0.11456701163215977,0.17370443662467472
B0047,40,1.1892563795455853,1.6743047446975208,71.02986378745739,1,41,3.38207924956575,2.477337702429082,4.194068049662567,1.7167303472334852,-0.9431234654151266,1.0001312935854785,8.530222967717657,12.67224284322037,4670.61,4.0,0.0658333505063299,0.2204415510699875,0.11456701163215977,0.17370443662467472
B0047,41,1.167069685125939,1.6743047446975208,69.70473498459693,0,41,3.3808097620789024,2.478325379623597,4.193464344236471,1.715138964612874,-0.9364521415339061,0.9979392762794396,8.420605358837513,11.984785271459067,4635.0,4.0,0.0658333505063299,0.2204415510699875,0.11456701163215977,0.17370443662467472
B0047,42,1.1615348403090369,1.6743047446975208,69.374159273429,0,41,3.382026759648077,2.494831087986124,4.192797311893991,1.697966223907867,-0.9330135422416266,0.999100265494274,8.51215713252602,12.101959002780742,4615.86,4.0,0.0658333505063299,0.2204415510699875,0.11456701163215977,0.17370443662467472
B0047,43,1.1555563844349988,1.6743047446975208,69.01708832245835,0,41,3.376424700878435,2.495678140540268,4.193468094113346,1.6977899535730776,-0.9354455085688509,1.0171989370447034,8.54602737861718,12.396974763839234,4580.75,4.0,0.0658333505063299,0.2204415510699875,0.11456701163215977,0.17370443662467472
B0047,44,1.1488524666097713,1.6743047446975208,68.6166882252563,0,41,3.3729563491800936,2.4729308126474736,4.16991637056524,1.696985557917766,-0.9350017140200774,0.9986136164374132,8.4485741292899,11.455115215105929,4557.406,4.0,0.0687878090911825,0.2136033662022438,0.131981652506515,0.17908818517707586
B0047,45,1.143572986788779,1.6743047446975208,68.30136451625336,0,41,3.378642488252421,2.494578415325497,4.192396921446495,1.6978185061209978,-0.9345624675488318,0.9974310644719284,8.334392904335672,11.39345446641458,4524.032000000007,4.0,0.0687878090911825,0.2136033662022438,0.131981652506515,0.17908818517707586
B0047,46,1.1418015379428537,1.6743047446975208,68.19556246011422,0,41,3.370172138170829,2.492546798627854,4.192623205881946,1.7000764072540924,-0.9405823229183861,0.9979515372361276,8.548983420432004,12.6352725981059,4502.938,4.0,0.0687878090911825,0.2136033662022438,0.131981652506515,0.17908818517707586
B0047,47,1.136058647502255,1.6743047446975208,67.85256095702546,0,41,3.367920943746027,2.4752083843332136,4.1933895299679325,1.718181145634719,-0.940166082376245,0.9976588428393416,8.545644001542279,12.45444631401429,4483.094,4.0,0.0687878090911825,0.2136033662022438,0.131981652506515,0.17908818517707586
B0047,48,1.1236364680969286,1.6743047446975208,67.11063034704141,0,41,3.3731133787458676,2.4974098896142385,4.192510832064287,1.6951009424500487,-0.9385550163357156,0.9980113940759702,8.530684068571667,12.18400994607025,4448.36,4.0,0.0687878090911825,0.2136033662022438,0.131981652506515,0.17908818517707586
B0047,49,1.1320498900328944,1.6743047446975208,67.61313277156185,0,41,3.3570684734893477,2.470530852621601,4.1689267149519535,1.6983958623303526,-0.9458548848985765,0.9999712649338626,8.5880890540764,12.849012968534735,4440.531,4.0,0.067042457422244,0.2239461958000678,0.10918463049569802,0.17943700610969637
B0047,50,1.117010176215815,1.6743047446975208,66.71486655899155,0,41,3.3691516897861753,2.4800604125308974,4.191753022543457,1.7116926100125598,-0.9389122330771017,0.9974683513415104,8.520717953543993,11.44307926801482,4416.547,4.0,0.067042457422244,0.2239461958000678,0.10918463049569802,0.17943700610969637
B0047,51,1.120043039721982,1.6743047446975208,66.89600822485447,0,41,3.3578225461504885,2.482310382215253,4.192116566565046,1.7098061843497931,-0.9483861774789661,0.998613125908309,8.509426489984776,12.895633770945397,4382.937,4.0,0.067042457422244,0.2239461958000678,0.10918463049569802,0.17943700610969637
B0047,52,1.1059773445917065,1.6743047446975208,66.05591652859539,0,41,3.3676285575809373,2.499914991218416,4.192241727517348,1.6923267362989316,-0.9414049088928775,1.000314056557349,8.454153696786289,11.573902587010837,4347.453,4.0,0.067042457422244,0.2239461958000678,0.10918463049569802,0.17943700610969637
B0047,53,1.1907902374762016,1.6743047446975208,71.12147542121009,0,41,3.372493003925355,2.47468810834507,4.151696493245396,1.677008384900326,-0.9331169601303769,0.9989815716960124,8.476574571858773,11.984288635557064,4746.5,4.0,0.067687003462409,0.2222905077928191,0.1919528306912756,0.18425302002659158
B0047,54,1.2012387088454022,1.6743047446975208,71.74552378530214,0,41,3.382136756328252,2.4936019875098454,4.173641970261601,1.6800399827517554,-0.9478477265636571,0.997917941666946,8.567006275916873,12.836265571184011,4679.156,4.0,0.0706810853533824,0.1952852162273827,0.10573280871724008,0.17333520816323666
B0047,55,1.1906909549024802,1.6743047446975208,71.11554564205633,0,41,3.383822718764627,2.4794043785439617,4.194390827243979,1.7149864487000177,-0.956443523785203,0.9980570526982784,8.607327084258758,12.655987301395294,4596.578,4.0,0.0706810853533824,0.1952852162273827,0.10573280871724008,0.17333520816323666
B0047,56,1.1764375730308343,1.6743047446975208,70.26424411425586,0,41,3.3860339727551585,2.495823360233662,4.194161811786053,1.6983384515523907,-0.9528668500629852,1.0010833967174453,8.707959029152644,12.20963360823446,4544.641,4.0,0.0706810853533824,0.1952852162273827,0.10573280871724008,0.17333520816323666
B0047,57,1.1628110372792353,1.6743047446975208,69.45038177558939,0,41,3.3841395923852935,2.4834980820953168,4.194190653204952,1.7106925711096355,-0.9523529313575727,0.9969202436286994,9.003534328496398,12.780134013784457,4526.938,4.0,0.0706810853533824,0.1952852162273827,0.10573280871724008,0.17333520816323666
B0047,58,1.1516152840582583,1.6743047446975208,68.78170104369552,0,41,3.3827771801616184,2.4920392941768497,4.194292935889806,1.702253641712956,-0.9518066439769568,0.997543073671386,9.02852617906244,12.658108002877777,4487.438,4.0,0.0706810853533824,0.1952852162273827,0.10573280871724008,0.17333520816323666
B0047,59,1.1583673498348623,1.6743047446975208,69.18497683909584,0,41,3.364536091766799,2.488243242390158,4.146356741131726,1.6581134987415678,-0.9517057744990748,0.9975286494682144,9.027729535660669,13.24936801902594,4513.312,4.0,0.0721616439691655,0.2134680518392546,0.14385290560432967,0.17980988274592874
B0047,60,1.1692285288386206,1.6743047446975208,69.83367469640976,0,41,3.3787603150369994,2.498187334581169,4.172368631167838,1.6741812965866685,-0.9457722537487265,1.006932903094604,9.071608131387514,13.102537521023756,4568.438,4.0,0.0720657836981216,0.216996572598658,0.11581022163065469,0.17785201290744157
B0047,61,1.1588148476218465,1.6743047446975208,69.2117042188277,0,41,3.38042492580436,2.4982213366801296,4.193697451503613,1.6954761148234838,-0.9517682668620395,0.9983451614477944,9.050284055951,13.019156020970016,4499.656,4.0,0.0720657836981216,0.216996572598658,0.11581022163065469,0.17785201290744157
B0047,62,1.1439588147705455,1.6743047446975208,68.3244085877098,0,41,3.3757552328187086,2.4715997205282143,4.193432136090228,1.7218324155620133,-0.9577750037054298,0.9976242692758268,8.986064263951343,12.612257184300963,4430.984,4.0,0.0720657836981216,0.216996572598658,0.11581022163065469,0.17785201290744157
B0047,63,1.1383941068159398,1.6743047446975208,67.99204926231046,0,41,3.3744651760728988,2.4972991957929973,4.193707973256604,1.6964087774636067,-0.9541869981546398,0.99985435313252,9.036875447987502,12.968805846071126,4411.141,4.0,0.0720657836981216,0.216996572598658,0.11581022163065469,0.17785201290744157
B0047,64,1.2213102850395667,1.6743047446975208,72.94432443719845,0,41,3.3850807989789566,2.475863858583421,4.166980224197571,1.6911163656141501,-0.9269695970852067,0.9974759876799106,9.095394308322597,13.123905320087225,4883.312,4.0,0.07280052727114,0.2167410015359882,0.16243077602682285,0.18419574977020614
B0047,65,1.2031062978889062,1.6743047446975208,71.8570679381464,0,41,3.3900890450634233,2.482088014003299,4.175112042490111,1.6930240284868123,-0.9526683776410486,0.9988968847011238,9.009063913586548,13.179418154583676,4663.907,4.0,0.0727832837778209,0.2152059866676978,0.15350448033472217,0.18112171046241565
B0047,66,1.1897147112197684,1.6743047446975208,71.05723823500851,0,41,3.3919885847746993,2.484545959502679,4.195168632438667,1.7106226729359877,-0.9591403423116251,0.998023029768851,8.958051495293551,12.742282067813369,4581.328,4.0,0.0727832837778209,0.2152059866676978,0.15350448033472217,0.18112171046241565
B0047,67,1.177422568842014,1.6743047446975208,70.32307425341058,0,41,3.3862399608298266,2.481724014979985,4.19482784099826,1.7131038260182745,-0.9554277687381623,0.998068559065162,8.972563208541265,13.23162562344335,4553.031,4.0,0.0727832837778209,0.2152059866676978,0.15350448033472217,0.18112171046241565
B0047,68,1.158443027293818,1.6743047446975208,69.18949677247087,0,41,3.383817098626054,2.475682459777723,4.194470276921028,1.7187878171433053,-0.9577201485364993,1.000419995099013,9.037146843138395,12.857920538298638,4486.5,4.0,0.0727832837778209,0.2152059866676978,0.15350448033472217,0.18112171046241565
B0047,69,1.1567087516841796,1.6743047446975208,69.08591493558421,0,41,3.3818846696550433,2.4992087242533025,4.194180006661532,1.6949712824082295,-0.9573123780210179,0.9976414843513568,9.009035929017505,12.67528068575023,4450.625,4.0,0.0727832837778209,0.2152059866676978,0.15350448033472217,0.18112171046241565
B0045,1,1.0819793880779518,1.0819793880779518,100.0,16,17,3.3507147228969534,1.990881848788414,4.203467627142882,2.2125857783544687,-0.6795680439600006,1.009116495266992,9.485217152757082,15.71039018923076,6436.141,4.0,0.065086717668146,0.2144103420624745,0.2658548673292079,0.17399584259768996
B0045,2,0.927952404748273,1.0819793880779518,85.76433294137931,15,17,3.343710562419324,1.987597263698,4.16699885717682,2.17940159347882,-0.6847946624076122,1.0087426406516653,9.412485833762908,16.327881769438125,5650.265,4.0,0.065086717668146,0.2144103420624745,0.2658548673292079,0.17399584259768996
B0045,3,0.885193608411576,1.0819793880779518,81.81242805226174,14,17,3.357113032625278,1.9885380767186824,4.187894400053388,2.1993563233347055,-0.6646163130202214,1.0090556479293218,9.14441346005273,16.190453016227536,5590.907,4.0,0.065086717668146,0.2144103420624745,0.2658548673292079,0.17399584259768996
B0045,4,0.8581010699478283,1.0819793880779518,79.30844888571998,13,17,3.358646172572514,1.969241613952096,4.188401226248918,2.219159612296822,-0.6509315601298676,1.007865061542852,9.074180330499932,16.44564599364816,5543.61,4.0,0.065086717668146,0.2144103420624745,0.2658548673292079,0.17399584259768996
B0045,5,0.8409352213456689,1.0819793880779518,77.72192618562926,12,17,3.3660643885240518,1.9830542841988097,4.188303916193977,2.2052496319951675,-0.6402275004489041,1.0092390728045402,9.063698357219925,16.652821920677077,5499.046,4.0,0.065086717668146,0.2144103420624745,0.2658548673292079,0.17399584259768996
B0045,6,0.8245471942901911,1.0819793880779518,76.20729224379514,11,17,3.367910347978234,1.980464521626357,4.18828020412361,2.2078156824972535,-0.6317025380405665,1.0082097757590034,9.076577071060372,16.626045153527933,5461.219,4.0,0.065086717668146,0.2144103420624745,0.2658548673292079,0.17399584259768996
B0045,7,0.7935960418803983,1.0819793880779518,73.34668761945244,10,17,3.357745333360116,1.9822192378370669,4.115223647482973,2.133004409645906,-0.6176226155232352,1.0081874076413238,9.265023738219778,16.231693733501764,5451.281,4.0,0.0649676213639743,0.2113722499969527,0.23444821096604113,0.16737567223987476
B0045,8,0.8183676087159205,1.0819793880779518,75.6361551553846,9,17,3.3696607473704705,1.9987122390470569,4.166319111887713,2.167606872840656,-0.627554191403777,1.0098943079946223,9.339350112299787,16.185673883928935,5468.062,4.0,0.065834534585151,0.2248199871981467,0.3106038052326413,0.17434102613494917
B0045,9,0.7977644276409412,1.0819793880779518,73.73194318036916,8,17,3.3747312015520436,1.97927314966301,4.188858082816243,2.2095849331532333,-0.6227956362441027,1.0088447706775023,9.308634523153344,16.52621032903044,5411.297,4.0,0.065834534585151,0.2248199871981467,0.3106038052326413,0.17434102613494917
B0045,10,0.7993777411831636,1.0819793880779518,73.88105078445099,7,17,3.381799182114607,1.9640518711887227,4.189052979187811,2.2250011079990886,-0.6164358149352739,1.008540571989902,9.254145206672922,15.196414604557985,5369.703,4.0,0.065834534585151,0.2248199871981467,0.3106038052326413,0.17434102613494917
B0045,11,0.7783107440628891,1.0819793880779518,71.93397144519497,6,17,3.385176591409285,1.9965583229383292,4.189280705297697,2.1927223823593676,-0.6124951744838439,1.0084157672653469,9.291749311540086,16.354435553014117,5327.406,4.0,0.065834534585151,0.2248199871981467,0.3106038052326413,0.17434102613494917
B0045,12,0.7803738231239117,1.0819793880779518,72.124647818863,5,17,3.3813096388474886,1.9676140964966768,4.189527524041756,2.221913427545079,-0.6120748119063896,1.0088566807748427,9.310447961834724,15.57016420519042,5299.266,4.0,0.065834534585151,0.2248199871981467,0.3106038052326413,0.17434102613494917
B0045,13,0.7713058245640294,1.0819793880779518,71.28655435240697,4,17,3.3490369985986668,1.98770164017674,4.097057578524458,2.109355938347718,-0.6158982943710155,1.0080424431902402,9.29775486780575,16.481904111846188,5367.172,4.0,0.0663305435341286,0.226688422968848,0.2593372545285238,0.17560442752772104
B0045,14,0.795279016979026,1.0819793880779518,73.50223356766291,3,17,3.3694542187312684,1.99572402940065,4.166427487441078,2.1707034580404283,-0.625377064856349,1.0087189699625896,9.245632947295453,16.686364651804713,5406.812,4.0,0.0662571640532643,0.20403871987566,0.26448451521117694,0.16822664324646167
B0045,15,0.7824128169919247,1.0819793880779518,72.31309816186214,2,17,3.3771129586319466,1.9723902186884,4.189116912804917,2.2167266941165176,-0.6180221346577055,1.010914036070883,9.21860683892004,16.527315358470222,5353.094,4.0,0.0662571640532643,0.20403871987566,0.26448451521117694,0.16822664324646167
B0045,16,0.7649414992231182,1.0819793880779518,70.69834302314894,1,17,3.382104218416538,1.976007577264544,4.189394418073402,2.213386840808858,-0.6121745879630046,1.008249683063318,9.19413015419709,16.325076195754107,5280.031,4.0,0.0662571640532643,0.20403871987566,0.26448451521117694,0.16822664324646167
B0045,17,0.7544899426779375,1.0819793880779518,69.73237669695607,0,17,3.3859954600090036,1.9786838559411903,4.189251613691141,2.210567757749951,-0.6064321892488668,1.0084247134366529,9.188267060937262,16.18780234880546,5248.593,4.0,0.0662571640532643,0.20403871987566,0.26448451521117694,0.16822664324646167
B0045,18,0.7504048978314295,1.0819793880779518,69.35482377020718,0,17,3.3830345538672018,1.9866467601774969,4.18999236240837,2.2033456022308733,-0.6063996219926951,1.007946613751651,9.211910760834266,16.54868871782283,5203.375,4.0,0.0662571640532643,0.20403871987566,0.26448451521117694,0.16822664324646167
B0045,19,0.7407258109620256,1.0819793880779518,68.46025156522295,0,17,3.37881379914347,1.9915335628511552,4.165973150657214,2.1744395878060585,-0.6022530715841198,1.0076971244709267,9.15685740939557,15.893386512216576,5166.812,4.0,0.0677762743960447,0.2253467282921095,0.3630818862900661,0.1827779213788005
B0045,20,0.7308525593793626,1.0819793880779518,67.54773403564208,0,17,3.389059266953008,1.9935644864605024,4.195641973763218,2.2020774873027156,-0.5861859230293525,1.0082380238297786,9.104538013834128,16.273556126855052,5340.281,4.0,0.0677762743960447,0.2253467282921095,0.3630818862900661,0.1827779213788005
B0045,21,0.7287255851177903,1.0819793880779518,67.3511522629199,0,17,3.3783919657677504,1.9937078109097683,4.189381114418313,2.1956733035085447,-0.6037251705699035,1.008015294958034,9.196243634400288,16.57769275391533,5103.0,4.0,0.0677762743960447,0.2253467282921095,0.3630818862900661,0.1827779213788005
B0045,22,0.7161023377036263,1.0819793880779518,66.1844713119465,0,17,3.3779346242690624,1.984098818516829,4.189726548094093,2.205627729577264,-0.6039804007945984,1.0101830059414636,9.224293881462565,16.451931737613187,5051.172,4.0,0.0677762743960447,0.2253467282921095,0.3630818862900661,0.1827779213788005
B0045,23,0.7129204834988017,1.0819793880779518,65.89039415669895,0,17,3.3727225247575885,1.9818309446595743,4.166289777836687,2.1844588331771133,-0.6017545658130975,1.0094830851519123,9.239291915944644,16.660404158556567,5027.563,4.0,0.0698056336440426,0.2313917989646665,0.41127543752953544,0.18441571125944822
B0045,24,0.7141991829499618,1.0819793880779518,66.0085756549095,0,17,3.380735960428841,1.9984963466197727,4.189756191273931,2.1912598446541582,-0.6038091172028306,1.009270147494984,9.220514425854448,16.192781213892964,4993.765,4.0,0.0698056336440426,0.2313917989646665,0.41127543752953544,0.18441571125944822
B0045,25,0.7190570819844222,1.0819793880779518,66.45755824071367,0,17,3.3889133424072204,1.9886589228929203,4.1890449974281685,2.200386074535248,-0.6004829437675547,1.0108313950708208,9.140591023627803,14.742856005940368,4962.469,4.0,0.0698056336440426,0.2313917989646665,0.41127543752953544,0.18441571125944822
B0045,26,0.7173975428775917,1.0819793880779518,66.30417832191702,0,17,3.3855430731736647,1.983664414073366,4.189274783071479,2.205610368998113,-0.6033075067931543,1.0080797400452108,9.05273466167465,14.693521549329,4907.859,4.0,0.0698056336440426,0.2313917989646665,0.41127543752953544,0.18441571125944822
B0045,27,0.7071027496463946,1.0819793880779518,65.35270056322469,0,17,3.375688256474184,1.9705703151314151,4.189518201774546,2.218947886643131,-0.6065620900458145,1.008906381541965,9.311519157220646,15.86983818237976,4888.656,4.0,0.0698056336440426,0.2313917989646665,0.41127543752953544,0.18441571125944822
B0045,28,0.703531206505542,1.0819793880779518,65.02260710856127,0,17,3.37794278508875,1.971779249329659,4.166301702021804,2.194522452692145,-0.601440239072105,1.0084556602023516,9.167853966731156,14.829662137922766,4866.25,4.0,0.0695030163003846,0.2267345841606366,0.3247647614889165,0.1814099004385237
B0045,29,0.6941108278958862,1.0819793880779518,64.15194554943578,0,17,3.373558298075209,1.9938420365930107,4.19002918934191,2.1961871527488994,-0.6098007335968902,1.00994980914745,9.287848514483294,15.906462051621896,4836.125,4.0,0.0695030163003846,0.2267345841606366,0.3247647614889165,0.1814099004385237
B0045,30,0.6914114388869608,1.0819793880779518,63.90245937265006,0,17,3.368742642573582,1.9993629637641337,4.1895524054233135,2.1901894416591796,-0.6120661413012833,1.0082413706235676,9.322184761530549,16.353770501511462,4801.485,4.0,0.0695030163003846,0.2267345841606366,0.3247647614889165,0.1814099004385237
B0045,31,0.6971551798505504,1.0819793880779518,64.4333143063834,0,17,3.3718000664169727,1.9932756058141663,4.189008492340535,2.1957328865263683,-0.6132829070943792,1.0081786693703223,9.289681276195049,15.076528277493722,4760.938,4.0,0.0695030163003846,0.2267345841606366,0.3247647614889165,0.1814099004385237
B0045,32,0.6832460217432723,1.0819793880779518,63.1477853711246,0,17,3.366360304166582,1.9801057444800891,4.189696962609597,2.209591218129508,-0.6139518980958842,1.0080303326541913,9.365909184464234,16.045850353764667,4740.907,4.0,0.0695030163003846,0.2267345841606366,0.3247647614889165,0.1814099004385237
B0045,33,0.6822029317493292,1.0819793880779518,63.05137965347076,0,17,3.342277843498783,1.9944009127947364,4.0900107068393625,2.095609794044626,-0.6004805193877815,1.0082541248682169,9.328022708662925,16.24823467681854,4914.532,4.0,0.0694793009922898,0.2233163378120357,0.3613853056857582,0.1829282616415322
B0045,34,0.7289529213213379,1.0819793880779518,67.37216340287807,0,17,3.3722684174392836,1.9913126738513705,4.166284738890519,2.174972065039148,-0.6129419979147948,1.0086099504503174,9.373114023056761,15.761879553141288,4998.656,4.0,0.0695340067217323,0.2235368973793861,0.35555600228558004,0.18088313129947559
B0045,35,0.7139321758287004,1.0819793880779518,65.98389800169325,0,17,3.357634548884028,1.9818085465777888,4.188598948796885,2.2067904022190965,-0.6242152942509949,1.0089146761829488,9.306835708093752,16.349393593197068,4890.015,4.0,0.0695340067217323,0.2235368973793861,0.35555600228558004,0.18088313129947559
B0045,36,0.6957731747455482,1.0819793880779518,64.3055849688165,0,17,3.3697954619483568,1.999993313622792,4.188722662834883,2.188729349212091,-0.6139171694764338,1.011018341220977,9.339526786032339,16.22246271510604,4842.11,4.0,0.0695340067217323,0.2235368973793861,0.35555600228558004,0.18088313129947559
B0045,37,0.7018312962317095,1.0819793880779518,64.86549595722481,0,17,3.3766733742445987,1.97465958029416,4.188679542275547,2.2140199619813865,-0.6092419901647167,1.0088132806643768,9.1327535688995,14.780023826016944,4798.281,4.0,0.0695340067217323,0.2235368973793861,0.35555600228558004,0.18088313129947559
B0045,38,0.6911808244378487,1.0819793880779518,63.88114524673849,0,17,3.356692310359256,1.978180955008712,4.1894790557667125,2.2112981007580004,-0.6214369612467493,1.0088474838548318,9.343849839453913,16.357147782799643,4739.188,4.0,0.0695340067217323,0.2235368973793861,0.35555600228558004,0.18088313129947559
B0045,39,0.6843279752855028,1.0819793880779518,63.247782982368605,0,17,3.3716599583869122,1.9845097801200728,4.165443751495042,2.1809339713749694,-0.6049628311237817,1.00822558167956,9.257582649630315,15.304013119865168,4733.156,4.0,0.0702885052840268,0.2247695414345832,0.3548072026832818,0.17989003729872888
B0045,40,0.6741394908812485,1.0819793880779518,62.306130625907976,0,17,3.358461612325261,1.9921664972023336,4.189848639216605,2.197682142014272,-0.620638817556179,1.0089040108456189,9.38425161776499,16.298057069520368,4670.61,4.0,0.0702885052840268,0.2247695414345832,0.3548072026832818,0.17989003729872888
B0045,41,0.6670070174301739,1.0819793880779518,61.64692458837479,0,17,3.3733153872943236,1.9991203083414104,4.165425573897933,2.166305265556522,-0.6013875939812509,1.008891006761111,9.144982402264807,15.088230300481198,4635.0,4.0,0.0702885052840268,0.2247695414345832,0.3548072026832818,0.17989003729872888
B0045,42,0.6804085117374855,1.0819793880779518,62.88553360948731,0,17,3.367632771675607,1.9790832878431532,4.188987638858462,2.209904351015309,-0.6146269558442435,1.0086883164534273,9.26257479341655,15.201775291002932,4615.86,4.0,0.0702885052840268,0.2247695414345832,0.3548072026832818,0.17989003729872888
B0045,43,0.6617864063235485,1.0819793880779518,61.164418991304274,0,17,3.363321307304569,1.9986367632788744,4.189580414945199,2.190943651666325,-0.6171094630530605,1.008109937595666,9.40011028670591,15.820509282900383,4580.75,4.0,0.0702885052840268,0.2247695414345832,0.3548072026832818,0.17989003729872888
B0045,44,0.6623168733492338,1.0819793880779518,61.21344645259701,0,17,3.346491714827562,1.9713723245890475,4.16611714089707,2.194744816308022,-0.6209228615247188,1.0087699262516547,9.419332811255556,15.58071439830652,4557.406,4.0,0.0726562463919995,0.2175193036547894,0.42978447541678005,0.1841576432194042
B0045,45,0.6679358357181778,1.0819793880779518,61.73276894901958,0,17,3.3599039237162853,1.98430560045228,4.188826402459722,2.2045208020074423,-0.6204303388657685,1.0089150089693268,9.207828068558017,14.525034072927795,4524.032000000007,4.0,0.0726562463919995,0.2175193036547894,0.42978447541678005,0.1841576432194042
B0045,46,0.6488990885270688,1.0819793880779518,59.97333180993264,0,17,3.349639562276425,1.9946795397137125,4.189296725569063,2.1946171858553507,-0.6244948594173985,1.0103825696902464,9.478974220669317,16.256345838594637,4502.938,4.0,0.0726562463919995,0.2175193036547894,0.42978447541678005,0.1841576432194042
B0045,47,0.6503639129625527,1.0819793880779518,60.10871557524503,0,17,3.352423027875088,1.9789936656967484,4.189791506946971,2.2107978412502227,-0.6219881914832105,1.008360553211059,9.37536325812961,15.916519503570711,4483.094,4.0,0.0726562463919995,0.2175193036547894,0.42978447541678005,0.1841576432194042
B0045,48,0.6572077690202801,1.0819793880779518,60.74124666901059,0,17,3.3563090390508155,1.9690947658783289,4.189224626327275,2.220129860448946,-0.6249048536030644,1.0094489912636213,9.348977069227304,15.322696472607957,4448.36,4.0,0.0726562463919995,0.2175193036547894,0.42978447541678005,0.1841576432194042
B0045,49,0.6363517458476216,1.0819793880779518,58.81366621762071,0,17,3.340602870094091,1.9951107736579323,4.165757111360098,2.170646337702166,-0.6235638134980177,1.0088647594062352,9.539830147989116,16.435471374813734,4440.531,4.0,0.0716877344637498,0.2494326006958125,0.4569719552925533,0.18955282803413548
B0045,50,0.6536449360948587,1.0819793880779518,60.41195824035112,0,17,3.348511229053965,1.965197509539028,4.188761935596181,2.2235644260571537,-0.627718646983615,1.0085879672096902,9.436879605277216,14.7528730574534,4416.547,4.0,0.0716877344637498,0.2494326006958125,0.4569719552925533,0.18955282803413548
B0045,51,0.6391428272150887,1.0819793880779518,59.07162689582044,0,17,3.3328844784891074,1.9820270227741767,4.188802708146619,2.206775685372442,-0.6340722598435242,1.0081206341074491,9.4879310296259,16.57328291132994,4382.937,4.0,0.0716877344637498,0.2494326006958125,0.4569719552925533,0.18955282803413548
B0045,52,0.6482206049496236,1.0819793880779518,59.910624184914894,0,17,3.3518219079975298,1.9731005832473116,4.18882331762149,2.2157227343741788,-0.626972097350462,1.012324540932804,9.300314416191522,14.528444176948046,4347.453,4.0,0.0716877344637498,0.2494326006958125,0.4569719552925533,0.18955282803413548
B0045,53,0.6287957471922729,1.0819793880779518,58.11531662440237,0,17,3.268327350028982,1.9974420919351863,4.189363830091343,2.1919217381561573,-0.7596521990041524,1.0095045117473536,10.076022301978172,15.828293567742277,3581.188,4.0,0.0716877344637498,0.2494326006958125,0.4569719552925533,0.18955282803413548
B0045,54,0.6380571850193401,1.0819793880779518,58.97128836740565,0,17,3.3368580984170784,1.9759474231215743,4.087899947377259,2.1119525242556842,-0.5857626315966499,1.0083299001575527,9.254842453288928,15.05093934814998,4746.5,4.0,0.0716378959549494,0.2435673721882546,0.4911312434197169,0.18914357782182478
B0045,55,0.6554825047832906,1.0819793880779518,60.58179222320509,0,17,3.339305489603821,1.9944210992064384,4.164689190245494,2.1702680910390555,-0.6234849422351091,1.0094473741371577,9.58411609363967,16.878888140585346,4679.156,4.0,0.0730922991159811,0.2405556600424316,0.5081540374021674,0.18997683853335373
B0045,56,0.6484934835397033,1.0819793880779518,59.93584449808227,0,17,3.339570448565296,1.972391693643957,4.1883794105875705,2.2159877169436135,-0.625755737381111,1.0100876092585305,9.566905713744635,16.752865016509336,4596.578,4.0,0.0730922991159811,0.2405556600424316,0.5081540374021674,0.18997683853335373
B0045,57,0.6454071687844921,1.0819793880779518,59.650597404725545,0,17,3.3451677206996573,1.9932621672542288,4.188367290905127,2.1951051236508983,-0.6206303941303277,1.0110407655502038,9.486246140892044,16.630725230629476,4544.641,4.0,0.0730922991159811,0.2405556600424316,0.5081540374021674,0.18997683853335373
B0045,58,0.6427008031845645,1.0819793880779518,59.400466429057396,0,17,3.3544794166161487,1.9848873247448808,4.189241965038727,2.2043546402938463,-0.6149058946531849,1.0078016297171766,9.492943245052498,15.270710849004711,4526.938,4.0,0.0730922991159811,0.2405556600424316,0.5081540374021674,0.18997683853335373
B0045,59,0.6352454880802477,1.0819793880779518,58.711422332056586,0,17,3.3411905698302573,1.9683654551310577,4.189229122156955,2.220863667025897,-0.6208754134190153,1.0081100082305772,9.621291466671476,16.438070093673065,4487.438,4.0,0.0730922991159811,0.2405556600424316,0.5081540374021674,0.18997683853335373
B0045,60,0.6156760019587869,1.0819793880779518,56.90274775497204,0,17,3.3372444928972818,1.9924043536128275,4.106243161598799,2.113838807985972,-0.5953707956325988,1.009973121232977,9.480811280043975,15.659914658719188,4513.312,4.0,0.0719619701337601,0.2371062702958198,0.4100872202179354,0.1828506218310978
B0045,61,0.6170833682807023,1.0819793880779518,57.03282105742334,0,17,3.3510332188429146,1.9776141524479487,4.132596928052376,2.1549827756044273,-0.5897510821772117,1.0110530492189724,9.448949676434,15.265721279585906,4568.438,4.0,0.0733904425683212,0.2523682559402184,0.4967378896992675,0.19098265594841418
B0045,62,0.6434227390858672,1.0819793880779518,59.46719005699871,0,17,3.3573066817086326,1.996982635601323,4.18912672162077,2.1921440860194474,-0.612901822920554,1.0077262022738762,9.522656892771677,15.459947276103474,4499.656,4.0,0.0733904425683212,0.2523682559402184,0.4967378896992675,0.19098265594841418
B0045,63,0.6278124433742752,1.0819793880779518,58.02443653658993,0,17,3.3367004271481884,1.9822999400765693,4.18937088770508,2.207070947628511,-0.6232202673264151,1.0088787623235531,9.570096566546104,16.472719613709117,4430.984,4.0,0.0733904425683212,0.2523682559402184,0.4967378896992675,0.19098265594841418
B0045,64,0.6290078315253372,1.0819793880779518,58.13491813764755,0,17,3.3507625069372007,1.9703495135592828,4.189359078886884,2.2190095653276014,-0.6137007803105949,1.0075105897625538,9.488568418373822,15.321947787344948,4411.141,4.0,0.0733904425683212,0.2523682559402184,0.4967378896992675,0.19098265594841418
B0045,65,0.6266355568292261,1.0819793880779518,57.91566491320995,0,17,3.3452602996349197,1.980504790064301,4.107093365455889,2.1265885753915885,-0.5721341781091527,1.0068312874472778,9.378195494421618,15.469187485474004,4883.312,4.0,0.0739103213992939,0.2501676896592772,0.4858442625303358,0.19509199952080164
B0045,66,0.6495813516716594,1.0819793880779518,60.03638875464973,0,17,3.3478192813331984,1.9754246490329652,4.165486716481237,2.190062067448271,-0.6067408181545574,1.0077613985685372,9.495184531517388,15.90915813248566,4663.907,4.0,0.0730330884492115,0.233874591829985,0.4200007750265973,0.18631337347708932
B0045,67,0.6337485177966306,1.0819793880779518,58.57306754451517,0,17,3.3500352436555985,1.9843068510361204,4.189250217496488,2.2049433664603675,-0.6091205801279866,1.007878767792016,9.474914433741436,16.128312311530546,4581.328,4.0,0.0730330884492115,0.233874591829985,0.4200007750265973,0.18631337347708932
B0045,68,0.6298550929085645,1.0819793880779518,58.213224747973314,0,17,3.3590566596536764,1.9881721268958945,4.189075663187289,2.2009035362913947,-0.5996804433722752,1.0110523170001116,9.411639640493867,15.803292200329722,4553.031,4.0,0.0730330884492115,0.233874591829985,0.4200007750265973,0.18631337347708932
B0045,69,0.6183063778386736,1.0819793880779518,57.1458555173629,0,17,3.3495911750877263,1.9809529177782503,4.189728966453982,2.208776048675732,-0.6062605227298314,1.009350303830025,9.476832839675836,15.46350630780127,4486.5,4.0,0.0730330884492115,0.233874591829985,0.4200007750265973,0.18631337347708932
B0045,70,0.6069476168507777,1.0819793880779518,56.09604245132347,0,17,3.3462597198775272,1.9697892783360584,4.189240671585531,2.2194513932494724,-0.6055249640579493,1.0077970558442526,9.49822266009937,16.26952559815265,4450.625,4.0,0.0730330884492115,0.233874591829985,0.4200007750265973,0.18631337347708932
B0048,1,1.6579955793677608,1.6579955793677608,100.0,51,52,3.4658606296374312,2.6876065414465464,4.223690952621402,1.5360844111748553,-0.9275960004271296,1.000740182998641,7.9114909421254485,10.85194413164328,6436.141,4.0,0.07486242670723,0.2118441290131373,0.01383615478056957,0.17429739819035028
B0048,2,1.5076933476098775,1.6579955793677608,90.93470250293444,50,52,3.4593246298099665,2.6835427959445024,4.161851896835355,1.4783091008908524,-0.95963764625613,1.0008913420360177,7.958927971485882,10.829468947828506,5650.265,4.0,0.07486242670723,0.2118441290131373,0.01383615478056957,0.17429739819035028
B0048,3,1.4989223343608031,1.6579955793677608,90.40568943690329,49,52,3.4552294701778714,2.6769979855651798,4.175466417206107,1.4984684316409274,-0.9640819411783536,1.00468755228754,7.708927821830712,11.053444137693344,5590.907,4.0,0.07486242670723,0.2118441290131373,0.01383615478056957,0.17429739819035028
B0048,4,1.4782919502497789,1.6579955793677608,89.16139274710805,48,52,3.4575807060974952,2.6934384147921957,4.174693750587349,1.4812553357951534,-0.9590403279797144,1.0003370114328405,7.711890755969547,10.582379295049948,5543.61,4.0,0.07486242670723,0.2118441290131373,0.01383615478056957,0.17429739819035028
B0048,5,1.461856891390611,1.6579955793677608,88.17013203063286,47,52,3.4576403855897397,2.6967591738883163,4.174741021763634,1.4779818478753173,-0.9561581387967848,1.0024109953994933,7.733691649876036,10.227762694291696,5499.046,4.0,0.07486242670723,0.2118441290131373,0.01383615478056957,0.17429739819035028
B0048,6,1.4509592706473475,1.6579955793677608,87.51285520318686,46,52,3.4540569996464043,2.6855475478766424,4.174511213058054,1.4889636651814113,-0.95562492940014,1.0007359400857092,7.713793706750157,10.448166696977866,5461.219,4.0,0.07486242670723,0.2118441290131373,0.01383615478056957,0.17429739819035028
B0048,7,1.451746997147108,1.6579955793677608,87.56036597520355,45,52,3.436367401137892,2.691750203742161,4.14121689573938,1.4494666919972188,-0.9577937939731281,1.002031773364646,7.8513931260036465,11.087645565750543,5451.281,4.0,0.0748964391390291,0.1979882209085581,0.02904635314912871,0.1695644335989667
B0048,8,1.444392866287476,1.6579955793677608,87.1168104584611,44,52,3.4466304878843594,2.689384375743919,4.158004815622747,1.468620439878828,-0.9502347980955429,1.0007316751284792,7.905320525605018,10.331525897326843,5468.062,4.0,0.0757692694613932,0.2089565660584671,0.002927868644651777,0.179099748671961
B0048,9,1.432738323965376,1.6579955793677608,86.41388082058207,43,52,3.4469353939775913,2.6855540838129546,4.173957792716822,1.488403708903867,-0.95236200437101,1.0005511265640192,7.847675607740912,10.695473118282326,5411.297,4.0,0.0757692694613932,0.2089565660584671,0.002927868644651777,0.179099748671961
B0048,10,1.417241201438662,1.6579955793677608,85.47919060068271,42,52,3.4438356242957933,2.689152622424136,4.173757067290182,1.4846044448660454,-0.9494102232020358,0.99971357088635,7.926506175979814,10.588614300598088,5369.703,4.0,0.0757692694613932,0.2089565660584671,0.002927868644651777,0.179099748671961
B0048,11,1.4057559944573452,1.6579955793677608,84.78647421927377,41,52,3.4417182002819104,2.678956108681276,4.172904801080625,1.493948692399349,-0.9492095088363941,1.0019089598735609,7.937097401174621,10.7107611721746,5327.406,4.0,0.0757692694613932,0.2089565660584671,0.002927868644651777,0.179099748671961
B0048,12,1.3902706269897065,1.6579955793677608,83.85249299155882,40,52,3.439456123966976,2.688287422782237,4.173032965850683,1.484745543068446,-0.9438502376761829,1.0010368726226484,7.9661274485105595,10.52686289722462,5299.266,4.0,0.0757692694613932,0.2089565660584671,0.002927868644651777,0.179099748671961
B0048,13,1.4196659307880326,1.6579955793677608,85.62543522156977,39,52,3.4300387550398135,2.680621623320638,4.133304141515335,1.4526825181946972,-0.9514090951270098,1.0014340929938248,7.886742523689043,10.680714357791624,5367.172,4.0,0.0753322025051574,0.1951976925684672,0.04136315580938764,0.16930912050138425
B0048,14,1.4190563985232272,1.6579955793677608,85.58867201952084,38,52,3.442487347026378,2.693587841641054,4.156655311996452,1.4630674703553983,-0.9441558237541219,0.9997588632259335,7.810373532807223,10.479304841863389,5406.812,4.0,0.0764147145889461,0.1947071183478171,0.02117313924633764,0.17224648758461467
B0048,15,1.404272356704056,1.6579955793677608,84.69699040087572,37,52,3.4434500367152183,2.6905447145318244,4.172913024979518,1.482368310447694,-0.943749133811343,0.9998144854501804,7.869709498966687,10.378581035006627,5353.094,4.0,0.0764147145889461,0.1947071183478171,0.02117313924633764,0.17224648758461467
B0048,16,1.3916140490958342,1.6579955793677608,83.93351987262203,36,52,3.4369770767738053,2.6889512479861937,4.172334722190024,1.4833834742038308,-0.948030574788209,1.00055829140422,7.873285917762758,10.851484720266557,5280.031,4.0,0.0764147145889461,0.1947071183478171,0.02117313924633764,0.17224648758461467
B0048,17,1.3749618350294734,1.6579955793677608,82.92916170221541,35,52,3.4351167375068576,2.6767423992621824,4.171533861821569,1.4947914625593866,-0.9424402883201639,1.000296719098956,7.888295790156799,10.70498211965856,5248.593,4.0,0.0764147145889461,0.1947071183478171,0.02117313924633764,0.17224648758461467
B0048,18,1.3545155713071164,1.6579955793677608,81.69597001118846,34,52,3.4352880614818906,2.692752260117709,4.172113180559959,1.4793609204422502,-0.936561624298611,0.9998388108585378,7.90514873318139,10.26828159930382,5203.375,4.0,0.0764147145889461,0.1947071183478171,0.02117313924633764,0.17224648758461467
B0048,19,1.3440223073315984,1.6579955793677608,81.06308147360146,33,52,3.426473499744202,2.69610071870072,4.152547964911409,1.4564472462106886,-0.9359740520534714,0.9997539612146188,7.9278743808781424,10.42028909453994,5166.812,4.0,0.0769489678768179,0.2163753560854461,0.02570531336576587,0.17725115035407907
B0048,20,1.372384475860572,1.6579955793677608,82.7737113981872,32,52,3.4231723044699156,2.6813752744142234,4.176821150785954,1.4954458763717304,-0.9249433480673207,0.9998450687021054,7.950376644939932,11.025933551300648,5340.281,4.0,0.0769489678768179,0.2163753560854461,0.02570531336576587,0.17725115035407907
B0048,21,1.318410575267441,1.6579955793677608,79.51834080101634,31,52,3.428797713311107,2.6946752970811247,4.171686901258687,1.4770116041775618,-0.9296783941589581,1.0005731202327626,7.891054732187375,10.196289899952207,5103.0,4.0,0.0769489678768179,0.2163753560854461,0.02570531336576587,0.17725115035407907
B0048,22,1.3112727599578604,1.6579955793677608,79.08783209529936,30,52,3.4246615589655973,2.6954700046169733,4.172000465131976,1.476530460515003,-0.9340469067277114,1.0035187304131965,7.911933312913009,10.67776116366158,5051.172,4.0,0.0769489678768179,0.2163753560854461,0.02570531336576587,0.17725115035407907
B0048,23,1.2970172419001187,1.6579955793677608,78.22802774870527,29,52,3.420260120001828,2.696945913635699,4.151092092342163,1.4541461787064636,-0.9282929869770825,1.0002204688393834,7.9731250548171255,10.197605675555666,5027.563,4.0,0.0812010538637714,0.2112378461682464,0.0765953756259121,0.18787504413171982
B0048,24,1.2995219526631718,1.6579955793677608,78.3790963519164,28,52,3.4176468335228454,2.678219557836974,4.171107672675929,1.4928881148389554,-0.9361639727698597,1.00063095764688,7.988820643678426,10.817583822184044,4993.765,4.0,0.0812010538637714,0.2112378461682464,0.0765953756259121,0.18787504413171982
B0048,25,1.2826154066729571,1.6579955793677608,77.35939845883387,27,52,3.4172601086559014,2.6929901554909765,4.170406220123355,1.4774160646323784,-0.9299928998106647,1.0004747296268892,7.990220402102304,10.516072793190034,4962.469,4.0,0.0812010538637714,0.2112378461682464,0.0765953756259121,0.18787504413171982
B0048,26,1.2752890152407,1.6579955793677608,76.91751601213574,26,52,3.4115448650857543,2.684969781882089,4.169460748536267,1.4844909666541777,-0.934806579329965,1.006586673096361,7.882690956878554,10.549697060839051,4907.859,4.0,0.0812010538637714,0.2112378461682464,0.0765953756259121,0.18787504413171982
B0048,27,1.2735572473264072,1.6579955793677608,76.81306652289445,25,52,3.4065891490442124,2.6836073579697186,4.170165006607723,1.4865576486380045,-0.9370645194852636,1.0026150245180556,8.054682377673142,11.262651366620426,4888.656,4.0,0.0812010538637714,0.2112378461682464,0.0765953756259121,0.18787504413171982
B0048,28,1.2594114333938535,1.6579955793677608,75.9598788480547,24,52,3.404850768576602,2.6880496504528555,4.148906074950599,1.4608564244977433,-0.9310772172053213,1.0001495156365343,7.989516678064296,10.67022537319244,4866.25,4.0,0.078869566389857,0.2137082907420026,0.022396840837352636,0.18040057359964742
B0048,29,1.2631632585495876,1.6579955793677608,76.18616564896189,23,52,3.4037388246513496,2.6866245843324728,4.170272562112315,1.483647977779842,-0.9394586031577282,1.000662603416492,8.031961049301984,11.290252755528313,4836.125,4.0,0.078869566389857,0.2137082907420026,0.022396840837352636,0.18040057359964742
B0048,30,1.2491717310136363,1.6579955793677608,75.3422835717077,22,52,3.4068285577090975,2.698617918096401,4.170271899546104,1.4716539814497027,-0.9358379166065879,1.001004029933717,8.043229181254354,10.973350060572036,4801.485,4.0,0.078869566389857,0.2137082907420026,0.022396840837352636,0.18040057359964742
B0048,31,1.233984347835307,1.6579955793677608,74.4262749063456,21,52,3.4086789774100317,2.699107325579607,4.169452174938924,1.4703448493593174,-0.9322392887454545,1.0009807316550958,8.03181115051043,10.3391489283262,4760.938,4.0,0.078869566389857,0.2137082907420026,0.022396840837352636,0.18040057359964742
B0048,32,1.240031992028868,1.6579955793677608,74.79103125846248,20,52,3.3973450050321667,2.6835548325192,4.170146996930818,1.486592164411618,-0.9406998132859437,1.0015794381065346,8.097013437245893,11.22843469416495,4740.907,4.0,0.078869566389857,0.2137082907420026,0.022396840837352636,0.18040057359964742
B0048,33,1.30370857198071,1.6579955793677608,78.63160723732749,19,52,3.3993392010348766,2.681569834191177,4.12494331073437,1.4433734765431927,-0.9537093572867028,1.000338666801855,8.022533123805395,11.142187018109254,4914.532,4.0,0.0799826707857191,0.2047737934078979,0.021266436429952296,0.18368666513535328
B0048,34,1.315055963470538,1.6579955793677608,79.31601144389089,18,52,3.4116534333763227,2.683679055503892,4.151287967783268,1.4676089122793758,-0.9460022622334843,1.0008223865758237,8.108172025448226,11.266783334689707,4998.656,4.0,0.0788327823664273,0.2102307097728051,0.023523121902910088,0.18180949971883226
B0048,35,1.2888738300982074,1.6579955793677608,77.73686770562382,17,52,3.417645007960136,2.682654869893668,4.170265534323388,1.4876106644297198,-0.9477332619889278,1.0014803549820417,7.8977220071348055,10.42585253276335,4890.015,4.0,0.0788327823664273,0.2102307097728051,0.023523121902910088,0.18180949971883226
B0048,36,1.2877137595885193,1.6579955793677608,77.66689945455462,16,52,3.4079105797438367,2.682384467590376,4.170979556153871,1.4885950885634953,-0.955996398502354,1.0011333619216,8.04149350152151,11.216029100406416,4842.11,4.0,0.0788327823664273,0.2102307097728051,0.023523121902910088,0.18180949971883226
B0048,37,1.2673379985315465,1.6579955793677608,76.4379600466014,15,52,3.407164499269471,2.686240486840372,4.169424514471797,1.4831840276314248,-0.9495988780290303,1.0008607894638553,7.954120438181095,10.782099455149345,4798.281,4.0,0.0788327823664273,0.2102307097728051,0.023523121902910088,0.18180949971883226
B0048,38,1.250594345697306,1.6579955793677608,75.42808685739632,14,52,3.411264697940678,2.6969281633328235,4.170624380836064,1.4736962175032406,-0.9487217927497306,1.000768040220572,7.997450587692992,10.321202935071105,4739.188,4.0,0.0788327823664273,0.2102307097728051,0.023523121902910088,0.18180949971883226
B0048,39,1.2487131179395878,1.6579955793677608,75.31462287829238,13,52,3.399055092260418,2.697244348677796,4.149740744130536,1.4524963954527403,-0.9484783034454789,1.00042503459904,8.033089769228212,10.97070399517944,4733.156,4.0,0.0786066163448657,0.2154982225647067,0.06252607945269875,0.18161095207044634
B0048,40,1.248002326082933,1.6579955793677608,75.27175232631383,12,52,3.397998613644679,2.682663772646134,4.170538290499679,1.487874517853545,-0.960288282497019,1.0015325180388504,8.032822875095608,11.121182366824469,4670.61,4.0,0.0786066163448657,0.2154982225647067,0.06252607945269875,0.18161095207044634
B0048,41,1.2300895244599586,1.6579955793677608,74.19136334060828,11,52,3.3968749308721438,2.6897565950033164,4.170102316006519,1.4803457210032023,-0.9538841832821683,1.0062480227973458,7.971994643634386,10.805368665446066,4635.0,4.0,0.0786066163448657,0.2154982225647067,0.06252607945269875,0.18161095207044634
B0048,42,1.2244197121500937,1.6579955793677608,73.84939546201917,10,52,3.3949285391136215,2.6851150517360427,4.169002458595089,1.4838874068590462,-0.9534653843148169,1.000237361904988,7.985840586212385,10.90427632418744,4615.86,4.0,0.0786066163448657,0.2154982225647067,0.06252607945269875,0.18161095207044634
B0048,43,1.2186682845116386,1.6579955793677608,73.50250505350263,9,52,3.3923053503439844,2.691698678764574,4.169722967056448,1.4780242882918744,-0.9561814714709561,1.0009932577793423,8.055923800450703,11.177549576040898,4580.75,4.0,0.0786066163448657,0.2154982225647067,0.06252607945269875,0.18161095207044634
B0048,44,1.2037865236033616,1.6579955793677608,72.60492962607286,8,52,3.393507466288284,2.688395997689043,4.147796072295514,1.4594000746064713,-0.949495711589349,1.0006542561971037,7.982156595851859,10.375532122783676,4557.406,4.0,0.0792768393252681,0.2195434787289041,0.06859267935709681,0.18499130133125438
B0048,45,1.1947642300832226,1.6579955793677608,72.06076089411644,7,52,3.397997936501643,2.696650926823416,4.16937546220786,1.4727245353844443,-0.9491950189128958,1.0009626594711905,7.842796481143621,10.314092555911314,4524.032000000007,4.0,0.0792768393252681,0.2195434787289041,0.06859267935709681,0.18499130133125438
B0048,46,1.2052091893871495,1.6579955793677608,72.69073599380337,6,52,3.3882925257712984,2.6969697387700067,4.170164354666364,1.473194615896357,-0.9617018565505489,1.0010181767758786,8.079939832789865,11.367431862943256,4502.938,4.0,0.0792768393252681,0.2195434787289041,0.06859267935709681,0.18499130133125438
B0048,47,1.1955746593628465,1.6579955793677608,72.10964095686865,5,52,3.3877256181336417,2.6967087456075824,4.169926901474105,1.473218155866523,-0.9582791920312705,1.0003688126988763,8.064765751727984,11.06954549641082,4483.094,4.0,0.0792768393252681,0.2195434787289041,0.06859267935709681,0.18499130133125438
B0048,48,1.1888497102149884,1.6579955793677608,71.70403377482644,4,52,3.3892443793813447,2.6919470298999477,4.169479557902343,1.4775325280023952,-0.9604573336465301,1.000126079444024,8.047690080561159,10.977331626368253,4448.36,4.0,0.0792768393252681,0.2195434787289041,0.06859267935709681,0.18499130133125438
B0048,49,1.1915605250807406,1.6579955793677608,71.8675332979546,3,52,3.379247569665043,2.686563173222129,4.1466990810536295,1.4601359078315004,-0.964049565042912,1.0021900619093496,8.077528255423264,11.25041370680882,4440.531,4.0,0.0806396651057525,0.2364909564116417,0.10179135503201434,0.19347401458502364
B0048,50,1.1726587153109655,1.6579955793677608,70.72749348090134,2,52,3.3916390352444328,2.696173744376241,4.168333177873153,1.4721594334969121,-0.954156405475968,1.0003664269909844,7.993540199499143,10.261913330935936,4416.547,4.0,0.0806396651057525,0.2364909564116417,0.10179135503201434,0.19347401458502364
B0048,51,1.1841133872494156,1.6579955793677608,71.41836817809553,1,52,3.3795641863547807,2.687805922420921,4.1690272272079385,1.4812213047870175,-0.9703946548779708,1.0012571198673526,7.973181959906695,11.209451387068038,4382.937,4.0,0.0806396651057525,0.2364909564116417,0.10179135503201434,0.19347401458502364
B0048,52,1.1576825122317769,1.6579955793677608,69.82422188804827,0,52,3.3905357196785717,2.6954427225266566,4.169215137661718,1.4737724151350613,-0.9568118198331175,1.0018658991684293,7.915947250994455,10.39465598668322,4347.453,4.0,0.0806396651057525,0.2364909564116417,0.10179135503201434,0.19347401458502364
B0048,53,1.259355851168598,1.6579955793677608,75.95652647329885,0,52,3.3909861606032004,2.6861121256233056,4.135364610542779,1.4492524849194734,-0.9536560997964092,1.0023792621826997,7.938268366482139,10.71880829888557,4746.5,4.0,0.0790627076320204,0.2339661720435051,0.10224891667914843,0.1914243688595312
B0048,54,1.265883375278026,1.6579955793677608,76.35022620269845,0,52,3.3970417211274984,2.6816961536149058,4.1506494675081695,1.4689533138932638,-0.9718532283937391,1.000168699926821,8.024531067354474,11.267543040114028,4679.156,4.0,0.0803691215820104,0.2302661311627608,0.10514939356179026,0.19182843481010017
B0048,55,1.247259867318412,1.6579955793677608,75.22697182305073,0,52,3.4053897793262036,2.6935260886313634,4.170594556050919,1.477068467419556,-0.9745908346175696,1.0029269600514006,8.026701986317695,10.977215485451683,4596.578,4.0,0.0803691215820104,0.2302661311627608,0.10514939356179026,0.19182843481010017
B0048,56,1.232808747256218,1.6579955793677608,74.3553699779056,0,52,3.4044637089502996,2.6819098951639786,4.170902199360611,1.488992304196632,-0.9743182693533817,1.0009156470599612,8.083086131954136,10.698980931953203,4544.641,4.0,0.0803691215820104,0.2302661311627608,0.10514939356179026,0.19182843481010017
B0048,57,1.2319592783041904,1.6579955793677608,74.3041352844843,0,52,3.40066115678775,2.6836569825858465,4.1707733769162845,1.487116394330438,-0.9773202136961056,1.0001085078242802,8.282945581406354,11.200778779435032,4526.938,4.0,0.0803691215820104,0.2302661311627608,0.10514939356179026,0.19182843481010017
B0048,58,1.220785786262778,1.6579955793677608,73.63021961302799,0,52,3.399557901522936,2.686405541586876,4.170606882649154,1.484201341062278,-0.9769934301900784,0.9997514170880324,8.296254318972048,11.067122162658642,4487.438,4.0,0.0803691215820104,0.2302661311627608,0.10514939356179026,0.19182843481010017
B0048,59,1.2275441303266783,1.6579955793677608,74.03784096907994,0,52,3.3869933616946555,2.685608364298082,4.128047138171167,1.4424387738730853,-0.9767440428637847,1.0014756423920743,8.280354632475289,11.217197558663642,4513.312,4.0,0.0787772881088217,0.2372169286680659,0.05116077226201091,0.19044359641854958
B0048,60,1.2386788414290355,1.6579955793677608,74.70941761505647,0,52,3.3947531020283486,2.685972991906515,4.150268203613492,1.4642952117069767,-0.9738169504529767,1.0292876659492052,8.346898191755683,11.59325762914515,4568.438,4.0,0.0799177529548652,0.2320164334146056,0.07092076115511689,0.1890990326918595
B0048,61,1.2283577755407058,1.6579955793677608,74.08691499702988,0,52,3.3979955411966936,2.689198249643033,4.1705243721131415,1.4813261224701084,-0.9802233649908892,1.0011525386558742,8.337878264565942,11.534047303435644,4499.656,4.0,0.0799177529548652,0.2320164334146056,0.07092076115511689,0.1890990326918595
B0048,62,1.2095481507570451,1.6579955793677608,72.95243520602625,0,52,3.399587991995103,2.6983204775942364,4.170294880009359,1.4719744024151225,-0.9801797978590467,0.9994560675644152,8.259622932500356,10.92572543982624,4430.984,4.0,0.0799177529548652,0.2320164334146056,0.07092076115511689,0.1890990326918595
B0048,63,1.2082142070681048,1.6579955793677608,72.87198000424283,0,52,3.395118621843109,2.693240203211685,4.170568686817898,1.4773284836062128,-0.9833769221524863,1.0001444836054942,8.290496900072908,11.346378697595553,4411.141,4.0,0.0799177529548652,0.2320164334146056,0.07092076115511689,0.1890990326918595
B0048,64,1.2998734542832149,1.6579955793677608,78.40029674740703,0,52,3.402660754515897,2.6866110987705887,4.152589435404936,1.4659783366343473,-0.9565798060844432,0.9998506480954517,8.321321846834685,11.439171740202124,4883.312,4.0,0.0816525770705254,0.2331287026955529,0.1371071089995599,0.19352251476525928
B0048,65,1.2691220651743778,1.6579955793677608,76.54556387046152,0,52,3.409317486730915,2.699083135691788,4.151970239591361,1.4528871038995734,-0.9772401913298513,1.0004944197478995,8.23807744072398,11.147240167890732,4663.907,4.0,0.0800508246084786,0.2193824296361437,0.04925224507971224,0.18383635675955518
B0048,66,1.2555144634690785,1.6579955793677608,75.7248378157824,0,52,3.4133709426845633,2.6907134698484554,4.170962379739071,1.4802489098906153,-0.9839943201059,1.0008604029243209,8.189029507624946,10.831285577855546,4581.328,4.0,0.0800508246084786,0.2193824296361437,0.04925224507971224,0.18383635675955518
B0048,67,1.2519876926897655,1.6579955793677608,75.512124897654,0,52,3.4068009615962724,2.684500860538322,4.171135033653532,1.4866341731152102,-0.9871874196801942,1.0019448914018847,8.234868029314756,11.236293148641268,4553.031,4.0,0.0800508246084786,0.2193824296361437,0.04925224507971224,0.18383635675955518
B0048,68,1.2374982003019996,1.6579955793677608,74.63820867205759,0,52,3.4061690632747035,2.687835669252526,4.170873392468351,1.4830377232158254,-0.9901111158822024,1.0012709000931328,8.238279702155017,11.08616967823061,4486.5,4.0,0.0800508246084786,0.2193824296361437,0.04925224507971224,0.18383635675955518
B0048,69,1.2231273969878986,1.6579955793677608,73.77145103452632,0,52,3.406745720524415,2.690437364566134,4.170920111392399,1.4804827468262651,-0.9865545525457216,1.0011831011426036,8.219372551773532,10.751912617606896,4450.625,4.0,0.0800508246084786,0.2193824296361437,0.04925224507971224,0.18383635675955518
B0046,1,1.7282392323598248,1.7282392323598248,100.0,40,41,3.4409645322869102,2.1792997733612083,4.23781853684158,2.0585187634803717,-1.0031661082518326,1.01435518394686,9.035891964302168,13.880080551261509,6436.141,4.0,0.077175902940998,0.1826685711923537,0.03185593268773462,0.1618704234965255
B0046,2,1.5161488467923143,1.7282392323598248,87.72794983493625,39,41,3.4252545586780085,2.1744736968146285,4.162338775528476,1.9878650787138477,-1.0024459582241103,1.0149368694391114,8.872109574065124,12.941526372487642,5650.265,4.0,0.077175902940998,0.1826685711923537,0.03185593268773462,0.1618704234965255
B0046,3,1.503121190703977,1.7282392323598248,86.9741389131376,38,41,3.425904453303529,2.195666899317151,4.180873304847234,1.9852064055300827,-1.0023572232862559,1.014076992350372,8.6284456728549,13.359691095670462,5590.907,4.0,0.077175902940998,0.1826685711923537,0.03185593268773462,0.1618704234965255
B0046,4,1.48586566102824,1.7282392323598248,85.97569324932893,37,41,3.423608435843718,2.1796283675041006,4.182266567788393,2.002638200284292,-1.0022919216677797,1.0139326738131618,8.63136091760955,12.683911154117247,5543.61,4.0,0.077175902940998,0.1826685711923537,0.03185593268773462,0.1618704234965255
B0046,5,1.4694562316392716,1.7282392323598248,85.02620494460146,36,41,3.4211455348547464,2.1952581561866973,4.180656549578995,1.9853983933922974,-1.0022939530561292,1.0141216340191552,8.67696820980418,13.065399804685724,5499.046,4.0,0.077175902940998,0.1826685711923537,0.03185593268773462,0.1618704234965255
B0046,6,1.458955459264481,1.7282392323598248,84.41860547699463,35,41,3.418211640329191,2.1940346005371705,4.180899052149243,1.9868644516120728,-1.0024377453810243,1.0146327995843631,8.714755394110101,12.802479603911388,5461.219,4.0,0.077175902940998,0.1826685711923537,0.03185593268773462,0.1618704234965255
B0046,7,1.4556853555098297,1.7282392323598248,84.22938955749567,34,41,3.3913871477101263,2.1978529182010296,4.121126965024616,1.9232740468235865,-1.0021665244093547,1.0146720016504305,8.941517894800649,13.585554405586658,5451.281,4.0,0.0762345368159367,0.1898419331801752,0.03629107810785179,0.16387842719855533
B0046,8,1.456232262380321,1.7282392323598248,84.26103487952349,33,41,3.405195390316552,2.190965071547283,4.158094572470294,1.9671295009230105,-1.002235007588667,1.0150359928774078,8.956808204433374,13.94301293338268,5468.062,4.0,0.0755920911689693,0.1883024240199668,0.02712973579026931,0.16169642535606668
B0046,9,1.4440592236675138,1.7282392323598248,83.55667413565902,32,41,3.4089875975783017,2.1866396618663058,4.180141305155931,1.9935016432896249,-1.0021923537852624,1.0152062278681104,8.857079944726477,13.134169173843691,5411.297,4.0,0.0755920911689693,0.1883024240199668,0.02712973579026931,0.16169642535606668
B0046,10,1.428294264765868,1.7282392323598248,82.64447641404387,31,41,3.405344636824463,2.183328288428697,4.179370029585307,1.9960417411566103,-1.002036442615774,1.0155359732475864,8.951187295260016,14.086951683642924,5369.703,4.0,0.0755920911689693,0.1883024240199668,0.02712973579026931,0.16169642535606668
B0046,11,1.4199848948034668,1.7282392323598248,82.1636766609301,30,41,3.4032461605763142,2.169516718963703,4.178701514525068,2.009184795561365,-1.0019449254309927,1.0142040713603584,8.966158040889411,13.314723048488911,5327.406,4.0,0.0755920911689693,0.1883024240199668,0.02712973579026931,0.16169642535606668
B0046,12,1.4043226018516568,1.7282392323598248,81.2574194334267,29,41,3.3967709514446076,2.1506636217123933,4.178686122362143,2.02802250064975,-1.0019368953910395,1.0140802271588931,8.972930848723113,14.173291675329546,5299.266,4.0,0.0755920911689693,0.1883024240199668,0.02712973579026931,0.16169642535606668
B0046,13,1.4234351301615986,1.7282392323598248,82.36331542005146,28,41,3.3721964614287634,2.1813781395662764,4.104216707532647,1.9228385679663704,-1.0020744940471753,1.0152535112311678,9.032800036514974,13.959348125513564,5367.172,4.0,0.0772040742559414,0.1913575398197564,0.06882157938662625,0.16381392597420955
B0046,14,1.4339948857967295,1.7282392323598248,82.97432779828061,27,41,3.3962096829403037,2.197114951660172,4.155511867054,1.9583969153938279,-1.0019365649129635,1.0150882170381768,8.8666091485246,13.523198161538613,5406.812,4.0,0.0756378669447184,0.1940160078300875,0.05709379108029975,0.1638538311870465
B0046,15,1.4185177047756572,1.7282392323598248,82.0787815838865,26,41,3.3989726713804767,2.157995006136477,4.17891702072451,2.020922014588033,-1.0017349404979956,1.0138597436043135,8.91721938287038,13.750234723504356,5353.094,4.0,0.0756378669447184,0.1940160078300875,0.05709379108029975,0.1638538311870465
B0046,16,1.4056313337829422,1.7282392323598248,81.33314575110198,25,41,3.39769311615204,2.198419108542039,4.178285871350945,1.9798667628089062,-1.001588196535767,1.0144360732666853,8.923958703020183,13.400973711086476,5280.031,4.0,0.0756378669447184,0.1940160078300875,0.05709379108029975,0.1638538311870465
B0046,17,1.3890214025155618,1.7282392323598248,80.37205593457811,24,41,3.3923860221630204,2.151164339585934,4.178074763829319,2.0269104242433853,-1.0016469274447983,1.014261294595994,8.991317663963024,13.648707282364962,5248.593,4.0,0.0756378669447184,0.1940160078300875,0.05709379108029975,0.1638538311870465
B0046,18,1.3723339082737365,1.7282392323598248,79.40647814133249,23,41,3.387564802409393,2.152208745567858,4.177918597629585,2.025709852061727,-1.0017210974492488,1.014489076885478,9.016720196858456,13.959820884900516,5203.375,4.0,0.0756378669447184,0.1940160078300875,0.05709379108029975,0.1638538311870465
B0046,19,1.3615778905990563,1.7282392323598248,78.78410957838801,22,41,3.3755889260430436,2.165968185309718,4.151019587024004,1.9850514017142862,-1.0015714385037338,1.0134987135278009,8.999593683204713,14.349640095291218,5166.812,4.0,0.0777141187377075,0.1868197628729856,0.049866747096639095,0.16269342835491252
B0046,20,1.4100282016237429,1.7282392323598248,81.58755889937873,21,41,3.3771442240108183,2.199378116446157,4.178852366259435,1.9794742498132782,-1.0017131896387048,1.013723806647551,9.073580268946476,13.720010432160604,5340.281,4.0,0.0777141187377075,0.1868197628729856,0.049866747096639095,0.16269342835491252
B0046,21,1.3395671374926488,1.7282392323598248,77.51051546628393,20,41,3.3739069772216053,2.1709534591124666,4.177296277706522,2.0063428185940553,-1.0014759387718013,1.0133151573794763,9.035703497783533,14.214578668306734,5103.0,4.0,0.0777141187377075,0.1868197628729856,0.049866747096639095,0.16269342835491252
B0046,22,1.3291515487117478,1.7282392323598248,76.90784492242184,19,41,3.3730377771688125,2.1705625280743464,4.176859724330072,2.0062971962557254,-1.001751590105337,1.0145892320656984,9.0428494070086,13.7206185074268,5051.172,4.0,0.0777141187377075,0.1868197628729856,0.049866747096639095,0.16269342835491252
B0046,23,1.3181687033905718,1.7282392323598248,76.27235157662044,18,41,3.361814920655554,2.1762627754763426,4.148811503971785,1.9725487284954428,-1.0013919768296455,1.013852308100358,9.103478864398264,14.307049577086085,5027.563,4.0,0.0782178250023703,0.1955292803071596,0.08564590206002382,0.16760692390576865
B0046,24,1.312423708466101,1.7282392323598248,75.93993261419321,17,41,3.36759601245628,2.16031962283908,4.17607839536505,2.0157587725259702,-1.0012785845104528,1.0149029063735249,9.08626820310501,13.73206507015365,4993.765,4.0,0.0782178250023703,0.1955292803071596,0.08564590206002382,0.16760692390576865
B0046,25,1.2993237532162487,1.7282392323598248,75.1819382923096,16,41,3.3619567307164724,2.144904732455604,4.175479903911147,2.030575171455543,-1.0011100184599881,1.0129489271534275,9.113491912356011,14.550153842364988,4962.469,4.0,0.0782178250023703,0.1955292803071596,0.08564590206002382,0.16760692390576865
B0046,26,1.2877483042174591,1.7282392323598248,74.51215549939245,15,41,3.360770876263507,2.196218583907234,4.175276949812811,1.9790583659055767,-1.0010016783342919,1.013842187549723,8.977476169539525,14.437029519118854,4907.859,4.0,0.0782178250023703,0.1955292803071596,0.08564590206002382,0.16760692390576865
B0046,27,1.2865282739749122,1.7282392323598248,74.4415616707313,14,41,3.3581255157395584,2.1691838412748474,4.175506752243359,2.0063229109685112,-1.0011852000845294,1.0136988771283435,9.205520238536876,14.364000921258654,4888.656,4.0,0.0782178250023703,0.1955292803071596,0.08564590206002382,0.16760692390576865
B0046,28,1.2719636386987183,1.7282392323598248,73.59881750641172,13,41,3.347714666699619,2.1947559967284405,4.145965438635247,1.9512094419068062,-1.0010003485675925,1.014252701339216,9.14555330973735,14.693349843683665,4866.25,4.0,0.0795037006732308,0.1974406290161072,0.09271475743168113,0.17413529877887246
B0046,29,1.2714495345417192,1.7282392323598248,73.56907022678904,12,41,3.353800882166825,2.1877179876194037,4.174989626740224,1.9872716391208205,-1.0010290829534054,1.0140278357417702,9.111354213090989,14.058016587648105,4836.125,4.0,0.0795037006732308,0.1974406290161072,0.09271475743168113,0.17413529877887246
B0046,30,1.2615423884659074,1.7282392323598248,72.99581937758316,11,41,3.350657273692142,2.1508230766314127,4.175655686812431,2.024832610181018,-1.0009585460015413,1.0134629302760532,9.163824507961877,13.779152574880364,4801.485,4.0,0.0795037006732308,0.1974406290161072,0.09271475743168113,0.17413529877887246
B0046,31,1.2421201619204132,1.7282392323598248,71.8720035202742,10,41,3.349047830330531,2.190167787518222,4.174757798171361,1.9845900106531387,-1.0009004370775454,1.014033434715715,9.165326915001913,14.383739114376208,4760.938,4.0,0.0795037006732308,0.1974406290161072,0.09271475743168113,0.17413529877887246
B0046,32,1.2402537441669796,1.7282392323598248,71.76400818499386,9,41,3.3446343037059103,2.18851427579806,4.175734259626989,1.9872199838289286,-1.0008534371371294,1.014031038623518,9.179753755489338,14.589504036127655,4740.907,4.0,0.0795037006732308,0.1974406290161072,0.09271475743168113,0.17413529877887246
B0046,33,1.2851130012242886,1.7282392323598248,74.35967064985157,8,41,3.3205030122204913,2.163748582486284,4.087128849753504,1.9233802672672198,-1.0011746350209894,1.01490431160623,9.27415763140438,13.891154624298236,4914.532,4.0,0.0785946150446112,0.2110064519147993,0.15569457202876302,0.17444136471830543
B0046,34,1.3043327841699193,1.7282392323598248,75.47177264277919,7,41,3.349264182688189,2.153820870810703,4.147121879450348,1.9933010086396452,-1.0011690143333174,1.0140051761194069,9.271981913108279,14.673096336965486,4998.656,4.0,0.0782438055352045,0.1930106174115384,0.07680900810381966,0.1656024435144166
B0046,35,1.2778639041619957,1.7282392323598248,73.94022078859626,6,41,3.3574536928825296,2.1856873619664867,4.17500990248918,1.9893225405226929,-1.0009996740645901,1.0138060897113894,9.033984664610193,13.896967367053858,4890.015,4.0,0.0782438055352045,0.1930106174115384,0.07680900810381966,0.1656024435144166
B0046,36,1.272346459165154,1.7282392323598248,73.62096840191668,5,41,3.3535254761184166,2.1586585951828057,4.175207914830006,2.0165493196472,-1.0008611138640546,1.0150239115464577,9.172120651818531,13.908543615362126,4842.11,4.0,0.0782438055352045,0.1930106174115384,0.07680900810381966,0.1656024435144166
B0046,37,1.2477883952768762,1.7282392323598248,72.19998087724714,4,41,3.347073227310051,2.149734467121552,4.174827125492382,2.02509265837083,-1.000811467966266,1.014982845931098,9.093365400458568,14.617560660341365,4798.281,4.0,0.0782438055352045,0.1930106174115384,0.07680900810381966,0.1656024435144166
B0046,38,1.2352499196655526,1.7282392323598248,71.47447509213643,3,41,3.348504626898048,2.180494984747436,4.1748101416565255,1.9943151569090896,-1.000971558605881,1.0139301973708983,9.119927887302934,14.288124170416689,4739.188,4.0,0.0782438055352045,0.1930106174115384,0.07680900810381966,0.1656024435144166
B0046,39,1.229251291851949,1.7282392323598248,71.12738033226265,2,41,3.3328169133314747,2.1583931144361963,4.144890688492612,1.9864975740564161,-1.0007926094103774,1.013587060727205,9.185345552194319,14.875868929885128,4733.156,4.0,0.0794006740299515,0.2102649346069808,0.11723232594756172,0.17469132378935215
B0046,40,1.223890910501634,1.7282392323598248,70.81721601878415,1,41,3.343773088070051,2.1973084174346607,4.174530382960434,1.9772219655257732,-1.0006667122739987,1.0133237853999737,9.156968538676207,13.880179808466218,4670.61,4.0,0.0794006740299515,0.2102649346069808,0.11723232594756172,0.17469132378935215
B0046,41,1.205423323571373,1.7282392323598248,69.74863786221466,0,41,3.33676988143417,2.194834923129504,4.1743300924480256,1.9794951693185214,-1.0004434396725717,1.0129735089678258,9.08775088318824,14.631961684725407,4635.0,4.0,0.0794006740299515,0.2102649346069808,0.11723232594756172,0.17469132378935215
B0046,42,1.1957824090008151,1.7282392323598248,69.19079179611226,0,41,3.333058450714012,2.153169565361056,4.173688629517977,2.020519064156921,-1.0004321685718414,1.0140945273469484,9.184456763175827,14.768164211079869,4615.86,4.0,0.0794006740299515,0.2102649346069808,0.11723232594756172,0.17469132378935215
B0046,43,1.190072949669846,1.7282392323598248,68.8604290069761,0,41,3.3307168993094938,2.1789077465484965,4.174343502341572,1.9954357557930757,-1.0004986868063772,1.0146645679773671,9.215049403610458,15.037938036453404,4580.75,4.0,0.0794006740299515,0.2102649346069808,0.11723232594756172,0.17469132378935215
B0046,44,1.179201763233652,1.7282392323598248,68.2313965077341,0,41,3.3218468956700393,2.16713614374112,4.14222437268915,1.9750882289480303,-1.000373674220122,1.0135210185380688,9.185331012909922,14.290141125898849,4557.406,4.0,0.0810178807183025,0.2127454883661688,0.138983822416494,0.17654571589075838
B0046,45,1.169504032514554,1.7282392323598248,67.67026292521172,0,41,3.327359417043662,2.175632256591337,4.173393414123743,1.9977611575324064,-1.0001870072907715,1.0128647179210617,9.046655941616262,13.996450231420782,4524.032000000007,4.0,0.0810178807183025,0.2127454883661688,0.138983822416494,0.17654571589075838
B0046,46,1.16772376849918,1.7282392323598248,67.56725264850695,0,41,3.3259632346577273,2.199283556452788,4.173536996898156,1.9742534404453682,-1.0001225394585929,1.0135831957851476,9.26195924957788,14.935082428364884,4502.938,4.0,0.0810178807183025,0.2127454883661688,0.138983822416494,0.17654571589075838
B0046,47,1.1579256145829042,1.7282392323598248,67.00030834283368,0,41,3.322240958381916,2.176786994904175,4.174582549013794,1.9977955541096195,-1.0001481029921278,1.0125088172166772,9.252994157098664,14.99164974108056,4483.094,4.0,0.0810178807183025,0.2127454883661688,0.138983822416494,0.17654571589075838
B0046,48,1.1499812813376982,1.7282392323598248,66.54063047553063,0,41,3.325985699672719,2.19883821425474,4.174588307825947,1.975750093571207,-0.9999638117239763,1.0140396121078876,9.26310734626783,14.811846373564524,4448.36,4.0,0.0810178807183025,0.2127454883661688,0.138983822416494,0.17654571589075838
B0046,49,1.150285902223034,1.7282392323598248,66.5582565587506,0,41,3.3114789937571287,2.165246924019346,4.140409334076233,1.9751624100568872,-1.0003136352879307,1.016160339741845,9.331127163327569,14.247555903096725,4440.531,4.0,0.081960422844172,0.2058766296813479,0.19447955535761136,0.17703636269919198
B0046,50,1.1349452274085248,1.7282392323598248,65.6706089155732,0,41,3.3170441017303047,2.159522238937832,4.1724288341154105,2.0129065951775784,-1.0001598810351362,1.0136323841516852,9.266824205941363,14.332240013732582,4416.547,4.0,0.081960422844172,0.2058766296813479,0.19447955535761136,0.17703636269919198
B0046,51,1.1380960963513609,1.7282392323598248,65.85292562750975,0,41,3.314496922697215,2.1831972567411246,4.172310550176221,1.9891132934350968,-1.0002538884639347,1.0151417452145364,9.20992133972331,14.276871638701772,4382.937,4.0,0.081960422844172,0.2058766296813479,0.19447955535761136,0.17703636269919198
B0046,52,1.123711172150547,1.7282392323598248,65.0205799700644,0,41,3.315933995614132,2.191895759269081,4.1745648072291,1.9826690479600186,-1.0001281764463046,1.0129399611534418,9.1721362476023,13.777310967702926,4347.453,4.0,0.081960422844172,0.2058766296813479,0.19447955535761136,0.17703636269919198
B0046,53,1.214119211354098,1.7282392323598248,70.25180244845376,0,41,3.2963331961890048,2.198908641131297,4.101731329888953,1.9028226887576558,-1.0007810921100906,1.0136804581659815,9.25834987796474,14.96165525093106,4746.5,4.0,0.0813253126917115,0.2127157604775671,0.1773896833191064,0.18169095479199643
B0046,54,1.211944797522819,1.7282392323598248,70.12598573335063,0,41,3.3205927834140843,2.1759612427269523,4.14324574268369,1.9672844999567376,-1.0005274848759138,1.0138752417282513,9.311634785976043,14.622124863653871,4679.156,4.0,0.0808935144176422,0.1966674110084467,0.14839396401541274,0.1748938485497954
B0046,55,1.1971248679331925,1.7282392323598248,69.26846963765415,0,41,3.3321448974569696,2.1740843812957524,4.174381858889519,2.0002974775937665,-1.0003494909916653,1.0134453544249995,9.306501252940654,14.181162993443126,4596.578,4.0,0.0808935144176422,0.1966674110084467,0.14839396401541274,0.1748938485497954
B0046,56,1.1822892151870987,1.7282392323598248,68.41004376302357,0,41,3.3300589536831566,2.1699286892596934,4.173792780760516,2.003864091500823,-1.0001304668043078,1.0132265455749991,9.361883663268088,13.989284902759552,4544.641,4.0,0.0808935144176422,0.1966674110084467,0.14839396401541274,0.1748938485497954
B0046,57,1.1645336676778395,1.7282392323598248,67.38266588750717,0,41,3.326398154149516,2.15658205310809,4.174292933831419,2.0177108807233286,-0.9999751500715209,1.0127770109447685,9.565977385225588,15.042601535042603,4526.938,4.0,0.0808935144176422,0.1966674110084467,0.14839396401541274,0.1748938485497954
B0046,58,1.1535559567518647,1.7282392323598248,66.74746962992741,0,41,3.324081152870965,2.159229413482601,4.174080626824366,2.014851213341765,-1.0001108627417226,1.0138936920010262,9.613253810213061,15.027421071078606,4487.438,4.0,0.0808935144176422,0.1966674110084467,0.14839396401541274,0.1748938485497954
B0046,59,1.1601987101282063,1.7282392323598248,67.13183501476311,0,41,3.2901896835135895,2.1981836512731,4.089380393518967,1.8911967422458669,-0.9997380074680035,1.0184755755177433,9.659706152498446,14.577396723095212,4513.312,4.0,0.082349572423689,0.2092954014622366,0.21631688587053113,0.17978313800328685
B0046,60,1.1711716308206082,1.7282392323598248,67.76675409812515,0,41,3.3123680120679446,2.172247401410494,4.142442473931475,1.9701950725209811,-0.999942885934547,1.0139384129430251,9.660074492266734,15.36587842843583,4568.438,4.0,0.0808516635112122,0.2073822865172341,0.16652614976791805,0.17298354930468268
B0046,61,1.1563410270783216,1.7282392323598248,66.90862037076866,0,41,3.3202672940295272,2.167855497701561,4.174041322689958,2.006185824988397,-0.9999545027275712,1.0134236160019647,9.610732084606383,15.29268403662172,4499.656,4.0,0.0808516635112122,0.2073822865172341,0.16652614976791805,0.17298354930468268
B0046,62,1.141082456193516,1.7282392323598248,66.0257234546993,0,41,3.3220005581957603,2.197413864039741,4.174154842675988,1.976740978636247,-0.9997765998111345,1.012621804825029,9.509606751933422,14.698902260428524,4430.984,4.0,0.0808516635112122,0.2073822865172341,0.16652614976791805,0.17298354930468268
B0046,63,1.1352383596118123,1.7282392323598248,65.68757023654074,0,41,3.316995919062792,2.1808859045895868,4.173817719824036,1.9929318152344488,-0.9995908082297772,1.0138097315277292,9.55376799961061,15.066788669768552,4411.141,4.0,0.0808516635112122,0.2073822865172341,0.16652614976791805,0.17298354930468268
B0046,64,1.2530847858282803,1.7282392323598248,72.50644253210565,0,41,3.304824958917925,2.1634350552847827,4.122428601972404,1.958993546687621,-0.9999417105324964,1.0118756251887793,9.689325427035971,14.884443210062466,4883.312,4.0,0.082495334838839,0.2177659128869859,0.22306835624542348,0.18184183087067018
B0046,65,1.2050453590356518,1.7282392323598248,69.72676794231909,0,41,3.3235919579934095,2.1839323108066178,4.143823070139112,1.959890759332494,-0.9998017376659812,1.012656973957246,9.54652406934783,14.454392118638458,4663.907,4.0,0.0825320232205731,0.1909788575414279,0.12820030996009688,0.17108311037497403
B0046,66,1.19119860196273,1.7282392323598248,68.92556190477215,0,41,3.3336764636844887,2.196284886273677,4.173823759594136,1.9775388733204586,-1.000249176467669,1.0140280598156248,9.486110245180768,14.172939173239188,4581.328,4.0,0.0825320232205731,0.1909788575414279,0.12820030996009688,0.17108311037497403
B0046,67,1.17463817374538,1.7282392323598248,67.96733645153222,0,41,3.32512940887575,2.1526544597098902,4.174042864835579,2.021388405125689,-1.0000755059089512,1.0143271740416917,9.528985199683015,14.797843662102167,4553.031,4.0,0.0825320232205731,0.1909788575414279,0.12820030996009688,0.17108311037497403
B0046,68,1.1555432048235512,1.7282392323598248,66.86245649253746,0,41,3.3265245824041667,2.1963314779954723,4.173923325104936,1.9775918471094638,-0.9996836231447859,1.0135805482915097,9.519831150565885,14.86814851282613,4486.5,4.0,0.0825320232205731,0.1909788575414279,0.12820030996009688,0.17108311037497403
B0046,69,1.1538041170229467,1.7282392323598248,66.76182876878015,0,41,3.325662411014798,2.189500804437932,4.174510564064746,1.9850097596268137,-0.9996591394483646,1.014505539753993,9.50863223906921,14.051631055988958,4450.625,4.0,0.0825320232205731,0.1909788575414279,0.12820030996009688,0.17108311037497403
B0043,1,1.713782642126885,1.713782642126885,100.0,75,76,3.475911687674208,2.421307986424623,4.204104775621549,1.7827967891969263,-1.8551004388985552,1.990987822798042,30.907894474048284,36.84241052511593,3360.922,22.0,0.0695338223583365,0.1127056568679586,0.19762501950733258,0.09405632075513667
B0043,2,1.6955681658647108,1.713782642126885,98.93717698998462,74,76,3.4897388185035,2.4612810169393184,4.205053773882487,1.743772756943169,-1.868889923378281,1.9917802328214216,30.363796429604488,36.2511342416132,3289.406,22.0,0.0695338223583365,0.1127056568679586,0.19762501950733258,0.09405632075513667
B0043,3,1.6814906372051954,1.713782642126885,98.11574676228406,73,76,3.4901234321768033,2.3997609695216755,4.204546702288046,1.8047857327663706,-1.8840563804062687,1.992161929805588,30.07611798184701,36.12855723169499,3244.797,22.0,0.0695338223583365,0.1127056568679586,0.19762501950733258,0.09405632075513667
B0043,4,1.6786372409532953,1.713782642126885,97.94924978759427,72,76,3.4940185374934947,2.399740066713552,4.204756646870948,1.8050165801573956,-1.89408796703159,1.9914034366675075,30.05896964075817,36.35251788056927,3211.438,22.0,0.0695338223583365,0.1127056568679586,0.19762501950733258,0.09405632075513667
B0043,5,1.6694168550864992,1.713782642126885,97.41123606052365,71,76,3.5005489873453817,2.3786378834863195,4.204750835132976,1.8261129516466563,-1.9103670337506284,1.9917916805558111,30.417149405736243,36.75256708066779,3175.594,22.0,0.0695338223583365,0.1127056568679586,0.19762501950733258,0.09405632075513667
B0043,6,1.6611938521224778,1.713782642126885,96.93142008142048,70,76,3.507465391169604,2.416288536712014,4.204901465726193,1.788612929014179,-1.926803470895965,1.992343743472965,30.617574721987218,36.83142721849718,3121.672,22.0,0.0604743840213743,0.104602050073422,0.2059658504804934,0.10050643220389054
B0043,7,1.6506423382064332,1.713782642126885,96.31573442463558,69,76,3.505466720095601,2.3791815969853816,4.205123789023272,1.8259421920378904,-1.9324769674832156,1.991761741760116,30.258236869364143,36.54735803665934,3102.937,22.0,0.0604743840213743,0.104602050073422,0.2059658504804934,0.10050643220389054
B0043,8,1.6424273190907783,1.713782642126885,95.83638430673149,68,76,3.505146635224542,2.4666546752460183,4.204720843069481,1.7380661678234626,-1.9255143226505498,1.9926632981632448,29.936684037867014,36.223678523702304,3089.437,22.0,0.0604743840213743,0.104602050073422,0.2059658504804934,0.10050643220389054
B0043,9,1.6353664801041328,1.713782642126885,95.42438112656842,67,76,3.5024428414174498,2.429311406516166,4.204351643955918,1.775040237439752,-1.924996304077744,1.9910210969809976,29.74762436888935,36.16960256825446,3077.75,22.0,0.0604743840213743,0.104602050073422,0.2059658504804934,0.10050643220389054
B0043,10,1.633232875930849,1.713782642126885,95.29988434845681,66,76,3.5007336141613488,2.4024069940444392,4.203254409200642,1.8008474151562024,-1.9244448695912972,1.9917602339187832,29.699035458962353,36.19613432531801,3074.875,22.0,0.0608027832295982,0.1034630136463737,0.2049605853818519,0.09953252931878392
B0043,11,1.6258840554387932,1.713782642126885,94.87107731590714,65,76,3.501947249481621,2.406157541131262,4.204230992986033,1.798073451854771,-1.9239340941617735,1.992540822877361,29.746622188626663,36.217566438813456,3061.891,22.0,0.0608027832295982,0.1034630136463737,0.2049605853818519,0.09953252931878392
B0043,12,1.617976174654771,1.713782642126885,94.40964885995031,64,76,3.5002499918856302,2.415785415380386,4.204061240829561,1.7882758254491748,-1.916896100852633,1.992323077219212,29.642987306218718,36.09047688646367,3058.469,22.0,0.0608027832295982,0.1034630136463737,0.2049605853818519,0.09953252931878392
B0043,13,1.6136652707273988,1.713782642126885,94.15810564662765,63,76,3.5007698538114447,2.400209592232293,4.204423283955662,1.804213691723369,-1.9227329924422065,1.992372409835,29.663939557878308,36.148984496134304,3040.75,22.0,0.0608027832295982,0.1034630136463737,0.2049605853818519,0.09953252931878392
B0043,14,1.605821026619692,1.713782642126885,93.70039041980216,62,76,3.5004947608560313,2.4374747406672226,4.204490583977483,1.7670158433102605,-1.9157256805286993,1.9935372199400443,29.637650852441404,36.15795969792578,3037.641,22.0,0.0608027832295982,0.1034630136463737,0.2049605853818519,0.09953252931878392
B0043,15,1.6033527961961531,1.713782642126885,93.55636804713559,61,76,3.4961700451758575,2.3865949081957893,4.202477824031488,1.815882915835699,-1.9087255587088567,1.9925774400879448,29.593597067401642,36.16956081888435,3044.828,22.0,0.0627657269457884,0.1056990249798636,0.2033567195357483,0.10457747695773534
B0043,16,1.5951342406182645,1.713782642126885,93.07681157504477,60,76,3.4993157107183803,2.4489169685849195,4.204489330076927,1.7555723614920078,-1.9078668399519796,1.991618906287858,29.63922727943673,36.13182777424954,3030.25,22.0,0.0627657269457884,0.1056990249798636,0.2033567195357483,0.10457747695773534
B0043,17,1.5878135544728509,1.713782642126885,92.64964619447304,59,76,3.50080829213355,2.4933649317176108,4.204953662033176,1.7115887303155657,-1.907455457642798,1.991997740216363,29.666195384468185,36.12995412374782,3017.578,22.0,0.0627657269457884,0.1056990249798636,0.2033567195357483,0.10457747695773534
B0043,18,1.5800601969084245,1.713782642126885,92.19723423896366,58,76,3.497552326899387,2.473993010608268,4.204018303566451,1.7300252929581825,-1.9000139238260703,1.9916623493440428,29.635949832755518,36.115379230424814,3015.0,22.0,0.0627657269457884,0.1056990249798636,0.2033567195357483,0.10457747695773534
B0043,19,1.575565087879128,1.713782642126885,91.93494257380141,57,76,3.4969748978677377,2.4568566798816054,4.20390099564762,1.747044315766015,-1.904134059211754,1.9915432702858615,29.671876354508125,36.260266208231016,2999.454,22.0,0.0627657269457884,0.1056990249798636,0.2033567195357483,0.10457747695773534
B0043,20,1.5950169012164208,1.713782642126885,93.0699647673482,56,76,3.4931433851686124,2.389783772934692,4.19682124697899,1.8070374740442983,-1.8929472665362916,1.9935482540074148,29.993152820136338,36.73407518988127,3054.859,22.0,0.0594640552231926,0.1031826028831793,0.20304360659143747,0.09829988845570392
B0043,21,1.5898075522577595,1.713782642126885,92.7659968760527,55,76,3.500270597096414,2.3834815017568327,4.202479371762253,1.8189978700054206,-1.8991542942688262,1.9935266008477732,30.681276254794994,37.35435994505973,3034.875,22.0,0.0582098617646155,0.0987519482223292,0.2074874222044053,0.09355719848815426
B0043,22,1.5807953202097411,1.713782642126885,92.24012901938951,54,76,3.5026578112869,2.427559147580718,4.204284851556785,1.7767257039760675,-1.8917722041126428,1.992097101122076,30.871236598447616,37.40944456827136,3030.0,22.0,0.0582098617646155,0.0987519482223292,0.2074874222044053,0.09355719848815426
B0043,23,1.5704333289187615,1.713782642126885,91.63550209434842,53,76,3.501870413763956,2.458384607788224,4.20378732342866,1.7454027156404361,-1.89078274822848,1.9921457624515235,30.779999574712413,37.26366414928814,3011.781,22.0,0.0582098617646155,0.0987519482223292,0.2074874222044053,0.09355719848815426
B0043,24,1.5643368431897875,1.713782642126885,91.27976936727354,52,76,3.4967579517606566,2.394787213470724,4.204330620589128,1.809543407118404,-1.8968520026147064,1.9912425550809052,30.581480715523952,37.27002790978136,2990.25,22.0,0.0582098617646155,0.0987519482223292,0.2074874222044053,0.09355719848815426
B0043,25,1.558307017802491,1.713782642126885,90.92792630158505,51,76,3.4938467732797593,2.365525236922006,4.2038717516378,1.8383465147157945,-1.8960710046785778,1.991041676372342,30.546605962885614,37.37612563137064,2980.234,22.0,0.0582098617646155,0.0987519482223292,0.2074874222044053,0.09355719848815426
B0043,26,1.5537149289772467,1.713782642126885,90.65997582103022,50,76,3.498085824975237,2.474272882432229,4.202475048160179,1.7282021657279496,-1.8818174142025106,1.9909446444723564,30.92329503843904,37.57568180724724,2994.844,22.0,0.0627465521074934,0.1023897681649667,0.20599882229837607,0.09966688957199961
B0043,27,1.549528250585513,1.713782642126885,90.41568122445653,49,76,3.499824440494276,2.4720598546819117,4.203857283529741,1.7317974288478295,-1.8812480163452203,1.991996113254465,31.225884514077716,37.80943515485114,2987.672,22.0,0.0627465521074934,0.1023897681649667,0.20599882229837607,0.09966688957199961
B0043,28,1.5424430535161062,1.713782642126885,90.00225673903792,48,76,3.4987433448544607,2.4838780206846622,4.203991230539982,1.7201132098553198,-1.8805764098134792,1.99144467027302,31.163201064541546,37.69836973093636,2975.1100000000006,22.0,0.0627465521074934,0.1023897681649667,0.20599882229837607,0.09966688957199961
B0043,29,1.54256227031715,1.713782642126885,90.00921309383538,47,76,3.496873891743175,2.429175425635552,4.205957997721127,1.7767825720855748,-1.8940750825904094,1.9937155470584815,31.130645067035932,37.67202323454292,2953.219,22.0,0.0627465521074934,0.1023897681649667,0.20599882229837607,0.09966688957199961
B0043,30,1.5309356452520158,1.713782642126885,89.33079421040539,46,76,3.4895372240361704,2.397532773087188,4.203785685934744,1.8062529128475564,-1.8790362639465747,1.9926097349240808,30.837232735283838,37.5846177818102,2955.484,22.0,0.0627465521074934,0.1023897681649667,0.20599882229837607,0.09966688957199961
B0043,31,1.5247733176952427,1.713782642126885,88.9712195826028,45,76,3.4871652344467075,2.435189655089205,4.202128090345783,1.7669384352565785,-1.8710836448265253,1.9922654806203883,30.641318807832377,37.57163850758581,2957.016,22.0,0.0613005241934285,0.1036844243407913,0.2048157830718021,0.10046649410639119
B0043,32,1.5196742408779502,1.713782642126885,88.67368612112695,44,76,3.4906015804101496,2.4649257198080514,4.203512527913386,1.7385868081053344,-1.8702004234947458,1.990969048853236,31.01732542847249,37.83811660125229,2948.219,22.0,0.0613005241934285,0.1036844243407913,0.2048157830718021,0.10046649410639119
B0043,33,1.5123696925788683,1.713782642126885,88.24746239126021,43,76,3.4876146185117345,2.4457109146915506,4.203182025095136,1.7574711104035852,-1.8695581981674536,1.991978047763166,30.93897323974993,37.76120652410461,2935.5,22.0,0.0613005241934285,0.1036844243407913,0.2048157830718021,0.10046649410639119
B0043,34,1.499914486202397,1.713782642126885,87.52069540982936,42,76,3.4842857075179094,2.4807762094187127,4.202993560256935,1.7222173508382226,-1.8681373339121092,1.9913479340556115,30.585360437692223,37.43416840833683,2913.797000000006,22.0,0.0613005241934285,0.1036844243407913,0.2048157830718021,0.10046649410639119
B0043,35,1.492410627118825,1.713782642126885,87.08284180464526,41,76,3.4811070895804797,2.482626305221594,4.203399051569862,1.7207727463482683,-1.8672666650634016,1.991255410410246,30.3648233882985,37.31899313705125,2900.703,22.0,0.0613005241934285,0.1036844243407913,0.2048157830718021,0.10046649410639119
B0043,36,1.492624987952706,1.713782642126885,87.09534985721923,40,76,3.475104459646633,2.397470273055264,4.2008898664224255,1.8034195933671615,-1.8594886102216435,1.991416403593573,30.432401864910737,37.58604736335072,2914.031,22.0,0.061005987569003,0.1042003334992437,0.2028478442137131,0.09891049066968291
B0043,37,1.4924024018806028,1.713782642126885,87.08236185823782,39,76,3.4772044059441005,2.370171214445116,4.203438298553452,1.8332670841083365,-1.8662699457286136,1.9932848499087763,30.831835959630617,38.06717620893625,2901.968,22.0,0.061005987569003,0.1042003334992437,0.2028478442137131,0.09891049066968291
B0043,38,1.4853020201751674,1.713782642126885,86.6680513423708,38,76,3.482172936874988,2.467002990449064,4.203125269256038,1.736122278806974,-1.8580509519301622,1.9915678335386533,31.094991080529404,38.03429813873292,2901.734,22.0,0.061005987569003,0.1042003334992437,0.2028478442137131,0.09891049066968291
B0043,39,1.477208127101587,1.713782642126885,86.19576898435045,37,76,3.4803385610467843,2.476788514821077,4.203051054659131,1.726262539838054,-1.8570868946683126,1.9914103858193752,31.038470618761803,37.8850432804777,2887.407,22.0,0.061005987569003,0.1042003334992437,0.2028478442137131,0.09891049066968291
B0043,40,1.4694738525181406,1.713782642126885,85.74447052949809,36,76,3.4714831954460226,2.4014857684023228,4.203121514305449,1.8016357459031265,-1.8634355664455717,1.9914698934009565,30.652253424171764,37.72173567628911,2861.937,22.0,0.061005987569003,0.1042003334992437,0.2028478442137131,0.09891049066968291
B0043,41,1.5250840516518187,1.713782642126885,88.98935105090793,35,76,3.4693912792577155,2.487710804240493,4.151713316448254,1.664002512207761,-0.9908307773272774,0.9989196316837596,7.784854957371514,11.059155779143234,5608.781,4.0,0.0758185892071455,0.2025122662195648,0.10429166716335173,0.1741423342000995
B0043,42,1.552568811301301,1.713782642126885,90.59309933110829,34,76,3.489663125237392,2.4700528908595785,4.1860990142535135,1.716046123393935,-0.9917840133525034,1.0004222702851215,7.677310156075022,10.464754894665266,5703.296,4.0,0.0779658613712917,0.1979473739177315,0.09218461387471819,0.17214621591929816
B0043,43,1.5427752626774387,1.713782642126885,90.02164129535015,33,76,3.4883481289690543,2.4917865311625422,4.20024763178396,1.708461100621418,-0.9917267979357509,1.0013749229178603,7.720355963617298,11.117824082083432,5668.032,4.0,0.0779658613712917,0.1979473739177315,0.09218461387471819,0.17214621591929816
B0043,44,1.533193283126468,1.713782642126885,89.46252841163702,32,76,3.4828518772266346,2.4681420264399123,4.199618145627328,1.7314761191874157,-0.9915700758751732,0.999906490000437,7.795012554263815,11.465947003288688,5634.047,4.0,0.0779658613712917,0.1979473739177315,0.09218461387471819,0.17214621591929816
B0043,45,1.515272194917202,1.713782642126885,88.41682472852438,31,76,3.4797712380230035,2.484034640402104,4.1989206972349695,1.7148860568328654,-0.9892746508058018,1.0000803262722175,7.802002705131443,10.672391649812306,5582.375,4.0,0.0779658613712917,0.1979473739177315,0.09218461387471819,0.17214621591929816
B0043,46,1.5074989761997712,1.713782642126885,87.96325386566491,30,76,3.4723642645257145,2.482098506414688,4.198909615049439,1.7168111086347513,-0.9870448856228408,0.9998205155477988,7.8854226977198625,11.55324188297086,5567.329,4.0,0.0779658613712917,0.1979473739177315,0.09218461387471819,0.17214621591929816
B0043,47,1.4896288908647644,1.713782642126885,86.92052622356267,29,76,3.465591847973898,2.499544886162908,4.182123550892078,1.6825786647291703,-0.982521155601079,0.9995028844280672,7.865599621307659,10.678188237457311,5528.453,4.0,0.075670079040447,0.1939116580419818,0.09481896278388047,0.17106130455952173
B0043,48,1.4780778852088083,1.713782642126885,86.24651976720013,28,76,3.4621709600387423,2.4624361945446704,4.198072340064109,1.7356361455194387,-0.9800816231955619,0.9994974790321102,7.840911830800531,10.67885056037868,5513.39,4.0,0.075670079040447,0.1939116580419818,0.09481896278388047,0.17106130455952173
B0043,49,1.4700035345334466,1.713782642126885,85.77537771704252,27,76,3.456977710322033,2.4931009972754072,4.19729618680157,1.7041951895261631,-0.9774850815985034,1.0007522715759782,7.866129688953066,11.249497515672802,5486.187,4.0,0.075670079040447,0.1939116580419818,0.09481896278388047,0.17106130455952173
B0043,50,1.4565623180137075,1.713782642126885,84.99107659335638,26,76,3.449217752251389,2.462787320418678,4.196562826262564,1.7337755058438864,-0.9753322406906505,1.0074496368791506,7.9393273558149495,11.637480263714384,5461.922,4.0,0.075670079040447,0.1939116580419818,0.09481896278388047,0.17106130455952173
B0043,51,1.445976962830235,1.713782642126885,84.37341628315885,25,76,3.447579855504856,2.497516098993309,4.1961404278065615,1.6986243288132523,-0.970424713185739,0.9995519473703496,8.020423171340544,11.797524620709758,5438.157,4.0,0.075670079040447,0.1939116580419818,0.09481896278388047,0.17106130455952173
B0043,52,1.4325855992469252,1.713782642126885,83.59202410108549,24,76,3.4358831885309766,2.472999574663348,4.178175250938716,1.7051756762753674,-0.970256674882607,1.0000552345201277,7.909281139740462,11.717322041018162,5402.875,4.0,0.0773317413542424,0.1948043751966629,0.11286228274554377,0.1737581710839073
B0043,53,1.4197344854662963,1.713782642126885,82.84215574177709,23,76,3.4393737351491587,2.4798848457409326,4.195619110791885,1.7157342650509522,-0.9652466121144252,1.0000587870310462,7.9764627392531535,11.400146543773252,5384.438,4.0,0.0773317413542424,0.1948043751966629,0.11286228274554377,0.1737581710839073
B0043,54,1.401262575071573,1.713782642126885,81.76431133253516,22,76,3.437163038991663,2.483308761917933,4.195354802720307,1.7120460408023743,-0.9624204407769305,0.9996583037293504,7.975220288628877,11.27412857657329,5344.859,4.0,0.0773317413542424,0.1948043751966629,0.11286228274554377,0.1737581710839073
B0043,55,1.3862945308535968,1.713782642126885,80.8909191152234,21,76,3.432715938014848,2.4722726688004677,4.195137899317883,1.7228652305174155,-0.959579561659367,1.0003023505936774,7.919276364601211,10.939205926809544,5305.156,4.0,0.0773317413542424,0.1948043751966629,0.11286228274554377,0.1737581710839073
B0043,56,1.384130256052478,1.713782642126885,80.7646326919677,20,76,3.4312793781460638,2.4995232811069013,4.195919647393222,1.6963963662863204,-0.9569605305508407,0.9997391001993594,8.087848756281263,11.469256268063758,5284.547,4.0,0.0773317413542424,0.1948043751966629,0.11286228274554377,0.1737581710839073
B0043,57,1.3651743201871416,1.713782642126885,79.65854517541945,19,76,3.423768606452633,2.492874341811692,4.176270279535014,1.6833959377233225,-0.9522133825707907,0.99934176839957,8.02258709983945,11.07680003582411,5267.843,4.0,0.0752054973692065,0.2210521704198716,0.15523243818664564,0.1821866238528533
B0043,58,1.361508332192898,1.713782642126885,79.44463310138339,18,76,3.425776013992083,2.466722917823166,4.195157601948688,1.728434684125522,-0.9541332483411131,0.9985673084050938,8.12948679263687,11.26155378961363,5229.688,4.0,0.0752054973692065,0.2210521704198716,0.15523243818664564,0.1821866238528533
B0043,59,1.351001663879717,1.713782642126885,78.83156420601041,17,76,3.4199159770745933,2.470780211742849,4.195480097537295,1.7246998857944456,-0.951277080781025,0.9980068368798176,8.089656475775936,11.576966830401837,5206.954,4.0,0.0752054973692065,0.2210521704198716,0.15523243818664564,0.1821866238528533
B0043,60,1.3282588067265129,1.713782642126885,77.5045081025025,16,76,3.419545032162598,2.4848489819284896,4.1943133355165845,1.709464353588095,-0.9432133015363675,1.000251640119134,8.144440591218109,11.16400609714747,5179.062,4.0,0.0752054973692065,0.2210521704198716,0.15523243818664564,0.1821866238528533
B0043,61,1.3257206687421472,1.713782642126885,77.3564065917289,15,76,3.4121967412564467,2.4661345187240347,4.194450936586587,1.728316417862552,-0.9477871437594549,0.9983916549138828,8.231983414070719,11.988971088033123,5144.109,4.0,0.0752054973692065,0.2210521704198716,0.15523243818664564,0.1821866238528533
B0043,62,1.314290971597844,1.713782642126885,76.68947854243329,14,76,3.407362058046422,2.472581288872932,4.173215087704208,1.700633798831276,-0.9403317488154684,0.9999277500600487,8.207473278156359,11.73519417014362,5142.891,4.0,0.0782066915934319,0.217415593741603,0.20071982955114193,0.1838062809624359
B0043,63,1.300326009481109,1.713782642126885,75.87461662392282,13,76,3.4128712396915972,2.4919564449811342,4.193501778898149,1.7015453339170148,-0.9372882788479067,0.9989961791594164,8.189312466474624,11.299125699617386,5109.734,4.0,0.0782066915934319,0.217415593741603,0.20071982955114193,0.1838062809624359
B0043,64,1.2881071401556836,1.713782642126885,75.16164001737596,12,76,3.408624211537015,2.485517355170574,4.193305249397542,1.7077878942269682,-0.9340008362934733,0.9986368638895086,8.139466322876048,11.376911439849154,5078.937,4.0,0.0782066915934319,0.217415593741603,0.20071982955114193,0.1838062809624359
B0043,65,1.2767801501201566,1.713782642126885,74.50070497479263,11,76,3.405803295662315,2.499796953515674,4.192997819348426,1.6932008658327518,-0.9308225674416871,0.9990064665951188,8.11394700059043,11.488807348025915,5051.672,4.0,0.0782066915934319,0.217415593741603,0.20071982955114193,0.1838062809624359
B0032,1,1.704864107351214,1.704864107351214,100.0,295,296,3.31356881404843,2.62709691854036,4.087016142066692,1.4599192235263319,-3.895034492956119,3.994111633376854,52.14812251926887,59.47600707924567,1572.359,43.0,0.0706645161013223,0.0794502575395997,0.18293480753638316,0.08244908692760018
B0032,2,1.8940319526948568,1.704864107351214,111.09577265002932,294,296,3.360932103985418,2.6672646952717707,4.187844886919987,1.5205801916482167,-3.9466385151298375,3.993584927278223,53.49862731805315,60.121290886265,1723.281,43.0,0.0706645161013223,0.0794502575395997,0.18293480753638316,0.08244908692760018
B0032,3,1.8747686491853093,1.704864107351214,109.96587007149033,293,296,3.362818742242725,2.653980741191812,4.187701456265651,1.5337207150738386,-3.9459503925460986,3.994420868734206,53.56355547229223,60.28987126771494,1705.906,43.0,0.0706645161013223,0.0794502575395997,0.18293480753638316,0.08244908692760018
B0032,4,1.8654947184112376,1.704864107351214,109.42190115724763,292,296,3.3620666570592657,2.614778884516638,4.187956631748198,1.5731777472315605,-3.945374357087773,3.992737735565066,53.636497641934646,60.57061862772471,1697.688,43.0,0.0706645161013223,0.0794502575395997,0.18293480753638316,0.08244908692760018
B0032,5,1.8527398169018068,1.704864107351214,108.67375346298667,291,296,3.362352506750974,2.611753951946988,4.187837270519941,1.5760833185729526,-3.9451013111259323,3.99486611628056,53.66821955000141,60.44487262242978,1686.094,43.0,0.0706645161013223,0.0794502575395997,0.18293480753638316,0.08244908692760018
B0032,6,1.844174397003866,1.704864107351214,108.1713427511295,290,296,3.3539141264171213,2.6899647104301128,4.176580463554566,1.486615753124453,-3.9441329415172497,3.994312241610504,53.78514931831166,60.80514996345169,1678.563,43.0,0.0697605949327327,0.077037715035224,0.17693798043306289,0.07867233478076298
B0032,7,1.8430238477512757,1.704864107351214,108.1038564777292,289,296,3.359881578137895,2.6352220172441965,4.187717629562103,1.5524956123179066,-3.944073053011351,3.994189778619774,53.80370465565283,60.79131486140098,1677.469,43.0,0.0697605949327327,0.077037715035224,0.17693798043306289,0.07867233478076298
B0032,8,1.8302818174911863,1.704864107351214,107.3564637556262,288,296,3.358862190732693,2.616116680441599,4.18755828453692,1.5714416040953214,-3.943421894744355,3.992661318532081,53.860865202701575,60.82453443905106,1666.093,43.0,0.0697605949327327,0.077037715035224,0.17693798043306289,0.07867233478076298
B0032,9,1.8173838456081812,1.704864107351214,106.59992416825439,287,296,3.3601097902247443,2.637757551280405,4.1878149871796655,1.5500574358992605,-3.9431707154426756,3.9925014219671766,53.86937461780675,60.93844327722512,1654.328,43.0,0.0697605949327327,0.077037715035224,0.17693798043306289,0.07867233478076298
B0032,10,1.805799298110468,1.704864107351214,105.92042440943128,286,296,3.3601434422461938,2.6425811435343314,4.187881479812432,1.545300336278101,-3.9427909793014866,3.994253875500499,53.919241142689074,61.056928797496845,1643.812,43.0,0.0697605949327327,0.077037715035224,0.17693798043306289,0.07867233478076298
B0032,11,1.8149829605049184,1.704864107351214,106.45909856855347,285,296,3.355149818972587,2.6868552360676885,4.180429711622443,1.4935744755547544,-3.942681377393959,3.993279981032099,54.04736439027928,61.26264235870029,1652.266,43.0,0.0708764987737107,0.0778915805160204,0.18180288673473086,0.079028944190342
B0032,12,1.7995150369321795,1.704864107351214,105.55181666226883,284,296,3.3593418283288132,2.6740516269543457,4.187435297570574,1.5133836706162285,-3.9184845032163937,3.9928213513263473,54.07432799473692,61.30909593373104,1648.672,43.0,0.0708764987737107,0.0778915805160204,0.18180288673473086,0.079028944190342
B0032,13,1.7866516942518147,1.704864107351214,104.79730827506664,283,296,3.3586297517355432,2.6712280977184064,4.187467933100937,1.5162398353825304,-3.9177419538846427,3.993630744300512,54.13198237630402,61.35860964032413,1636.969,43.0,0.0708764987737107,0.0778915805160204,0.18180288673473086,0.079028944190342
B0032,14,1.7735550719416031,1.704864107351214,104.02911670755459,282,296,3.3590704748251823,2.6834486699239664,4.187491241001438,1.5040425710774716,-3.916992039332035,3.993304107752517,54.1706485784692,61.48218876912336,1625.187,43.0,0.0708764987737107,0.0778915805160204,0.18180288673473086,0.079028944190342
B0032,15,1.769995333364443,1.704864107351214,103.8203177445281,281,296,3.3579238322389635,2.670098200587867,4.1874322769983605,1.5173340764104934,-3.9165301686540293,3.994079719933211,54.230275057026425,61.55806089309812,1622.016,43.0,0.0708764987737107,0.0778915805160204,0.18180288673473086,0.079028944190342
B0032,16,1.799526080374287,1.704864107351214,105.55246442311146,280,296,3.346388148340216,2.6512994484308834,4.174276691190384,1.5229772427595005,-3.941133829882486,3.993967806204527,54.344649105313806,61.75555924618304,1638.422,43.0,0.0707455120034817,0.0783239856398854,0.17859050635543416,0.08020277933394639
B0032,17,1.7968530684449833,1.704864107351214,105.3956770335607,279,296,3.3534652549262995,2.625703438629486,4.186860433427951,1.5611569947984645,-3.9168961856121998,3.994597299462833,54.34024033975075,61.788148736083365,1646.438,43.0,0.0707455120034817,0.0783239856398854,0.17859050635543416,0.08020277933394639
B0032,18,1.7838265504081745,1.704864107351214,104.63159748137589,278,296,3.3539379658636705,2.6363985091733704,4.187242083144707,1.5508435739713362,-3.9161279657117896,3.99403993642454,54.383818324015124,62.026796878552666,1634.765,43.0,0.0707455120034817,0.0783239856398854,0.17859050635543416,0.08020277933394639
B0032,19,1.7696444491040102,1.704864107351214,103.79973638212392,277,296,3.352033498067153,2.6091385279000474,4.187348698823322,1.5782101709232745,-3.9150746408037618,3.996695123471853,54.44223460892958,62.05922080379437,1622.016,43.0,0.0707455120034817,0.0783239856398854,0.17859050635543416,0.08020277933394639
B0032,20,1.7512940457049684,1.704864107351214,102.72338059987027,276,296,3.356088193037498,2.6928273258727597,4.187458308694366,1.4946309828216067,-3.8893700702054987,3.996085886074777,54.47793957059441,61.81678431928173,1616.25,43.0,0.0707455120034817,0.0783239856398854,0.17859050635543416,0.08020277933394639
B0032,21,1.7697554297961993,1.704864107351214,103.80624603246558,275,296,3.3485978246821815,2.6580053475407666,4.18032452902128,1.5223191814805133,-3.914545791564824,3.9941183811183705,54.52288431969187,62.13034562682843,1622.218,43.0,0.0713326264254028,0.0789786361031034,0.1802858190483459,0.07989669034903996
B0032,22,1.7547726933914918,1.704864107351214,102.9274231198297,274,296,3.350888760453381,2.622656733898926,4.187278944270903,1.5646222103719771,-3.888729603382459,3.99420296582248,54.63737439274004,62.20855323363066,1619.656,43.0,0.0713326264254028,0.0789786361031034,0.1802858190483459,0.07989669034903996
B0032,23,1.7389166355812984,1.704864107351214,101.99737492761172,273,296,3.351949039148667,2.6579673401898325,4.186871482774904,1.5289041425850711,-3.887437874711392,3.994207676123932,54.626766126568995,62.27936068413306,1605.484,43.0,0.0713326264254028,0.0789786361031034,0.1802858190483459,0.07989669034903996
B0032,24,1.7337200518764075,1.704864107351214,101.69256566554303,272,296,3.349297591300232,2.62449780009349,4.187368946542894,1.562871146449404,-3.8867994146602536,3.993823239825288,54.64310926864166,62.40536913200032,1600.75,43.0,0.0713326264254028,0.0789786361031034,0.1802858190483459,0.07989669034903996
B0032,25,1.7150972597500092,1.704864107351214,100.60023273143418,271,296,3.351231111091802,2.6693549937573904,4.187171328295389,1.517816334537999,-3.8600791350059627,3.994754622163221,54.70581681215588,62.21600779378832,1595.0,43.0,0.0713326264254028,0.0789786361031034,0.1802858190483459,0.07989669034903996
B0032,26,1.7462926148815636,1.704864107351214,102.43001816694444,270,296,3.3435018088780115,2.6245992054256915,4.179483481777926,1.5548842763522348,-3.8867131837578937,3.993552154297252,54.73634803491553,62.6157960112704,1612.422,43.0,0.0717615198628267,0.079782528012842,0.18012016470322473,0.08001990438298599
B0032,27,1.719149261914565,1.704864107351214,100.83790576045062,269,296,3.3521161040604457,2.682984874071112,4.187057003834118,1.504072129763006,-3.859329219112499,3.995086500261385,54.729006905014316,62.26360588854172,1598.969,43.0,0.0717615198628267,0.079782528012842,0.18012016470322473,0.08001990438298599
B0032,28,1.711582246191498,1.704864107351214,100.39405714574644,268,296,3.3500497479561155,2.6671246169170018,4.186996418231206,1.519871801314204,-3.858428126429743,3.9949368262887295,54.73589338579687,62.42580063958537,1592.187,43.0,0.0717615198628267,0.079782528012842,0.18012016470322473,0.08001990438298599
B0032,29,1.69510511952259,1.704864107351214,99.4275797240059,267,296,3.346822633241171,2.6334454972272856,4.187162136817356,1.5537166395900708,-3.8566873181204584,3.9949029619473433,54.73540508711326,62.5594040849182,1577.484,43.0,0.0717615198628267,0.079782528012842,0.18012016470322473,0.08001990438298599
B0032,30,1.7005124371100973,1.704864107351214,99.74474972976715,266,296,3.3445668126766406,2.6133538721871226,4.187124475593186,1.5737706034060635,-3.8827695760741974,3.99441842582716,54.74865999209295,62.582629376324434,1571.547,43.0,0.0717615198628267,0.079782528012842,0.18012016470322473,0.08001990438298599
B0032,31,1.7080989351250158,1.704864107351214,100.18974109196466,265,296,3.3426166901503263,2.647938106735209,4.181856074494181,1.5339179677589723,-3.882600911283088,3.9933943376990633,54.78747299373422,62.57090441669303,1578.484,43.0,0.0713737958044209,0.0791164876167491,0.1839752109819316,0.08002859416879053
B0032,32,1.691435430587127,1.704864107351214,99.21233154559452,264,296,3.34732439121854,2.6715941703662405,4.18690867607217,1.5153145057059292,-3.854937565206465,3.994505933062156,54.781382520592445,62.42898686923908,1574.469,43.0,0.0713737958044209,0.0791164876167491,0.1839752109819316,0.08002859416879053
B0032,33,1.6844494328889932,1.704864107351214,98.802562950666,263,296,3.3453547357724522,2.646261496806368,4.186886051758731,1.540624554952363,-3.854046236326502,3.9949900066471686,54.78435229628446,62.43152363917722,1568.281,43.0,0.0713737958044209,0.0791164876167491,0.1839752109819316,0.08002859416879053
B0032,34,1.664037581688075,1.704864107351214,97.60529150170393,262,296,3.346646262078225,2.6718636231921065,4.186961283097403,1.515097659905296,-3.825515955469031,3.9944555852207273,54.845012944023324,62.5729328576623,1561.422,43.0,0.0713737958044209,0.0791164876167491,0.1839752109819316,0.08002859416879053
B0032,35,1.6686372014231974,1.704864107351214,97.87508542341823,261,296,3.3430379418002483,2.6372752376377897,4.186797536056034,1.549522298418244,-3.852185223644289,3.994950149647624,54.84412055277582,62.57967644827836,1554.234,43.0,0.0713737958044209,0.0791164876167491,0.1839752109819316,0.08002859416879053
B0032,36,1.6899344075625968,1.704864107351214,99.12428798728052,260,296,3.3373798184076695,2.6027515790201994,4.180871809929545,1.578120230909346,-3.8529024760904163,3.9939090960595336,54.916794359881244,62.96996562520999,1573.734,43.0,0.0721461617558402,0.0800616640229892,0.18298015190444003,0.08091299786088997
B0032,37,1.669431712846442,1.704864107351214,97.92168804821505,259,296,3.343534769020288,2.634449644633184,4.186876840985748,1.5524271963525642,-3.824369401335111,3.9956769444125584,54.90429470994109,62.75574288944966,1566.578,43.0,0.0721461617558402,0.0800616640229892,0.18298015190444003,0.08091299786088997
B0032,38,1.6634226761839213,1.704864107351214,97.56922378806608,258,296,3.3406975425250534,2.612265282912701,4.186631058593124,1.5743657756804232,-3.850082677405248,3.995326411032614,54.85304065526831,62.70443033939053,1550.047,43.0,0.0721461617558402,0.0800616640229892,0.18298015190444003,0.08091299786088997
B0032,39,1.643615219594737,1.704864107351214,96.40740352897468,257,296,3.3456376475453258,2.6874948249577777,4.1868719484291095,1.4993771234713318,-3.820950546148158,3.993341726049872,54.870101858468004,62.46020747529598,1543.64,43.0,0.0721461617558402,0.0800616640229892,0.18298015190444003,0.08091299786088997
B0032,40,1.6358000873538243,1.704864107351214,95.94900146588856,256,296,3.33983349960651,2.6076358711453813,4.186758471539941,1.5791226003945593,-3.8197049752589796,3.992853792791997,54.91521152058179,62.78975435716677,1536.781,43.0,0.0721461617558402,0.0800616640229892,0.18298015190444003,0.08091299786088997
B0039,1,0.4729861500927512,0.4729861500927512,100.0,94,95,3.538833973977793,2.475664628588948,4.201433690744269,1.7257690621553206,-1.3777686088249814,3.9797908406119102,34.602296282226774,42.96184230643531,1489.953,24.0,0.1185198874494795,0.1479765884714088,0.10243494318949264,0.13958910982502012
B0039,2,0.4787632853388766,0.4729861500927512,101.22141742310902,93,95,3.523734020299432,2.480114715641411,4.20285727861485,1.7227425629734392,-1.414099580611061,3.9790518292907846,34.771517765327,43.90627471664096,1468.172,24.0,0.1185198874494795,0.1479765884714088,0.10243494318949264,0.13958910982502012
B0039,3,0.4711383364607152,0.4729861500927512,99.60933028764718,92,95,3.5290210250014034,2.4872303300157066,4.203125866428561,1.7158955364128543,-1.406242060472347,3.9782527352191823,34.709560141583104,44.013774813837145,1457.0,24.0,0.1185198874494795,0.1479765884714088,0.10243494318949264,0.13958910982502012
B0039,4,0.4668172561120673,0.4729861500927512,98.69575589486624,91,95,3.528853302126734,2.489183697067473,4.203130606417118,1.7139469093496453,-1.417553449529416,3.9809499540372766,34.65890294500357,42.92203104864584,1437.047,24.0,0.1185198874494795,0.1479765884714088,0.10243494318949264,0.13958910982502012
B0039,5,0.4699932676625547,0.4729861500927512,99.3672367722375,90,95,3.4540436783572668,2.498492440398465,4.199225453541231,1.7007330131427656,-1.705386422586468,3.978769669734932,35.44499437757343,43.24542727979999,1170.531,24.0,0.102144213673012,0.1277720421504528,0.144801283135177,0.12746549142142383
B0039,6,0.4627052684317185,0.4729861500927512,97.82638843462612,89,95,3.53257704827921,2.4971812527928607,4.201734819728371,1.7045535669355099,-1.409614813413039,3.9789079743390103,34.6176662375867,43.86578283702087,1436.141,24.0,0.1014537466753826,0.1311091085380788,0.13917027125906603,0.13281990158851287
B0039,7,0.4604944782656097,0.4729861500927512,97.35897725024466,88,95,3.5299976922060075,2.4988010332333745,4.202672121596153,1.7038710883627788,-1.4193953971803481,3.9785204745154576,34.65017232704175,43.67270130471354,1420.172,24.0,0.1014537466753826,0.1311091085380788,0.13917027125906603,0.13281990158851287
B0039,8,0.4412227248835694,0.4729861500927512,93.28449147972873,87,95,3.5156652919077627,2.487295552712161,4.202779797627703,1.715484244915542,-1.4499971979709174,3.979713822284996,34.822277873738145,43.79137016976176,1397.0,24.0,0.1014537466753826,0.1311091085380788,0.13917027125906603,0.13281990158851287
B0039,9,0.4435442194396584,0.4729861500927512,93.77530808305501,86,95,3.5295294248045366,2.4958019219001284,4.202689684084776,1.7068877621846474,-1.4318958455799566,3.982043712047701,34.67233382014022,43.92654641714406,1393.25,24.0,0.1014537466753826,0.1311091085380788,0.13917027125906603,0.13281990158851287
B0039,10,0.4126655541164234,0.4729861500927512,87.24685787004564,85,95,3.52826089394077,2.498934011647546,4.202868370613372,1.7039343589658258,-1.4237231581935579,3.979711977994799,34.74469432520436,43.36143647499468,1380.938,24.0,0.1014537466753826,0.1311091085380788,0.13917027125906603,0.13281990158851287
B0039,11,1.7461791006389626,0.4729861500927512,369.18186722730513,84,95,3.6461406726770127,2.4987062304520014,4.197294023274615,1.698587792822614,-0.9931771469825759,1.0009808343171922,44.007524345018545,48.10057733769074,6375.828,44.0,0.0965011379673775,0.125814495398153,0.15673233484558055,0.1266247891926351
B0039,12,1.7695250734505363,0.4729861500927512,374.1177353932113,83,95,3.64392186740937,2.473002904156423,4.204972433209606,1.7319695290531825,-0.9751829593896583,1.0025756987118928,46.67611297517316,48.36094927051516,6574.671,44.0,0.10575691934226,0.1166590648817664,0.1851301372707994,0.12022193983403621
B0039,13,1.7715391419501945,0.4729861500927512,374.54355515543125,82,95,3.646350059209468,2.489434465017692,4.208448210539393,1.7190137455217007,-0.9751939760319923,1.0031061081836674,46.6383045331837,48.20507797013392,6571.156000000003,44.0,0.10575691934226,0.1166590648817664,0.1851301372707994,0.12022193983403621
B0039,14,1.770625483958279,0.4729861500927512,374.35038713312525,81,95,3.645585479395615,2.473981445559395,4.206898230242775,1.73291678468338,-0.9750119009804336,1.0000100485815209,46.624310116631904,48.18149876688975,6569.11,44.0,0.10575691934226,0.1166590648817664,0.1851301372707994,0.12022193983403621
B0039,15,1.7704040639447296,0.4729861500927512,374.3035739202001,80,95,3.6468115454863126,2.4673788761032256,4.207946244454896,1.7405673683516705,-0.9763225329640914,1.0011404247002111,46.60181681852236,48.22285805925047,6558.75,44.0,0.10575691934226,0.1166590648817664,0.1851301372707994,0.12022193983403621
B0039,16,1.769508178880176,0.4729861500927512,374.1141634978489,79,95,3.6451349051966417,2.458737817987512,4.207227267233697,1.7484894492461849,-0.9746122484452725,0.9997689271977604,46.64079559317347,48.3111327307896,6567.516,44.0,0.10575691934226,0.1166590648817664,0.1851301372707994,0.12022193983403621
B0039,17,1.7638356274269416,0.4729861500927512,372.91485746063785,78,95,3.6561026070574316,2.4562277920171924,4.197666044398925,1.7414382523817329,-0.991639778772074,1.0007520082133683,46.65269866016946,48.31988246057892,6430.172,44.0,0.1043106805566972,0.1150229358356421,0.18057489190686837,0.11670552772775244
B0039,18,1.7715725869786123,0.4729861500927512,374.55062619301054,77,95,3.6458870173477007,2.437931364664341,4.2045074487347165,1.7665760840703757,-0.9776620652375614,1.0001244493615749,46.637301691869546,48.19161251147565,6554.327999999994,44.0,0.1037226007504304,0.1158034441415268,0.18389915689047498,0.11865189357988476
B0039,19,1.7701196454489685,0.4729861500927512,374.2434413992573,76,95,3.645766068703999,2.4476008226100348,4.208084129481043,1.7604833068710084,-0.97593374546125,1.0009890843051303,46.62385161772923,48.22746339794149,6560.922,44.0,0.1037226007504304,0.1158034441415268,0.18389915689047498,0.11865189357988476
B0039,20,1.766756975286052,0.4729861500927512,373.53249665758625,75,95,3.6446971444609972,2.467377500135635,4.207142953751636,1.739765453616001,-0.9744225907364069,0.999878987544532,46.59535143073503,48.171946839870586,6559.047,44.0,0.1037226007504304,0.1158034441415268,0.18389915689047498,0.11865189357988476
B0039,21,1.7648743629092642,0.4729861500927512,373.13446970131736,74,95,3.643834980413121,2.457416820096295,4.207099547920701,1.749682727824406,-0.974188913140975,0.9998571461225196,46.59281927437506,48.20204512091098,6553.781,44.0,0.1037226007504304,0.1158034441415268,0.18389915689047498,0.11865189357988476
B0039,22,1.763838685943225,0.4729861500927512,372.91550410035074,73,95,3.6455211713700875,2.470228395185217,4.2078293027865055,1.7376009076012884,-0.975611434926553,1.0000003263864057,46.595538716376765,48.20808548312476,6540.187,44.0,0.1037226007504304,0.1158034441415268,0.18389915689047498,0.11865189357988476
B0039,23,1.7657225752056789,0.4729861500927512,373.3138010192108,72,95,3.6442867502271574,2.47756542534469,4.20415549392574,1.7265900685810505,-0.9755764719558602,1.0004178749173285,46.615922853146614,48.216947901934525,6535.922,44.0,0.1021636716592339,0.1157783767436508,0.17793293499070045,0.116096080933913
B0039,24,1.7645632809383045,0.4729861500927512,373.0686999169593,71,95,3.6438395995465793,2.480137502417058,4.2074857099225,1.7273482075054414,-0.9738254896234411,0.999529179518921,46.61306744285817,48.23861432117145,6544.078,44.0,0.1021636716592339,0.1157783767436508,0.17793293499070045,0.116096080933913
B0039,25,1.7608991948479125,0.4729861500927512,372.2940290117597,70,95,3.6432430775983096,2.4411463439008707,4.207192516257174,1.7660461723563032,-0.9753455155568392,1.0024734646700488,46.60739102749507,48.2409468668017,6531.187,44.0,0.1021636716592339,0.1157783767436508,0.17793293499070045,0.116096080933913
B0039,26,1.7598362095817717,0.4729861500927512,372.069289816768,69,95,3.6429596917730023,2.4393843779206725,4.207616345532635,1.7682319676119627,-0.9751784320040705,1.0005732751031589,46.59731896053421,48.28638353591076,6528.562,44.0,0.1021636716592339,0.1157783767436508,0.17793293499070045,0.116096080933913
B0039,27,1.7590955400143164,0.4729861500927512,371.9126954709695,68,95,3.6431420009845095,2.49689484054888,4.207147287931799,1.7102524473829193,-0.973600435800719,1.0008157279135228,46.60563234024716,48.23633627651948,6525.187,44.0,0.1021636716592339,0.1157783767436508,0.17793293499070045,0.116096080933913
B0039,28,1.7560495443976525,0.4729861500927512,371.26870291091956,67,95,3.6420393576004138,2.465533668800099,4.204165409407158,1.7386317406070586,-0.9749580537234221,1.000236431675222,46.62474216211915,48.2681944116944,6515.938,44.0,0.1047400112572983,0.1174857532001665,0.17368044417750142,0.11953323405740413
B0039,29,1.7571677199949287,0.4729861500927512,371.50511059369353,66,95,3.6405822186622365,2.487866062972102,4.206316214831835,1.718450151859733,-0.9716546701373575,1.0006688784958595,46.6386326424737,48.25892855404056,6532.015,44.0,0.1047400112572983,0.1174857532001665,0.17368044417750142,0.11953323405740413
B0039,30,1.7558911269459976,0.4729861500927512,371.23520986854953,65,95,3.640101281169697,2.480376897645346,4.20729233602744,1.7269154383820942,-0.9715222945577332,1.000189600537282,46.624080824947505,48.27406092264485,6527.922,44.0,0.1047400112572983,0.1174857532001665,0.17368044417750142,0.11953323405740413
B0039,31,1.7533419072229914,0.4729861500927512,370.69624699986804,64,95,3.6389138404319183,2.423512955443349,4.207400407989978,1.7838874525466286,-0.9730192985244435,1.002543132516972,46.6573959514452,48.37743085469793,6519.328,44.0,0.1047400112572983,0.1174857532001665,0.17368044417750142,0.11953323405740413
B0039,32,1.7506673845335168,0.4729861500927512,370.13079224205956,63,95,3.6390963886375602,2.4421166575524973,4.207172779835573,1.7650561222830756,-0.9728763615065116,1.0002377370623996,46.69850634609825,48.34229218799801,6510.063,44.0,0.1047400112572983,0.1174857532001665,0.17368044417750142,0.11953323405740413
B0039,33,1.7510006664162403,0.4729861500927512,370.20125559128405,62,95,3.639310178523211,2.48916723023537,4.203796739473216,1.7146295092378456,-0.9727174864909479,1.000266726704825,46.70366699259687,48.35205523072366,6501.718,44.0,0.1038891605166846,0.1159864988348776,0.18334304365258886,0.11975587273610626
B0039,34,1.7496058853847871,0.4729861500927512,369.9063672459954,61,95,3.6382966465278597,2.486277943958813,4.207405098710311,1.7211271547514975,-0.9708770463110533,1.0005563283787111,46.69858207228199,48.36227474052515,6509.047,44.0,0.1038891605166846,0.1159864988348776,0.18334304365258886,0.11975587273610626
B0039,35,1.7477359172183355,0.4729861500927512,369.51101356257675,60,95,3.6368192187368806,2.4621592876012923,4.206949746343375,1.744790458742083,-0.9707953984260251,1.0033647356784487,46.68478011498361,48.39407566049798,6502.438,44.0,0.1038891605166846,0.1159864988348776,0.18334304365258886,0.11975587273610626
B0039,36,1.7444225468099093,0.4729861500927512,368.81049190718016,59,95,3.634846725471178,2.419307605326947,4.20717367641765,1.7878660710907028,-0.9707512160925147,1.001627835766793,46.691631182155156,48.40712816602448,6502.047,44.0,0.1038891605166846,0.1159864988348776,0.18334304365258886,0.11975587273610626
B0039,37,1.743308366083936,0.4729861500927512,368.5749288308079,58,95,3.635905813888798,2.498091152649448,4.206902271296153,1.7088111186467052,-0.9689523533406329,1.0019022091888887,46.752413955353425,48.476824345274245,6498.86,44.0,0.1038891605166846,0.1159864988348776,0.18334304365258886,0.11975587273610626
B0039,38,1.6556691733888471,0.4729861500927512,350.04601573728434,57,95,3.4708414429615604,2.4729033909981424,4.196674813894532,1.7237714228963896,-1.897442497029331,1.99287097541368,49.300859599002976,52.90221489344579,3162.047,44.0,0.1036796428951875,0.1158299310131187,0.174514170352849,0.1182896780247123
B0039,39,1.64297669457593,0.4729861500927512,347.3625378362025,56,95,3.4717307267626065,2.482404434239833,4.204257320385259,1.721852886145426,-1.8762389619942326,1.9925221850874488,49.34643167372232,53.04880173105535,3173.141,44.0,0.1026017419107234,0.1152245944059326,0.1796692028134988,0.11653557506028583
B0039,40,1.6343822729361266,0.4729861500927512,345.54548217017117,55,95,3.470065952813119,2.4529055944220666,4.206474730273981,1.7535691358519143,-1.8688554169399538,1.9931619036045067,49.35236153077406,53.017440171542674,3169.844,44.0,0.1026017419107234,0.1152245944059326,0.1796692028134988,0.11653557506028583
B0039,41,1.62650670621656,0.4729861500927512,343.88040873873507,54,95,3.468937839466871,2.442965370421763,4.206865048530781,1.7638996781090177,-1.867958006398749,1.993232599772215,49.34646841409122,53.07430485716129,3156.563,44.0,0.1026017419107234,0.1152245944059326,0.1796692028134988,0.11653557506028583
B0039,42,1.618865991735961,0.4729861500927512,342.26498839733597,53,95,3.468115577491925,2.450251182214539,4.206889463177472,1.7566382809629326,-1.8602935835155212,1.9927135137255616,49.35565140520816,53.15177003577248,3155.047,44.0,0.1026017419107234,0.1152245944059326,0.1796692028134988,0.11653557506028583
B0039,43,1.6114968339209264,0.4729861500927512,340.70698129425494,52,95,3.467077155738093,2.447037438010891,4.206575007421019,1.7595375694101283,-1.8593916153072554,1.993347127383864,49.368284273788476,53.01718592680281,3142.312,44.0,0.1026017419107234,0.1152245944059326,0.1796692028134988,0.11653557506028583
B0039,44,1.3240805773461226,0.4729861500927512,279.94066572276466,51,95,3.2199500199575746,2.4740907394153795,4.189178895374635,1.7150881559592555,-3.2987153931778748,3.979768153681504,55.97390404609549,63.94078057196598,1485.047,44.0,0.104595721931662,0.1170178272898286,0.17533678327159707,0.11839748650895975
B0039,45,1.3153386221697692,0.4729861500927512,278.0924181208763,50,95,3.22661988786129,2.442276380666166,4.204083091786472,1.7618067111203066,-3.2988222829259044,3.979638522408062,55.95647115817562,64.14381595669508,1489.313,44.0,0.1065281068779178,0.1181904738199603,0.1705146895968947,0.11794523419060265
B0040,1,0.6734628137095633,0.6734628137095633,100.0,45,46,3.2570770872838057,2.689034363728547,4.068028641979544,1.378994278250997,-2.496194310605518,3.998404971746896,34.520854008155766,40.67740211970284,982.938,24.0,0.1219059975893953,0.1476116036789185,0.1682308624844031,0.14628491318782677
B0040,2,0.7913062105760345,0.6734628137095633,117.4981297359786,44,46,3.435168668765134,2.69442244998024,4.181329419378459,1.4869069693982189,-1.9461397110184737,3.996235657636858,34.02922924081149,41.121867004450536,1489.953,24.0,0.1219059975893953,0.1476116036789185,0.1682308624844031,0.14628491318782677
B0040,3,0.7865824034601745,0.6734628137095633,116.79670910521796,43,46,3.4309758033508495,2.6769978869674524,4.182169713231169,1.5051718262637168,-1.9452201291903763,3.995936989432765,34.012090723638956,41.63283156392668,1479.703,24.0,0.1219059975893953,0.1476116036789185,0.1682308624844031,0.14628491318782677
B0040,4,0.7795871426061582,0.6734628137095633,115.75800871796345,42,46,3.4348636528845424,2.675172001926867,4.1821186375364,1.5069466356095327,-1.9447435736678282,3.9961379781309794,33.978388906178346,41.715752737182754,1468.172,24.0,0.1219059975893953,0.1476116036789185,0.1682308624844031,0.14628491318782677
B0040,5,0.7628241523125163,0.6734628137095633,113.26893434705528,41,46,3.445308801417867,2.69268420954805,4.181769825430115,1.4890856158820656,-1.9174672773069694,3.99493304951291,33.83721613724266,41.61695629052659,1457.0,24.0,0.1219059975893953,0.1476116036789185,0.1682308624844031,0.14628491318782677
B0040,6,0.7405021514606399,0.6734628137095633,109.95442307821139,40,46,3.458759767508341,2.695919341909784,4.181957861733809,1.4860385198240254,-1.88809363687247,3.9985251055256814,33.67935609685469,40.41568117134027,1437.047,24.0,0.1219059975893953,0.1476116036789185,0.1682308624844031,0.14628491318782677
B0040,7,0.7783970881100656,0.6734628137095633,115.5813019315059,39,46,3.344897364124835,2.6973035934049494,4.177687640263026,1.480384046858077,-2.4160677054793758,3.995894881418469,34.856675647434145,41.6427020562054,1170.531,24.0,0.1173595250393376,0.141946277814117,0.17329638848009712,0.14099930312664308
B0040,8,0.7733165409025605,0.6734628137095633,114.82691028521434,38,46,3.435394313904374,2.680482862570943,4.181217465945281,1.5007346033743376,-1.9695300241186462,3.9948545437295775,33.93437846177736,41.666127528934624,1436.141,24.0,0.116436023638212,0.1430713061031339,0.17283078243942876,0.14535300586314864
B0040,9,0.7589575236409498,0.6734628137095633,112.69479297015157,37,46,3.4407328862516335,2.686758150797836,4.182275640250018,1.4955174894521819,-1.9553056005388323,3.99613146519462,33.87341008861747,41.55823578501682,1420.172,24.0,0.116436023638212,0.1430713061031339,0.17283078243942876,0.14535300586314864
B0040,10,0.7407399462256391,0.6734628137095633,109.98973234253282,36,46,3.4424940628831777,2.674688015022009,4.181827468882669,1.5071394538606597,-1.9401168646905238,3.996235079267833,33.801632457231946,41.25451200429936,1397.0,24.0,0.116436023638212,0.1430713061031339,0.17283078243942876,0.14535300586314864
B0040,11,0.7446218752617147,0.6734628137095633,110.56614561391945,35,46,3.4441875855764166,2.686289969564933,4.181567286734688,1.4952773171697546,-1.954173143017623,3.995317141166538,33.841214598826475,40.05463707446548,1393.25,24.0,0.116436023638212,0.1430713061031339,0.17283078243942876,0.14535300586314864
B0040,12,0.7149875629820736,0.6734628137095633,106.16585629186916,34,46,3.458256040593686,2.6945279873006065,4.181983804533861,1.4874558172332542,-1.8954416195145705,3.995361067358871,33.68915739169769,40.76452850374992,1380.938,24.0,0.116436023638212,0.1430713061031339,0.17283078243942876,0.14535300586314864
B0040,13,1.7075144448533202,0.6734628137095633,253.54249857508847,33,46,3.624872673514505,2.682915069119874,4.175387518911088,1.4924724497912139,-0.9641877110703866,1.0054061310164104,44.27504698193625,47.45925542600303,6375.828,44.0,0.116667291895821,0.1408031763916089,0.1795817835013487,0.14511523222652412
B0040,14,1.730880859428193,0.6734628137095633,257.01209097116543,32,46,3.6219123150772736,2.6893633842231077,4.183371957728605,1.4940085735054973,-0.9482972559679383,1.0045560878148372,46.496780020843715,47.733284854985534,6574.671,44.0,0.1243501349471261,0.1344066738421317,0.1929140029903146,0.1338987211409382
B0040,15,1.7328212845233328,0.6734628137095633,257.30021750994956,31,46,3.621615017492515,2.663011590614207,4.185403574589526,1.5223919839753193,-0.9497815137936721,1.0039916444953547,46.4678468881245,47.68533526444168,6571.156000000003,44.0,0.1243501349471261,0.1344066738421317,0.1929140029903146,0.1338987211409382
B0040,16,1.7317734323431513,0.6734628137095633,257.1446258189385,30,46,3.622864388629409,2.6936866986118786,4.185139783184118,1.4914530845722394,-0.9494868615948265,1.0035412359730254,46.45190241544343,47.67231335727975,6569.11,44.0,0.1243501349471261,0.1344066738421317,0.1929140029903146,0.1338987211409382
B0040,17,1.7341296392350067,0.6734628137095633,257.49449025746287,29,46,3.6220494199910203,2.644136217828117,4.185518450705473,1.541382232877356,-0.9521447667439508,1.0033495846328242,46.440231939332925,47.70025798751115,6558.75,44.0,0.1243501349471261,0.1344066738421317,0.1929140029903146,0.1338987211409382
B0040,18,1.7334756929990074,0.6734628137095633,257.39738820183527,28,46,3.622162963654601,2.6743889241293517,4.185427919430507,1.511038995301155,-0.9505422244648805,1.0030055331887324,46.465222077063906,47.70250785089967,6567.516,44.0,0.1243501349471261,0.1344066738421317,0.1929140029903146,0.1338987211409382
B0040,19,1.7243057179457877,0.6734628137095633,256.0357725540893,27,46,3.629361907913309,2.6812131139529,4.176190564871368,1.4949774509184683,-0.9652916551188272,1.0027747249074537,46.49072067213048,47.77567590438216,6430.172,44.0,0.1233564920742878,0.1331525400570718,0.1873015752031153,0.13322624201548755
B0040,20,1.7318975861687205,0.6734628137095633,257.1630609608709,26,46,3.6234871903936696,2.6999262584848243,4.182711714289401,1.482785455804577,-0.9515172757333833,1.0034382664884212,46.47888431603475,47.68448077336878,6554.327999999994,44.0,0.1225040186823496,0.1331619275624537,0.19070874473825936,0.13306509750808707
B0040,21,1.7333691208377455,0.6734628137095633,257.3815636961473,25,46,3.6222932883799372,2.67095044814488,4.185107481198763,1.5141570330538832,-0.9513915692974558,1.00341328437475,46.45480276183313,47.66868390973605,6560.922,44.0,0.1225040186823496,0.1331619275624537,0.19070874473825936,0.13306509750808707
B0040,22,1.732175650153278,0.6734628137095633,257.20434965252497,24,46,3.622128684193048,2.677767553221005,4.185322736341408,1.5075551831204028,-0.9510427335186784,1.004224655039593,46.423098338329766,47.63553822379171,6559.047,44.0,0.1225040186823496,0.1331619275624537,0.19070874473825936,0.13306509750808707
B0040,23,1.7334832776102866,0.6734628137095633,257.39851441268536,23,46,3.6212784001178204,2.6464594317551624,4.185286474015191,1.5388270422600288,-0.9524743606309494,1.0021217239246465,46.417883981463206,47.64097688926351,6553.781,44.0,0.1225040186823496,0.1331619275624537,0.19070874473825936,0.13306509750808707
B0040,24,1.732372495746513,0.6734628137095633,257.2335785259279,22,46,3.6222214851987244,2.654408689336339,4.185544800435261,1.5311361110989226,-0.95386146065853,1.0037473971660458,46.41962937983975,47.67660695857828,6540.187,44.0,0.1225040186823496,0.1331619275624537,0.19070874473825936,0.13306509750808707
B0040,25,1.7338175297202416,0.6734628137095633,257.44814627106723,21,46,3.621600293236707,2.6386466599890395,4.182805883908282,1.5441592239192423,-0.9551274962002001,1.0028648893332504,46.437216774742105,47.670062907549664,6535.922,44.0,0.1222009388184009,0.1326713927654389,0.19678686636682038,0.134297252104349
B0040,26,1.7329630786357868,0.6734628137095633,257.32127199277585,20,46,3.621303558836112,2.650918288963567,4.184959782592119,1.534041493628552,-0.9535557918067024,1.0029366943014713,46.44051551612336,47.67504818462313,6544.078,44.0,0.1222009388184009,0.1326713927654389,0.19678686636682038,0.134297252104349
B0040,27,1.731883908457334,0.6734628137095633,257.161030008143,19,46,3.6217314334668362,2.6471595195723987,4.184990348881109,1.5378308293087102,-0.9547864424869567,1.0055702938792732,46.438246093452804,47.66226480407664,6531.187,44.0,0.1222009388184009,0.1326713927654389,0.19678686636682038,0.134297252104349
B0040,28,1.7306960059812662,0.6734628137095633,256.984642767172,18,46,3.6224802575418096,2.669669356026842,4.1849433685502655,1.5152740125234234,-0.9544935502891163,1.0035201801507372,46.419799968945064,47.65776484346084,6528.562,44.0,0.1222009388184009,0.1326713927654389,0.19678686636682038,0.134297252104349
B0040,29,1.7296011601947467,0.6734628137095633,256.82207316952946,17,46,3.6227913336348077,2.6833023579431665,4.184970988659253,1.5016686307160865,-0.95437046004151,1.0023712414422137,46.41925960985013,47.65588226485245,6525.187,44.0,0.1222009388184009,0.1326713927654389,0.19678686636682038,0.134297252104349
B0040,30,1.7296187381064656,0.6734628137095633,256.8246832485659,16,46,3.6219039988656228,2.664835318499988,4.182014111969684,1.517178793469696,-0.9556526843949636,1.0031895155635666,46.442880190211326,47.68924379895171,6515.938,44.0,0.1219858711115269,0.1333987629956205,0.19253426945683327,0.13423457056398702
B0040,31,1.7307198617163877,0.6734628137095633,256.98818501696456,15,46,3.6231487093600996,2.695190974478952,4.185325352263018,1.4901343777840657,-0.9540072055241993,1.0022727458635838,46.45501075115101,47.68013294716548,6532.015,44.0,0.1219858711115269,0.1333987629956205,0.19253426945683327,0.13423457056398702
B0040,32,1.729274556175907,0.6734628137095633,256.7735769478835,14,46,3.620727454558004,2.659441128426158,4.18476201200528,1.5253208835791225,-0.9537643838011659,1.004096237718038,46.42899601057107,47.69683888709109,6527.922,44.0,0.1219858711115269,0.1333987629956205,0.19253426945683327,0.13423457056398702
B0040,33,1.7297962212599596,0.6734628137095633,256.85103706497284,13,46,3.620851281939705,2.645724055946119,4.184831315830137,1.5391072598840183,-0.9552956614335978,1.0023111389899824,46.4460831551733,47.68346890250753,6519.328,44.0,0.1219858711115269,0.1333987629956205,0.19253426945683327,0.13423457056398702
B0040,34,1.7268942069037494,0.6734628137095633,256.4201276966849,12,46,3.6223530356435982,2.686333486141192,4.184646274630554,1.4983127884893617,-0.9549687460528705,1.0020932273329095,46.477279245422224,47.72656082449746,6510.063,44.0,0.1219858711115269,0.1333987629956205,0.19253426945683327,0.13423457056398702
B0040,35,1.7272191689306016,0.6734628137095633,256.46838010501943,11,46,3.621799074855713,2.67226557137279,4.182435522794885,1.5101699514220948,-0.9564508369268612,1.0026245473984143,46.50566493668475,47.7336433887077,6501.718,44.0,0.1212139471823516,0.1336918157710993,0.19114372427782844,0.13535224848439922
B0040,36,1.7285674981160106,0.6734628137095633,256.6685885141493,10,46,3.620827200366945,2.6426430588133014,4.184925895802646,1.5422828369893447,-0.9560639609053613,1.0031176329618126,46.489529302216496,47.73354479118836,6509.047,44.0,0.1212139471823516,0.1336918157710993,0.19114372427782844,0.13535224848439922
B0040,37,1.726636381605547,0.6734628137095633,256.3818441726426,9,46,3.6206286090197306,2.6490836320353925,4.184718733685154,1.5356351016497611,-0.9559267781293634,1.007180550602924,46.47422502580763,47.74132595782936,6502.438,44.0,0.1212139471823516,0.1336918157710993,0.19114372427782844,0.13535224848439922
B0040,38,1.7262424141835069,0.6734628137095633,256.32334540863957,8,46,3.620461858040284,2.65252579490315,4.184688819147048,1.5321630242438982,-0.955732355842102,1.0057632619161987,46.467598009037445,47.73740327080965,6502.047,44.0,0.1212139471823516,0.1336918157710993,0.19114372427782844,0.13535224848439922
B0040,39,1.72527259276029,0.6734628137095633,256.1793402158547,7,46,3.6207850957418692,2.6675427612038987,4.184286661063821,1.516743899859922,-0.9557348422192878,1.0036710316885369,46.50711933936233,47.780084445812335,6498.86,44.0,0.1212139471823516,0.1336918157710993,0.19114372427782844,0.13535224848439922
B0040,40,1.666802687745505,0.6734628137095633,247.4973604799995,6,46,3.4599911073457075,2.6781395492001447,4.176406009176324,1.498266459976179,-1.8959184882594955,1.9993456181076448,48.821116047310866,51.74025766413764,3162.047,44.0,0.1226026050513524,0.133347275961549,0.19738760962810661,0.13522748133214202
B0040,41,1.666754853762041,0.6734628137095633,247.4902577888797,5,46,3.459413541721385,2.637555628457468,4.182388453906596,1.5448328254491281,-1.888918960223662,1.999341108890042,48.86273917281783,51.80596353207629,3173.141,44.0,0.1232360911234898,0.1340413122109681,0.18934966281037585,0.1374544202405782
B0040,42,1.6583274448761054,0.6734628137095633,246.23890304228047,4,46,3.4606411813742883,2.654677503869026,4.184674961031428,1.529997457162402,-1.8816448898300142,1.9995292630247652,48.859668212563015,51.79140734732303,3169.844,44.0,0.1232360911234898,0.1340413122109681,0.18934966281037585,0.1374544202405782
B0040,43,1.65032263550715,0.6734628137095633,245.0502985334638,3,46,3.4619795504624093,2.6785586854358763,4.184986819959415,1.506428134523539,-1.8804793058771856,2.000878662224101,48.84759659003841,51.7543308845732,3156.563,44.0,0.1232360911234898,0.1340413122109681,0.18934966281037585,0.1374544202405782
B0040,44,1.6493406341242296,0.6734628137095633,244.9044847835536,2,46,3.4582381856512225,2.619691419158041,4.184706989313181,1.5650155701551398,-1.8804459095886619,2.0047864831033904,48.86015453747502,51.86320043661648,3155.047,44.0,0.1232360911234898,0.1340413122109681,0.18934966281037585,0.1374544202405782
B0040,45,1.641919055037739,0.6734628137095633,243.80248198021977,1,46,3.460434749861773,2.6631019561941023,4.184343189730703,1.521241233536601,-1.8794616528353505,1.999637685107115,48.85593683732135,51.81917888349145,3142.312,44.0,0.1232360911234898,0.1340413122109681,0.18934966281037585,0.1374544202405782
B0040,46,0.425812451177779,0.6734628137095633,63.22731448709421,0,46,3.7482973521924325,1.7489828090032309,4.168100705327105,2.419117896323874,-1.045884107237702,3.995168139661149,49.04132294442338,53.95646661253941,1485.047,44.0,0.1236963990271704,0.1341759139695069,0.19329890684124829,0.13709489332883568
B0040,47,0.5569902643736575,0.6734628137095633,82.705422338859,0,46,3.653849277043623,2.535468112391112,4.1824060069381375,1.6469378945470257,-1.3616845329264926,3.995770620186177,50.17313973556242,55.67880428959517,1489.313,44.0,0.1385168925070375,0.1498897237364264,0.14869220499744304,0.15088756670145237
B0029,1,1.697507332205763,1.697507332205763,100.0,237,238,3.3651860477851834,1.999936473158621,4.122758586822445,2.122822113663824,-3.9753962170197243,4.025628898561539,51.631545591665024,58.72626885895911,1572.359,43.0,0.0283404555299767,0.0447022577166673,0.1643807617480874,0.046799581687659374
B0029,2,1.844701206961174,1.697507332205763,108.67117755327426,236,238,3.3905928994464873,1.852059092593436,4.20134576801382,2.3492866754203847,-3.9342485526057955,4.025958335657771,52.84944288631656,59.76796387174703,1723.281,43.0,0.0283404555299767,0.0447022577166673,0.1643807617480874,0.046799581687659374
B0029,3,1.8254376674722927,1.697507332205763,107.53636422296307,235,238,3.3944582472061784,1.8857258246963948,4.20075138362936,2.315025558932965,-3.9332952670181975,4.026389228000425,52.905865867265994,59.844347317645614,1705.906,43.0,0.0283404555299767,0.0447022577166673,0.1643807617480874,0.046799581687659374
B0029,4,1.815750429913437,1.697507332205763,106.96568995398846,234,238,3.394696317253661,1.8534777499421091,4.20121939681188,2.347741646869771,-3.932113456162452,4.026146941716451,52.90438507577814,59.9199472840752,1697.688,43.0,0.0283404555299767,0.0447022577166673,0.1643807617480874,0.046799581687659374
B0029,5,1.8132993337127028,1.697507332205763,106.82129610341524,233,238,3.398579443319999,1.913443763136564,4.20151734595852,2.2880735828219567,-3.931581069158435,4.025666629939814,52.87534956891003,59.89475354681757,1686.094,43.0,0.0283404555299767,0.0447022577166673,0.1643807617480874,0.046799581687659374
B0029,6,1.8151647619660576,1.697507332205763,106.93118830935529,232,238,3.3970260675114696,1.9392366668780088,4.190431936024234,2.2511952691462254,-3.976472905870513,4.025842153897144,52.762650424805656,59.58813236464061,1678.563,43.0,0.0281413211997284,0.0395426241816272,0.15231195523509536,0.04244274640207352
B0029,7,1.8143317955190057,1.697507332205763,106.88211833297,231,238,3.4017447799349796,1.926680416628282,4.20151685379873,2.274836437170448,-3.953172457226365,4.02540869735572,52.78843384352056,59.81336613073259,1677.469,43.0,0.0281413211997284,0.0395426241816272,0.15231195523509536,0.04244274640207352
B0029,8,1.801343601809866,1.697507332205763,106.11698504236662,230,238,3.400790257856999,1.89070792341858,4.201511694320507,2.310803770901927,-3.952037378872224,4.0262930686050655,52.7841972696045,59.75433532594285,1666.093,43.0,0.0281413211997284,0.0395426241816272,0.15231195523509536,0.04244274640207352
B0029,9,1.7881558802945825,1.697507332205763,105.34009758715031,229,238,3.4030834056443755,1.93249158993614,4.201805179645606,2.2693135897094665,-3.951642628329456,4.0260391640732776,52.75173838351513,59.7737242563152,1654.328,43.0,0.0281413211997284,0.0395426241816272,0.15231195523509536,0.04244274640207352
B0029,10,1.7760714604539518,1.697507332205763,104.62820553158387,228,238,3.4052467951556413,1.9713665258317916,4.201438773335668,2.2300722475038763,-3.9514812160488924,4.026327827070244,52.7506031720156,59.80010734859943,1643.812,43.0,0.0281413211997284,0.0395426241816272,0.15231195523509536,0.04244274640207352
B0029,11,1.7852807447597443,1.697507332205763,105.1707236186089,227,238,3.3969592538295337,1.852379628685352,4.19368630303113,2.3413066743457787,-3.974136073511709,4.026273510345562,52.76187024768883,59.92418745751934,1652.266,43.0,0.0288621768903095,0.0397409356337989,0.14697777885636404,0.04145033245385818
B0029,12,1.7698116401111978,1.697507332205763,104.25944009393359,226,238,3.3978270130572263,1.8385968486453488,4.20025041732416,2.361653568678811,-3.94933484428352,4.027610977919839,52.810328108304326,60.120904895462246,1648.672,43.0,0.0288621768903095,0.0397409356337989,0.14697777885636404,0.04145033245385818
B0029,13,1.7565231680521758,1.697507332205763,103.47661743350038,225,238,3.3976547229925322,1.8332269197665616,4.200366031445772,2.3671391116792107,-3.948773942479504,4.026372824644528,52.803620504971605,60.15908336784943,1636.969,43.0,0.0288621768903095,0.0397409356337989,0.14697777885636404,0.04145033245385818
B0029,14,1.7543413277348154,1.697507332205763,103.34808542212312,224,238,3.400358560849027,1.8809955356138472,4.199929373943819,2.318933838329972,-3.9481894541359304,4.026624128013423,52.774286568476356,60.0330623550184,1625.187,43.0,0.0288621768903095,0.0397409356337989,0.14697777885636404,0.04145033245385818
B0029,15,1.7392875506998715,1.697507332205763,102.46126880876672,223,238,3.3951054015762527,1.800038174333754,4.199792574461424,2.39975440012767,-3.946655613412357,4.027030400371651,52.80429201579515,60.155675284547456,1622.016,43.0,0.0288621768903095,0.0397409356337989,0.14697777885636404,0.04145033245385818
B0029,16,1.7797845109331345,1.697507332205763,104.84694099202856,222,238,3.3952154633066995,1.9415928705254093,4.186389353535962,2.2447964830105533,-3.97371791832226,4.026417322328161,52.721179096315566,59.70826330240836,1638.422,43.0,0.0282937539623187,0.039916894661314,0.14737665024463592,0.04045855341335375
B0029,17,1.7657088508465202,1.697507332205763,104.01774515766806,221,238,3.400939370892573,1.972461938837724,4.200779737725044,2.2283177988873204,-3.924297634283963,4.026696437352965,52.76566676387698,59.826072535975634,1646.438,43.0,0.0282937539623187,0.039916894661314,0.14737665024463592,0.04045855341335375
B0029,18,1.7523941408724169,1.697507332205763,103.23337682408318,220,238,3.3990966930758852,1.9166086737918733,4.20106410059631,2.2844554268044366,-3.922569043688066,4.026796677718367,52.80160858510679,59.97193555147316,1634.765,43.0,0.0282937539623187,0.039916894661314,0.14737665024463592,0.04045855341335375
B0029,19,1.7380191225603103,1.697507332205763,102.3865458243356,219,238,3.4005060708668395,1.941628602033569,4.20039236023258,2.2587637581990108,-3.9219324486852223,4.026614754186135,52.76338281760698,59.90509096707212,1622.016,43.0,0.0282937539623187,0.039916894661314,0.14737665024463592,0.04045855341335375
B0029,20,1.7312214443143976,1.697507332205763,101.98609522733702,218,238,3.397536794846482,1.8754484122099284,4.200576454073823,2.3251280418638944,-3.920549166756126,4.027889167613304,52.793663259837146,60.003884509148,1616.25,43.0,0.0282937539623187,0.039916894661314,0.14737665024463592,0.04045855341335375
B0029,21,1.7379128985265808,1.697507332205763,102.38028817632936,217,238,3.391570729569499,1.8380927294124036,4.194709553890768,2.3566168244783645,-3.9453058787745463,4.028085314718813,52.75741582344694,60.25771781052726,1622.218,43.0,0.0279994846267451,0.0400246219184316,0.14932364995074646,0.040686870399746444
B0029,22,1.7224270683625882,1.697507332205763,101.46801935308545,216,238,3.4006008999743154,1.999771637867575,4.200658594506185,2.2008869566386107,-3.895864092268878,4.029581554780258,52.866554147425745,59.90492726798961,1619.656,43.0,0.0279994846267451,0.0400246219184316,0.14932364995074646,0.040686870399746444
B0029,23,1.7184213765608034,1.697507332205763,101.23204441938194,215,238,3.3937647508109445,1.8317514112942035,4.200792247486221,2.369040836192017,-3.9179079273158917,4.027766402722573,52.88238533970063,60.33243416075105,1605.484,43.0,0.0279994846267451,0.0400246219184316,0.14932364995074646,0.040686870399746444
B0029,24,1.7010220930648232,1.697507332205763,100.20705423725582,214,238,3.3990916405291434,1.9739559216587697,4.200103293228043,2.2261473715692732,-3.89292863950299,4.026628807325158,52.89174684629843,59.98669670538192,1600.75,43.0,0.0279994846267451,0.0400246219184316,0.14932364995074646,0.040686870399746444
B0029,25,1.693698739563104,1.697507332205763,99.77563615953812,213,238,3.396460061958035,1.9069490533352145,4.200392899920808,2.2934438465855935,-3.891007378210508,4.028075633238784,52.86276331800625,59.99528714045464,1595.0,43.0,0.0279994846267451,0.0400246219184316,0.14932364995074646,0.040686870399746444
B0029,26,1.713072721286705,1.697507332205763,100.9169556316859,212,238,3.3953349055125526,1.9996278665665836,4.193452277045169,2.193824410478585,-3.8931180785218142,4.028992071533853,52.85514927949408,59.98821696841703,1612.422,43.0,0.0281542783809788,0.0403131169157872,0.15111388059229386,0.0426295093697836
B0029,27,1.6976972688567131,1.697507332205763,100.01118915054718,211,238,3.397203474478597,1.9297361391600047,4.200426069460966,2.2706899303009616,-3.8906661202538677,4.027443008545737,52.84555100149494,60.01985635641876,1598.969,43.0,0.0281542783809788,0.0403131169157872,0.15111388059229386,0.0426295093697836
B0029,28,1.6899314034061208,1.697507332205763,99.55370273483308,210,238,3.389787970407681,1.811689567857529,4.200350636061038,2.3886610682035085,-3.8880091290817527,4.02657515612885,52.82153486606997,60.26410091872941,1592.187,43.0,0.0281542783809788,0.0403131169157872,0.15111388059229386,0.0426295093697836
B0029,29,1.685023551367069,1.697507332205763,99.26458162495992,209,238,3.3967598380460484,1.9610731754377528,4.200274898374017,2.239201722936264,-3.8880141667450476,4.026308111025025,52.81580315824478,59.92046248220958,1577.484,43.0,0.0281542783809788,0.0403131169157872,0.15111388059229386,0.0426295093697836
B0029,30,1.678389965463405,1.697507332205763,98.8737976926723,208,238,3.3957223246260377,1.9482718394124845,4.200350219079989,2.2520783796675046,-3.886820317431477,4.027821145847748,52.80521928839473,59.887692512983016,1571.547,43.0,0.0281542783809788,0.0403131169157872,0.15111388059229386,0.0426295093697836
B0029,31,1.6737947494868326,1.697507332205763,98.60309394433555,207,238,3.3892258428534876,1.867494399191276,4.195839706712194,2.3283453075209177,-3.88571106427998,4.027453382422719,52.80312343851032,60.158935395611046,1578.484,43.0,0.0276450150366069,0.0409514389077648,0.15332647259483273,0.041802777791032475
B0029,32,1.6687898927884717,1.697507332205763,98.30825829895088,206,238,3.3940321153796114,1.926783206032701,4.20011947590298,2.273336269870279,-3.85843433412322,4.027257877744434,52.85759471288148,60.04748235788095,1574.469,43.0,0.0276450150366069,0.0409514389077648,0.15332647259483273,0.041802777791032475
B0029,33,1.6492566306631429,1.697507332205763,97.1575556330633,205,238,3.390692269396659,1.869562035017659,4.20020354565233,2.3306415106346705,-3.8565643666104146,4.028220020010547,52.85638451770691,60.167863371476415,1568.281,43.0,0.0276450150366069,0.0409514389077648,0.15332647259483273,0.041802777791032475
B0029,34,1.6409676757039668,1.697507332205763,96.6692540627599,204,238,3.3912179554575785,1.8881277069953315,4.200021865512612,2.3118941585172808,-3.85547414018331,4.026463660977024,52.882092513244274,60.09738415148209,1561.422,43.0,0.0276450150366069,0.0409514389077648,0.15332647259483273,0.041802777791032475
B0029,35,1.6456360229757092,1.697507332205763,96.94426596893389,203,238,3.3923453388185667,1.9264548202409049,4.200544725415334,2.2740899051744288,-3.8555734475773074,4.02785957922289,52.87120880021078,60.02940147619038,1554.234,43.0,0.0276450150366069,0.0409514389077648,0.15332647259483273,0.041802777791032475
B0029,36,1.654547743574037,1.697507332205763,97.46925460546295,202,238,3.3840832974347714,1.8497742851139864,4.193996290293578,2.3442220051795912,-3.854823111014098,4.0268345490967095,52.8949932373189,60.33090148423857,1573.734,43.0,0.0282563620387149,0.0405730242022363,0.15258055941040471,0.042427781772238694
B0029,37,1.6461201520877546,1.697507332205763,96.97278597016513,201,238,3.3935243600466607,1.988399313722457,4.199807562252484,2.2114082485300273,-3.8279463752523526,4.028134400513877,52.90577737967025,59.88870262903497,1566.578,43.0,0.0282563620387149,0.0405730242022363,0.15258055941040471,0.042427781772238694
B0029,38,1.6275119188151763,1.697507332205763,95.87657666847107,200,238,3.388551594762018,1.8822716064606957,4.199665175987453,2.317393569526757,-3.851886221713202,4.0269371723961935,52.85049305569667,60.13011665786984,1550.047,43.0,0.0282563620387149,0.0405730242022363,0.15258055941040471,0.042427781772238694
B0029,39,1.6200530533464497,1.697507332205763,95.43717559330548,199,238,3.3876827466759964,1.8693019781355495,4.200099273216301,2.3307972950807514,-3.8509488961783584,4.02674927094555,52.93318563948955,60.20528139553767,1543.64,43.0,0.0282563620387149,0.0405730242022363,0.15258055941040471,0.042427781772238694
B0029,40,1.612079811711934,1.697507332205763,94.96747266576908,198,238,3.3850191492367943,1.8433554303146655,4.2000806322388815,2.356725201924216,-3.849366331322892,4.027330387109479,52.91920185424772,60.24494659507955,1536.781,43.0,0.0282563620387149,0.0405730242022363,0.15258055941040471,0.042427781772238694
B0028,1,1.8046847720100736,1.8046847720100736,100.0,172,173,3.676492835528995,2.6151397684307285,4.181907184700754,1.5667674162700256,-0.9970402880141495,2.003545780105601,30.261078788805897,31.679728237853865,6515.422000000006,24.0,0.0817645867355929,0.1068208707202101,0.21741438617315603,0.10921009714801114
B0028,2,1.804783321452588,1.8046847720100736,100.00546075658434,171,173,3.677932362103996,2.578716047628789,4.186798367560072,1.6080823199312828,-0.9969604106618353,2.0005429484896995,30.023214006195516,31.42728999177483,6516.219,24.0,0.0817645867355929,0.1068208707202101,0.21741438617315603,0.10921009714801114
B0028,3,1.797618668222458,1.8046847720100736,99.60845772640143,170,173,3.681544140844236,2.679890873914289,4.186905629206883,1.5070147552925945,-0.9970702802711341,2.001716318999832,30.21665562692593,31.694210133469813,6489.5,24.0,0.0817645867355929,0.1068208707202101,0.21741438617315603,0.10921009714801114
B0028,4,1.7929913687761174,1.8046847720100736,99.35205286733084,169,173,3.6819955552100256,2.674600586599544,4.1855363847405656,1.5109357981410216,-0.9973030888189302,2.0013061408259385,30.363564779968748,31.849947051821637,6471.25,24.0,0.0817645867355929,0.1068208707202101,0.21741438617315603,0.10921009714801114
B0028,5,1.7919180081592216,1.8046847720100736,99.2925765181344,168,173,3.6822366580622092,2.655983638577288,4.186483098548598,1.5304994599713098,-0.9974129863341045,2.003132431573937,30.383708693138953,31.89197660091397,6466.672,24.0,0.0817645867355929,0.1068208707202101,0.21741438617315603,0.10921009714801114
B0028,6,1.775026135903797,1.8046847720100736,98.35657525534266,167,173,3.6730621916612125,2.5587601304544574,4.167593667891115,1.6088335374366576,-0.9966248234259864,2.000382265647373,30.151543075778466,31.647839531181656,6410.672,24.0,0.0804975526258245,0.1017169927499083,0.21404732740728963,0.10342742648633212
B0028,7,1.7920487852223417,1.8046847720100736,99.29982305033484,166,173,3.6821638997402064,2.684075980505414,4.183182085400848,1.4991061048954335,-0.9963089849547179,2.0009566453567627,29.942877366572425,31.66717160096336,6474.156,24.0,0.0792139906449247,0.1023150802619147,0.2149726945254743,0.102379491833952
B0028,8,1.790475801581265,1.8046847720100736,99.21266192028747,165,173,3.6829104616020185,2.692955180725203,4.1836584764239335,1.4907032956987307,-0.9974947737184627,2.0032399141635837,30.159672019699293,31.543075306784417,6460.75,24.0,0.0792139906449247,0.1023150802619147,0.2149726945254743,0.102379491833952
B0028,9,1.7868365091987264,1.8046847720100736,99.01100385573334,164,173,3.6830910997567576,2.664091579679959,4.186132992895621,1.5220414132156614,-0.9972667051793968,2.0048267623571854,30.18503729745987,31.63889282611546,6448.907,24.0,0.0792139906449247,0.1023150802619147,0.2149726945254743,0.102379491833952
B0028,10,1.7871529619962183,1.8046847720100736,99.02853892902702,163,173,3.6823376400116725,2.599501054239839,4.18607245667024,1.5865714024304007,-0.9977254189629399,2.0036009637765297,30.557366977302667,32.06283964981591,6447.125,24.0,0.0792139906449247,0.1023150802619147,0.2149726945254743,0.102379491833952
B0028,11,1.7816340617009505,1.8046847720100736,98.7227292729107,162,173,3.6779403019036363,2.5987712023407274,4.177617061522188,1.5788458591814605,-0.9970949960183577,2.004912384137109,29.87809290999813,31.17821904490572,6431.219,24.0,0.0788664279499819,0.1014191126510086,0.21423423011893827,0.10159204886416083
B0028,12,1.7850235136604733,1.8046847720100736,98.91054334504626,161,173,3.6809827017477756,2.568337342317612,4.183570268917493,1.615232926599881,-0.9972732896654729,2.007057616844831,30.329541918405045,31.830430244172504,6442.203,24.0,0.0780268437186383,0.0996665603719248,0.21415468006379113,0.10089851314478744
B0028,13,1.7803865429693038,1.8046847720100736,98.65360258934827,160,173,3.6821031308211283,2.571655326217227,4.186886063009724,1.6152307367924972,-0.9970037592871084,2.002345592887727,30.67805955282036,32.176676996947776,6427.079,24.0,0.0780268437186383,0.0996665603719248,0.21415468006379113,0.10089851314478744
B0028,14,1.7789060856417256,1.8046847720100736,98.57156846624048,159,173,3.68119828344271,2.5464403411304843,4.186431294608572,1.6399909534780877,-0.9977226887954374,2.0042056776412545,30.61748146501738,32.101579055970326,6417.156,24.0,0.0780268437186383,0.0996665603719248,0.21415468006379113,0.10089851314478744
B0028,15,1.7738387518973049,1.8046847720100736,98.29078071743177,158,173,3.6808780113914024,2.5488905698718844,4.186605296553263,1.6377147266813785,-0.9976984888319611,2.005381985851277,30.47693232752601,31.92722580084625,6398.907,24.0,0.0780268437186383,0.0996665603719248,0.21415468006379113,0.10089851314478744
B0028,16,1.769682881523146,1.8046847720100736,98.06049837457529,157,173,3.6816453877057884,2.592227961453642,4.186411251128915,1.5941832896752728,-0.997566184368524,2.008651720668571,30.59851621920085,32.17577171129977,6384.75,24.0,0.0780268437186383,0.0996665603719248,0.21415468006379113,0.10089851314478744
B0028,17,1.7408787283206992,1.8046847720100736,96.46442167191854,156,173,3.6751321799254955,2.598546956085325,4.1643364768914175,1.5657895208060926,-0.9970360820430222,2.003317125586951,31.100240402928506,32.50607956309833,6284.063,24.0,0.0787549150756163,0.1001146601234666,0.21415499098361368,0.09999701696923745
B0028,18,1.7648189744011906,1.8046847720100736,97.79098276734058,155,173,3.6846266213857497,2.6924907199800523,4.183279934429277,1.4907892144492245,-0.9969371531723805,2.0076002242955377,30.938169249041685,32.36361154404582,6370.937000000005,24.0,0.0801951045701426,0.1007369941629303,0.21480545668257756,0.10282627212195115
B0028,19,1.7617857390844025,1.8046847720100736,97.6229071364142,154,173,3.6832544826548084,2.6173421756941537,4.185224082214954,1.5678819065208,-0.9969974742534108,2.0035478824784314,30.779624907003203,32.23987480909281,6359.812,24.0,0.0801951045701426,0.1007369941629303,0.21480545668257756,0.10282627212195115
B0028,20,1.75770610357021,1.8046847720100736,97.39684906924003,153,173,3.6830019424524427,2.6240203066915697,4.185772001736481,1.5617516950449115,-0.9968197698794886,2.0037779278104373,30.70960684046627,32.1209393902127,6346.156,24.0,0.0801951045701426,0.1007369941629303,0.21480545668257756,0.10282627212195115
B0028,21,1.7519375960601256,1.8046847720100736,97.07720834308378,152,173,3.682514927726665,2.63525875804135,4.185968902546653,1.5507101445053033,-0.9963445930927353,2.0020973714849557,30.47705959403915,31.876773372691297,6328.172,24.0,0.0801951045701426,0.1007369941629303,0.21480545668257756,0.10282627212195115
B0028,22,1.7521244035832175,1.8046847720100736,97.08755959810567,151,173,3.6802726203570852,2.540126038881981,4.185740020171981,1.6456139812900004,-0.9967865142227076,2.008192950178892,30.54925924889458,32.13891568195097,6326.062,24.0,0.0801951045701426,0.1007369941629303,0.21480545668257756,0.10282627212195115
B0028,23,1.759771413398964,1.8046847720100736,97.51129065265593,150,173,3.67908706723787,2.578459071114453,4.1838351172655095,1.6053760461510564,-0.996914300528855,2.0032214377942505,29.858081061792472,31.30995086456362,6352.843,24.0,0.0794991533995328,0.1018617938019673,0.2150187278878376,0.10084470612036574
B0028,24,1.7483011320324189,1.8046847720100736,96.87570700145854,149,173,3.680942088612725,2.6156681128542663,4.185613308228973,1.5699451953747068,-0.9972513551873874,2.004916509907621,29.927497513672723,31.44390039724308,6309.172000000006,24.0,0.0794991533995328,0.1018617938019673,0.2150187278878376,0.10084470612036574
B0028,25,1.7411482627836237,1.8046847720100736,96.47935693746213,148,173,3.681439648314102,2.6736673087239398,4.186072517005326,1.5124052082813861,-0.9970973800951103,2.005217576993348,29.887309173794996,31.383820135357173,6284.297,24.0,0.0794991533995328,0.1018617938019673,0.2150187278878376,0.10084470612036574
B0028,26,1.7363833316311177,1.8046847720100736,96.21532572124045,147,173,3.680615489022298,2.6531966228276134,4.186079245979765,1.5328826231521515,-0.9972667201815385,2.0045790903634986,29.974612767860144,31.360116664622662,6265.969,24.0,0.0794991533995328,0.1018617938019673,0.2150187278878376,0.10084470612036574
B0028,27,1.736559066269527,1.8046847720100736,96.22506341289356,146,173,3.6776600467841285,2.5306280538039845,4.185739001637966,1.6551109478339816,-0.997266880260863,2.010698718226501,29.928807475767645,31.44534438395542,6266.641,24.0,0.0794991533995328,0.1018617938019673,0.2150187278878376,0.10084470612036574
B0028,28,1.7172335652295243,1.8046847720100736,95.15421152010136,145,173,3.67453404625628,2.651385292787423,4.167590440976821,1.5162051481893979,-0.9969394063653589,2.0051316277429905,30.029795182593666,31.550251048213177,6198.75,24.0,0.0803103780522931,0.1009353311286611,0.21357639766832537,0.10424862514064588
B0042,1,1.7287126633755356,1.7287126633755356,100.0,85,86,3.4614155612128847,2.129158438168119,4.186140431282269,2.0569819931141504,-1.8939211913974323,2.014638801503157,30.57466734048236,36.71744985096319,3360.922,22.0,0.0758644695101022,0.1283306825628963,0.18737126448777738,0.11982647850089963
B0042,2,1.7314706281853145,1.7287126633755356,100.15953864793201,84,86,3.4852386922159138,2.1712317301519577,4.187001880186287,2.0157701500343292,-1.919584179064593,2.0148053114573066,29.95773352180402,35.70113647811508,3289.406,22.0,0.0758644695101022,0.1283306825628963,0.18737126448777738,0.11982647850089963
B0042,3,1.7282350363146088,1.7287126633755356,99.97237093988805,83,86,3.488650146996854,2.095290280372333,4.187021318592124,2.091731038219791,-1.9414451091961449,2.015434761164688,29.657371849977196,35.604456217007545,3244.797,22.0,0.0758644695101022,0.1283306825628963,0.18737126448777738,0.11982647850089963
B0042,4,1.720344742291621,1.7287126633755356,99.51594494208335,82,86,3.4946031502677606,2.1366970037230573,4.186893543931745,2.050196540208688,-1.952411218384564,2.0155565107237616,29.58111945436258,35.76285352997919,3211.438,22.0,0.0758644695101022,0.1283306825628963,0.18737126448777738,0.11982647850089963
B0042,5,1.7221734367707635,1.7287126633755356,99.62172854151461,81,86,3.5041466859903747,2.168073033459323,4.187506351946306,2.019433318486983,-1.9696086717857546,2.015995237854003,29.852452033753185,36.007677297437105,3175.594,22.0,0.0758644695101022,0.1283306825628963,0.18737126448777738,0.11982647850089963
B0042,6,1.708669577331945,1.7287126633755356,98.8405773574624,80,86,3.511927235956774,2.139145470034486,4.186160728297307,2.047015258262821,-1.9934476128094072,2.0146673758608302,30.133153080135422,36.26317829568585,3121.672,22.0,0.0751636096366125,0.1131380526405654,0.20022024538206462,0.11012185122067714
B0042,7,1.7036476485918646,1.7287126633755356,98.55007629002218,79,86,3.509889497883845,2.0578186631112567,4.185572306171051,2.127753643059794,-1.9997503053848376,2.016448918600222,29.740453708978055,35.7623078299739,3102.937,22.0,0.0751636096366125,0.1131380526405654,0.20022024538206462,0.11012185122067714
B0042,8,1.6958375743577971,1.7287126633755356,98.09829072730076,78,86,3.508503301766948,2.0659696365057045,4.185230831091511,2.1192611945858064,-1.999585705561481,2.016370882539026,29.503354124651093,35.6522927277619,3089.437,22.0,0.0751636096366125,0.1131380526405654,0.20022024538206462,0.11012185122067714
B0042,9,1.6949064846676911,1.7287126633755356,98.04443043519832,77,86,3.5093738486555153,2.128700063525188,4.185842765241663,2.057142701716475,-1.999480712152978,2.0173293605362743,29.324509292718897,35.46408341742395,3077.75,22.0,0.0751636096366125,0.1131380526405654,0.20022024538206462,0.11012185122067714
B0042,10,1.6874768094352457,1.7287126633755356,97.6146496283673,76,86,3.5046118772654107,2.0313187007109774,4.181929749098425,2.150611048387448,-1.9994501505976243,2.0179688284834034,29.22569193760115,35.57686579319408,3074.875,22.0,0.0739153341311581,0.1160794280843854,0.19802856943001163,0.11146098217146842
B0042,11,1.685989172917945,1.7287126633755356,97.52859504284723,75,86,3.5095049490219234,2.1649043558777703,4.185220171197086,2.0203158153193157,-1.9994421818851504,2.018830939124682,29.238210532728655,35.388257294125744,3061.891,22.0,0.0739153341311581,0.1160794280843854,0.19802856943001163,0.11146098217146842
B0042,12,1.6782864747774933,1.7287126633755356,97.08302081274867,74,86,3.5050079933642877,2.0349571700229223,4.185080917700821,2.150123747677899,-1.999407899212143,2.019325717882185,29.20609205353922,35.480764002425865,3058.469,22.0,0.0739153341311581,0.1160794280843854,0.19802856943001163,0.11146098217146842
B0042,13,1.6739647640901527,1.7287126633755356,96.83302491817926,73,86,3.508074728787427,2.181544114739576,4.184485186999273,2.002941072259697,-1.9990854937416902,2.0198651097991984,29.183920322474094,35.44318242068533,3040.75,22.0,0.0739153341311581,0.1160794280843854,0.19802856943001163,0.11146098217146842
B0042,14,1.6722378801237066,1.7287126633755356,96.73313070192042,72,86,3.505745200469688,2.113769860085841,4.184791585601031,2.0710217255151906,-1.9991858462433614,2.019707495930309,29.153714127894734,35.53526888191109,3037.641,22.0,0.0739153341311581,0.1160794280843854,0.19802856943001163,0.11146098217146842
B0042,15,1.675989790049197,1.7287126633755356,96.95016560916547,71,86,3.5048985290607786,2.098421577709346,4.184774909668599,2.0863533319592533,-1.9989914019015806,2.019811604847253,29.10632507144163,35.63389752973798,3044.828,22.0,0.0740477597124731,0.1148844296432379,0.2020417779742686,0.11206845236704246
B0042,16,1.6618247672847988,1.7287126633755356,96.13076843203487,70,86,3.5020910209596536,2.037616415551784,4.183886479555269,2.1462700640034846,-1.9988805936646044,2.019941517456099,29.126742424015156,35.59922975777694,3030.25,22.0,0.0740477597124731,0.1148844296432379,0.2020417779742686,0.11206845236704246
B0042,17,1.6606710352566112,1.7287126633755356,96.06402905697097,69,86,3.5056874475759354,2.187174985653482,4.185135902762495,1.9979609171090127,-1.9989238411502075,2.020188403345957,29.11535255703125,35.43687423276839,3017.578,22.0,0.0740477597124731,0.1148844296432379,0.2020417779742686,0.11206845236704246
B0042,18,1.6530644874507203,1.7287126633755356,95.62401678847527,68,86,3.501789524982507,2.072733153164181,4.1851821245426,2.1124489713784196,-1.9987415414363179,2.0200971028016084,29.12272547212756,35.61618852753751,3015.0,22.0,0.0740477597124731,0.1148844296432379,0.2020417779742686,0.11206845236704246
B0042,19,1.649953986270456,1.7287126633755356,95.4440851407143,67,86,3.5025833976800564,2.153538168709435,4.1837159565353605,2.0301777878259255,-1.9984049924032652,2.0220817004003178,29.13774561916092,35.607533152172905,2999.454,22.0,0.0740477597124731,0.1148844296432379,0.2020417779742686,0.11206845236704246
B0042,20,1.681297805444492,1.7287126633755356,97.2572157920993,66,86,3.5037983873679237,2.0832977472531726,4.180907860399083,2.0976101131459104,-1.9987909313311893,2.02087074020935,29.35747712988229,35.78017086282214,3054.859,22.0,0.0747526538711737,0.1148966738004377,0.19916446471917865,0.11253592360220417
B0042,21,1.6700520424481298,1.7287126633755356,96.60668761384188,65,86,3.5125233950658132,2.199482829433638,4.1839131722082135,1.9844303427745755,-1.9987942581899858,2.0221682438178825,30.058298726634376,36.29735151754127,3034.875,22.0,0.0738675928473736,0.1127342768111405,0.20296341348682354,0.10984816021425854
B0042,22,1.667181860354792,1.7287126633755356,96.44065758732879,64,86,3.509324438333478,2.053610599291471,4.186499199755687,2.132888600464216,-1.9986644728662533,2.019460626145152,30.335552136245834,36.77407258413331,3030.0,22.0,0.0738675928473736,0.1127342768111405,0.20296341348682354,0.10984816021425854
B0042,23,1.6568865613275168,1.7287126633755356,95.84511043565973,63,86,3.507216525411572,2.0842633816547624,4.185720302344454,2.101456920689692,-1.9984721935924135,2.0196503096891822,30.22790176989086,36.6898808416456,3011.781,22.0,0.0738675928473736,0.1127342768111405,0.20296341348682354,0.10984816021425854
B0042,24,1.6449819446579936,1.7287126633755356,95.1564698696632,62,86,3.5055185795629873,2.1599889328107214,4.183888714545253,2.0238997817345314,-1.9985308662699577,2.0197092405916743,30.04068826163031,36.474588298798025,2990.25,22.0,0.0738675928473736,0.1127342768111405,0.20296341348682354,0.10984816021425854
B0042,25,1.639214585000014,1.7287126633755356,94.8228482227483,61,86,3.5041328171645443,2.1678081694534352,4.18402917199016,2.0162210025367244,-1.9984054053915887,2.021433558764001,29.995148407588697,36.53730084509967,2980.234,22.0,0.0738675928473736,0.1127342768111405,0.20296341348682354,0.10984816021425854
B0042,26,1.6410599890208055,1.7287126633755356,94.92959841090209,60,86,3.500597395262485,2.0092759412003707,4.1826825462923845,2.1734066050920138,-1.9983882415644911,2.0209567624857296,30.299545316589416,36.91332213005366,2994.844,22.0,0.0739944660268061,0.1127529834135872,0.20328524835995565,0.10843562203039049
B0042,27,1.643269651219848,1.7287126633755356,95.05741966459313,59,86,3.5042529973432037,2.0586265993400703,4.185893529479634,2.1272669301395633,-1.998374293478694,2.0209872934269897,30.68092451180232,37.19792815636057,2987.672,22.0,0.0739944660268061,0.1127529834135872,0.20328524835995565,0.10843562203039049
B0042,28,1.6298673102402297,1.7287126633755356,94.2821409694369,58,86,3.501278659398817,2.043267705708337,4.185186392104773,2.1419186863964366,-1.9981525515062306,2.0191972634782047,30.663435287795615,37.30788971906059,2975.1100000000006,22.0,0.0739944660268061,0.1127529834135872,0.20328524835995565,0.10843562203039049
B0042,29,1.6238536344658807,1.7287126633755356,93.93427079403097,57,86,3.501431066556208,2.192115165922968,4.184091250625792,1.9919760847028236,-1.9980383822206629,2.0193297812824187,30.40848004603748,36.91850317978018,2953.219,22.0,0.0739944660268061,0.1127529834135872,0.20328524835995565,0.10843562203039049
B0042,30,1.6186308887044174,1.7287126633755356,93.63215316210102,56,86,3.4934993616796306,2.009457332273357,4.185322505991986,2.175865173718629,-1.9979232246026066,2.021266928188253,30.239404481904074,37.047150483309736,2955.484,22.0,0.0739944660268061,0.1127529834135872,0.20328524835995565,0.10843562203039049
B0042,31,1.6193418112441196,1.7287126633755356,93.67327755221882,55,86,3.491928488990642,2.022898050960585,4.184033603294302,2.161135552333717,-1.997803306177237,2.019754051447638,30.138707501965232,37.11898525927804,2957.016,22.0,0.0744915146409264,0.1118610851747044,0.2012812763996969,0.11102735792033723
B0042,32,1.614593271326993,1.7287126633755356,93.39859107494998,54,86,3.495727452779826,2.0786601580627257,4.186164958491378,2.107504800428652,-1.9980185647316375,2.0194164856966417,30.490922726298486,37.20592886199134,2948.219,22.0,0.0744915146409264,0.1118610851747044,0.2012812763996969,0.11102735792033723
B0042,33,1.6072040891927848,1.7287126633755356,92.97115265266297,53,86,3.491932625000706,2.0245603644426806,4.18461988628569,2.160059521843009,-1.9977650982407589,2.018937306071589,30.52916769412123,37.36855348711016,2935.5,22.0,0.0744915146409264,0.1118610851747044,0.2012812763996969,0.11102735792033723
B0042,34,1.6012663590062357,1.7287126633755356,92.62767566470853,52,86,3.4900059195673445,2.1378818450405794,4.184040894709915,2.046159049669335,-1.9975731627964834,2.0197870445936115,30.179619049814637,36.95276259711366,2913.797000000006,22.0,0.0744915146409264,0.1118610851747044,0.2012812763996969,0.11102735792033723
B0042,35,1.594040741063104,1.7287126633755356,92.20969886056903,51,86,3.487760577211602,2.183476039948653,4.184856050801538,2.001380010852885,-1.9975539729276182,2.019731795851263,29.93310245467766,36.815592394057184,2900.703,22.0,0.0744915146409264,0.1118610851747044,0.2012812763996969,0.11102735792033723
B0042,36,1.5946888289374477,1.7287126633755356,92.24718848438415,50,86,3.4820338003810947,2.0156684625826635,4.183683003795162,2.1680145412124983,-1.9973829316274176,2.019357908989728,29.855112852408766,36.96422627426333,2914.031,22.0,0.0743104624224476,0.1133210016809909,0.19935992603570316,0.11067983713601642
B0042,37,1.5882100957302596,1.7287126633755356,91.8724163580241,49,86,3.4857768989088593,2.0632481862122884,4.184611325870051,2.121363139657763,-1.9975492343534866,2.019389721774823,30.257387669276046,37.23035953747147,2901.968,22.0,0.0743104624224476,0.1133210016809909,0.19935992603570316,0.11067983713601642
B0042,38,1.587985558077698,1.7287126633755356,91.85942763772843,48,86,3.484962036012865,1.9973214087149431,4.185413957037178,2.188092548322235,-1.9975022770940793,2.021379730129784,30.562785800580222,37.46832272742832,2901.734,22.0,0.0743104624224476,0.1133210016809909,0.19935992603570316,0.11067983713601642
B0042,39,1.5799165406650344,1.7287126633755356,91.39266311499347,47,86,3.4839596946536755,2.040034213071634,4.184723241072492,2.1446890280008577,-1.9973342947958135,2.019502208637406,30.59004134732037,37.6505920814981,2887.407,22.0,0.0743104624224476,0.1133210016809909,0.19935992603570316,0.11067983713601642
B0042,40,1.5655946193652834,1.7287126633755356,90.56418990465754,46,86,3.479594890613384,2.11763338483894,4.182701394192162,2.0650680093532223,-1.9971237584867627,2.02072945969767,30.190272809188617,37.16199226931662,2861.937,22.0,0.0743104624224476,0.1133210016809909,0.19935992603570316,0.11067983713601642
B0042,41,1.4377344766079456,1.7287126633755356,83.16792646156607,45,86,3.375833171038118,2.1679616860507585,4.091725418867881,1.9237637328171227,-0.9606132638664066,1.0117101728405982,8.336150156814936,12.075623262738652,5608.781,4.0,0.0787123739973389,0.1893087271488929,0.07730674534694876,0.1660303178312273
B0042,42,1.5246019289244055,1.7287126633755356,88.19290569361726,44,86,3.4250125349211604,2.180850179577844,4.159841572444575,1.9789913928667313,-0.9944195894158236,1.0157168253561746,8.088311260303593,11.61044167945082,5703.296,4.0,0.078282632811948,0.1924214151240965,0.08011910527555864,0.16615836347755408
B0042,43,1.5215273965539478,1.7287126633755356,88.01505471608961,43,86,3.427812476893316,2.148712088809679,4.180350451491815,2.0316383626821364,-0.9986292541736457,1.014585811777543,8.108636077883194,12.416393344856289,5668.032,4.0,0.078282632811948,0.1924214151240965,0.08011910527555864,0.16615836347755408
B0042,44,1.5155323631175952,1.7287126633755356,87.66826293493575,42,86,3.4260236276092266,2.126630218048744,4.180484652340476,2.0538544342917318,-1.0007710730973127,1.0152252739169738,8.179473273978417,12.741907914911504,5634.047,4.0,0.078282632811948,0.1924214151240965,0.08011910527555864,0.16615836347755408
B0042,45,1.5044249661534554,1.7287126633755356,87.02573874919564,41,86,3.427137964017458,2.177720591678305,4.179828984428225,2.00210839274992,-1.0029400958959638,1.015528714589196,8.133323147997125,11.812176644627147,5582.375,4.0,0.078282632811948,0.1924214151240965,0.08011910527555864,0.16615836347755408
B0042,46,1.5001507149498807,1.7287126633755356,86.77848822028305,40,86,3.4224753028837007,2.1738551413791023,4.179688473119865,2.0058333317407624,-1.002976218809888,1.0152994782253597,8.221548017024785,12.77319183354637,5567.329,4.0,0.078282632811948,0.1924214151240965,0.08011910527555864,0.16615836347755408
B0042,47,1.489011227320312,1.7287126633755356,86.13410770143977,39,86,3.4137666152192327,2.1739453453589515,4.156718320546126,1.9827729751871748,-1.0029036577307848,1.0156907563945252,8.196033184015116,11.714847602816857,5528.453,4.0,0.0772233628496216,0.2012540315013774,0.06636028742374969,0.16516243347196555
B0042,48,1.4810149357562843,1.7287126633755356,85.67155011547209,38,86,3.415284661394718,2.1496986936751377,4.179126280631904,2.029427586956766,-1.002852610333621,1.0141702039281322,8.16363192494008,11.58953853216132,5513.39,4.0,0.0772233628496216,0.2012540315013774,0.06636028742374969,0.16516243347196555
B0042,49,1.476262027748574,1.7287126633755356,85.3966109593934,37,86,3.411339830211172,2.130871451051632,4.178321190076967,2.047449739025335,-1.002761137143926,1.015116075388854,8.182297960881899,12.228023164640565,5486.187,4.0,0.0772233628496216,0.2012540315013774,0.06636028742374969,0.16516243347196555
B0042,50,1.466255102543896,1.7287126633755356,84.81774522787624,36,86,3.406171736681637,2.1249846428522594,4.177914160605347,2.0529295177530877,-1.0028500275234071,1.0161898571210812,8.239851195999249,12.995413081963957,5461.922,4.0,0.0772233628496216,0.2012540315013774,0.06636028742374969,0.16516243347196555
B0042,51,1.459328259381702,1.7287126633755356,84.41705150306323,35,86,3.404061107280645,2.124079082604729,4.177668141485771,2.0535890588810424,-1.0027529355519171,1.0156335856045815,8.314381068196377,13.00690019959285,5438.157,4.0,0.0772233628496216,0.2012540315013774,0.06636028742374969,0.16516243347196555
B0042,52,1.445704157754381,1.7287126633755356,83.62894472765973,34,86,3.392089192692739,2.157698091133544,4.153042890139087,1.9953447990055428,-1.0027471224260915,1.0151373782288406,8.203300249486228,13.003396618491456,5402.875,4.0,0.0778025182673027,0.196930633856397,0.10485828360464883,0.1680109812332971
B0042,53,1.4400686089389023,1.7287126633755356,83.30294787839303,33,86,3.3962072676781316,2.128860427750212,4.176783274878805,2.0479228471285933,-1.0026619793717586,1.0156661309978,8.252382764570392,12.802739574235911,5384.438,4.0,0.0778025182673027,0.196930633856397,0.10485828360464883,0.1680109812332971
B0042,54,1.4290313659547842,1.7287126633755356,82.6644818557883,32,86,3.395827065629725,2.162828573021361,4.176835821672092,2.014007248650731,-1.002740647957347,1.015570651710456,8.247452041994245,12.748426837127605,5344.859,4.0,0.0778025182673027,0.196930633856397,0.10485828360464883,0.1680109812332971
B0042,55,1.414172188151386,1.7287126633755356,81.80493022999157,31,86,3.3924931276502397,2.1882897882574714,4.1765571620332524,1.988267373775781,-1.0027179745166037,1.0147574189655575,8.179356055314594,12.453422458173543,5305.156,4.0,0.0778025182673027,0.196930633856397,0.10485828360464883,0.1680109812332971
B0042,56,1.415603079129078,1.7287126633755356,81.88770228390237,30,86,3.389283502389414,2.1285029465259013,4.1766999837334025,2.048197037207501,-1.0026894950538923,1.015910590106893,8.33800631225338,12.1691500239434,5284.547,4.0,0.0778025182673027,0.196930633856397,0.10485828360464883,0.1680109812332971
B0042,57,1.3994410223300702,1.7287126633755356,80.95278365101348,29,86,3.377876069069322,2.158726692822152,4.150196439454072,1.9914697466319198,-1.0025103497063337,1.0159094949842238,8.293330795902381,12.726444405331804,5267.843,4.0,0.0785474312309159,0.1946124383761916,0.0709744554625476,0.16443301735931176
B0042,58,1.395963528579491,1.7287126633755356,80.75162276266845,28,86,3.386987302997725,2.1998128745691083,4.175707583064406,1.9758947084952974,-1.0024134076376698,1.015635228418542,8.373136255476883,12.125723483812015,5229.688,4.0,0.0785474312309159,0.1946124383761916,0.0709744554625476,0.16443301735931176
B0042,59,1.3929784652630588,1.7287126633755356,80.57894725796059,27,86,3.3829130588839496,2.1540885607694915,4.176508363415245,2.022419802645753,-1.0024655689800792,1.016152801679653,8.329037453715973,12.11350286924164,5206.954,4.0,0.0785474312309159,0.1946124383761916,0.0709744554625476,0.16443301735931176
B0042,60,1.3740772023800918,1.7287126633755356,79.4855751040215,26,86,3.3774651407729346,2.159795216779738,4.175329405348679,2.0155341885689406,-1.0024461693775724,1.015180208545858,8.396128944133206,12.960410174687055,5179.062,4.0,0.0785474312309159,0.1946124383761916,0.0709744554625476,0.16443301735931176
B0042,61,1.3752493030002435,1.7287126633755356,79.55337703808398,25,86,3.3780934843236405,2.185043715780537,4.175181369358572,1.9901376535780355,-1.002355515867145,1.014696180145089,8.43692173445999,12.4262328165013,5144.109,4.0,0.0785474312309159,0.1946124383761916,0.0709744554625476,0.16443301735931176
B0042,62,1.3671966130854505,1.7287126633755356,79.08755700417106,24,86,3.364163079749717,2.1784898920030544,4.147372136171002,1.9688822441679479,-1.0023378437056385,1.0153472628222506,8.419794670115083,13.21754189086476,5142.891,4.0,0.0790373338975149,0.209456772986416,0.1493815748092636,0.17281126011310835
B0042,63,1.356887600783644,1.7287126633755356,78.49121658738503,23,86,3.3705853863809336,2.189853076065801,4.174822480867543,1.9849694048017419,-1.0021679698004895,1.015989585590983,8.409805733876953,13.047668558877342,5109.734,4.0,0.0790373338975149,0.209456772986416,0.1493815748092636,0.17281126011310835
B0042,64,1.3449320225969348,1.7287126633755356,77.79962807530897,22,86,3.366371835007897,2.169597235193881,4.174669508085626,2.005072272891745,-1.0021759719497005,1.0147917391902936,8.370055044633526,13.073094195785368,5078.937,4.0,0.0790373338975149,0.209456772986416,0.1493815748092636,0.17281126011310835
B0042,65,1.3374691704584258,1.7287126633755356,77.36792810014151,21,86,3.360943897156673,2.153907127504055,4.174072805021775,2.02016567751772,-1.0021900129076768,1.0152446711938672,8.33428157906845,13.27910289077086,5051.672,4.0,0.0790373338975149,0.209456772986416,0.1493815748092636,0.17281126011310835
B0034,1,0.7459302957645664,0.7459302957645664,100.0,246,247,3.1178767585161347,2.170439265213917,3.854275360971105,1.6838360957571878,-1.9933511025949644,4.030785980473215,38.9583698209689,51.86748080848415,1819.406,24.0,0.1240301702976134,0.151331100257049,0.051108771069712386,0.15203434086566375
B0034,2,1.6623217152845853,0.7459302957645664,222.85215183286434,245,247,3.3022762078952894,2.184438966859873,4.185182030297302,2.0007430634374286,-1.9787478556297067,4.033471908641544,39.10734156415766,53.72590623785784,3260.531,24.0,0.1240301702976134,0.151331100257049,0.051108771069712386,0.15203434086566375
B0034,3,1.645087369694532,0.7459302957645664,220.5417019573316,244,247,3.3294991412960915,2.1716683590197,4.191235610410253,2.0195672513905527,-1.9609699675983692,4.031968315632961,39.20920805238827,54.1404555915866,3265.75,24.0,0.1240301702976134,0.151331100257049,0.051108771069712386,0.15203434086566375
B0034,4,1.620729289277574,0.7459302957645664,217.27623860837463,243,247,3.3493830070987887,2.182463026326082,4.190305001839791,2.007841975513709,-1.9366251479989427,4.0317411764982,38.936075977838854,54.22868210799842,3264.109,24.0,0.1240301702976134,0.151331100257049,0.051108771069712386,0.15203434086566375
B0034,5,1.5967402025126003,0.7459302957645664,214.06024283756534,242,247,3.3541317530780055,2.0979416663773915,4.190367874669205,2.0924262082918132,-1.9296993194196932,4.029531376848962,38.60445981652459,54.17641516112459,3253.531,24.0,0.1240301702976134,0.151331100257049,0.051108771069712386,0.15203434086566375
B0034,6,1.4856500618812698,0.7459302957645664,199.16741152851324,241,247,3.369692035482086,2.177479814637099,4.18989933406868,2.012419519431581,-1.8861346839189572,4.029542744670671,37.79484872719341,54.09745559724325,3242.578,24.0,0.1240301702976134,0.151331100257049,0.051108771069712386,0.15203434086566375
B0034,7,1.4866702197497013,0.7459302957645664,199.30417469180395,240,247,3.3729072074215107,2.164719422934807,4.18599771136978,2.0212782884349734,-1.878796746756769,4.030634355507908,37.65277428767197,54.03810589370243,3234.625,24.0,0.120380461449601,0.1460981022644004,0.08784767449551781,0.14713346798539745
B0034,8,1.4701330958405268,0.7459302957645664,197.08719490118904,239,247,3.376976361461993,2.1685179095920546,4.191866541196004,2.023348631603949,-1.8723916722187988,4.030934330051056,37.91666092404816,54.56296443841966,3235.36,24.0,0.120380461449601,0.1460981022644004,0.08784767449551781,0.14713346798539745
B0034,9,1.4565041801019636,0.7459302957645664,195.26009177694957,238,247,3.3791099564139215,2.159913301643853,4.18853091556387,2.028617613920017,-1.8590598981345452,4.029299173045088,37.78228277348195,54.47381276284677,3236.125,24.0,0.120380461449601,0.1460981022644004,0.08784767449551781,0.14713346798539745
B0034,10,1.4418961035576472,0.7459302957645664,193.30172158776944,237,247,3.3845619896694177,2.188985459937614,4.188375692870302,1.9993902329326882,-1.8455810936527006,4.029734922442523,37.58309361555109,54.157190141377896,3230.25,24.0,0.120380461449601,0.1460981022644004,0.08784767449551781,0.14713346798539745
B0034,11,1.4370949588970292,0.7459302957645664,192.65807637214013,236,247,3.383128626739751,2.161327607707136,4.187976084521654,2.0266484768145174,-1.8444812955511094,4.0302542475084016,37.550522561172464,54.45256615419595,3226.078,24.0,0.120380461449601,0.1460981022644004,0.08784767449551781,0.14713346798539745
B0034,12,1.4458703624967404,0.7459302957645664,193.8345138555804,235,247,3.386094893398142,2.140456418044363,4.185168395505227,2.0447119774608637,-1.8435378224723704,4.029309919201132,37.681954258546924,54.20147817586685,3224.5,24.0,0.1205765535887721,0.1431788177780116,0.08783849867466087,0.14440661960139448
B0034,13,1.432104054561837,0.7459302957645664,191.9889918258319,234,247,3.3916477322319585,2.170940246075281,4.187927929507927,2.016987683432646,-1.8296929439731453,4.029842368131789,37.440274736517715,53.81393710497776,3222.188,24.0,0.1205765535887721,0.1431788177780116,0.08783849867466087,0.14440661960139448
B0034,14,1.426720633302465,0.7459302957645664,191.26728615307138,233,247,3.3914152987340267,2.153155635587653,4.187886599518975,2.0347309639313216,-1.8286913393639905,4.029434761163406,37.402773880575964,53.84994246144553,3216.546000000002,24.0,0.1205765535887721,0.1431788177780116,0.08783849867466087,0.14440661960139448
B0034,15,1.4230846885129826,0.7459302957645664,190.77984854527784,232,247,3.3964131813944722,2.182519668385055,4.186569652343309,2.0040499839582537,-1.8146752424570791,4.029975280063268,37.26498054251946,53.61278420241196,3211.859,24.0,0.1205765535887721,0.1431788177780116,0.08783849867466087,0.14440661960139448
B0034,16,1.4409479522418909,0.7459302957645664,193.17461167935843,231,247,3.403051791482094,2.188496149834977,4.186557905906351,1.9980617560713743,-1.8075203268976408,4.030231906926906,37.570569601089254,53.35590902048553,3215.859,24.0,0.1205765535887721,0.1431788177780116,0.08783849867466087,0.14440661960139448
B0034,17,1.486901544051865,0.7459302957645664,199.33518620902976,230,247,3.4002648970649156,2.100542699118501,4.184379902708746,2.0838372035902446,-1.8262934110095792,4.030240820244685,38.400250729227935,53.83102716771526,3225.125,24.0,0.1210505449768947,0.1419348235758278,0.10321711447351402,0.14246169795274255
B0034,18,1.5245313226850703,0.7459302957645664,204.3798638212503,229,247,3.402154252869035,2.112961645498256,4.187835929449723,2.074874283951467,-1.8395285698527164,4.029885277518154,39.102942991019354,53.994059646351175,3234.343,24.0,0.1210505449768947,0.1419348235758278,0.10321711447351402,0.14246169795274255
B0034,19,1.4629049605190707,0.7459302957645664,196.1181854156516,228,247,3.407206655670774,2.1659225933828385,4.187676357576053,2.0217537641932144,-1.8047483945772262,4.030097149456043,37.80351021576893,53.39429065914855,3218.25,24.0,0.1210505449768947,0.1419348235758278,0.10321711447351402,0.14246169795274255
B0034,20,1.423079450854989,0.7459302957645664,190.7791463807427,227,247,3.404574250610661,2.148786443036186,4.186173516948595,2.0373870739124094,-1.7959916493195849,4.02996569432633,37.356060000664904,53.38470633939791,3203.5,24.0,0.1210505449768947,0.1419348235758278,0.10321711447351402,0.14246169795274255
B0034,21,1.4051040863603437,0.7459302957645664,188.36935493015937,226,247,3.4067467727915552,2.176304604588501,4.183451670510337,2.007147065921836,-1.781271140675487,4.0298811337146,37.06076524279572,53.12872869294344,3194.39,24.0,0.1210505449768947,0.1419348235758278,0.10321711447351402,0.14246169795274255
B0034,22,1.6329463925070862,0.7459302957645664,218.914073041281,225,247,3.327594909243545,2.11932965334224,4.171109136894672,2.051779483552432,-1.9422323790824172,4.030453302813839,39.94613025797719,55.80847324293826,3225.219,24.0,0.1207875536171222,0.1420779335220057,0.10009124443453289,0.14287744083285156
B0034,23,1.5687138208259117,0.7459302957645664,210.30300414571656,224,247,3.387012528508769,2.1509974200024624,4.183529138373987,2.0325317183715246,-1.8688152377047642,4.030924782950583,38.718351533776065,55.579127556921776,3252.985,24.0,0.1231860471342966,0.1435165646876622,0.09286165124121831,0.14394061752798248
B0034,24,1.5149520966053402,0.7459302957645664,203.09566526622154,223,247,3.3938481398345894,2.1142806141482584,4.188330656095053,2.074050041946794,-1.8406021933680257,4.030804599251528,38.131331549186825,55.5590605953301,3245.25,24.0,0.1231860471342966,0.1435165646876622,0.09286165124121831,0.14394061752798248
B0034,25,1.4855182940634626,0.7459302957645664,199.14974663159788,222,247,3.4020764335853744,2.1801548663736754,4.186643866753638,2.0064890003799625,-1.8125906145533157,4.029122762673436,37.90482918212311,55.43438713431678,3235.031,24.0,0.1231860471342966,0.1435165646876622,0.09286165124121831,0.14394061752798248
B0034,26,1.480771929049074,0.7459302957645664,198.51344521827028,221,247,3.400466282848084,2.109657199964041,4.187573632919629,2.077916432955588,-1.8110391962814834,4.031180461653834,38.06681078125698,55.91432751133226,3228.141,24.0,0.1231860471342966,0.1435165646876622,0.09286165124121831,0.14394061752798248
B0034,27,1.484026357317059,0.7459302957645664,198.94973642221572,220,247,3.4030809584663944,2.1306422513355594,4.187294591248425,2.0566523399128656,-1.8097841749979178,4.029200659426091,38.24251669378549,55.78439633575717,3217.875,24.0,0.1231860471342966,0.1435165646876622,0.09286165124121831,0.14394061752798248
B0034,28,1.4922153055506522,0.7459302957645664,200.04755323969727,219,247,3.4070525055582563,2.1787867991793117,4.183701675158018,2.004914875978706,-1.8021093934434649,4.029558842148895,38.56098530062726,55.819046085150106,3220.219,24.0,0.1220873226956666,0.1416112723297097,0.0969236153564711,0.1442283503420942
B0034,29,1.473312924099279,0.7459302957645664,197.5134851694363,218,247,3.4060276994838254,2.1208148015326507,4.187348905123759,2.0665341035911085,-1.800815649461131,4.030202721256365,38.38922286871294,55.81813101636483,3210.234,24.0,0.1220873226956666,0.1416112723297097,0.0969236153564711,0.1442283503420942
B0034,30,1.441593178980006,0.7459302957645664,193.26111128150342,217,247,3.408174888188947,2.1326343880232206,4.186484904879302,2.0538505168560817,-1.7788779160462762,4.029145604132163,37.90831705954933,55.50852980614408,3210.546,24.0,0.1220873226956666,0.1416112723297097,0.0969236153564711,0.1442283503420942
B0034,31,1.4225873198015788,0.7459302957645664,190.713170906063,216,247,3.405126191511401,2.080806437045425,4.1865382627627215,2.1057318257172963,-1.7776506180150589,4.029781810783222,37.78900459955153,55.810474269938815,3200.969,24.0,0.1220873226956666,0.1416112723297097,0.0969236153564711,0.1442283503420942
B0034,32,1.4266489379486664,0.7459302957645664,191.25767461775695,215,247,3.409764436063523,2.153621018125857,4.187164525329423,2.0335435072035657,-1.7757913058945813,4.02948709506646,37.868460669545925,55.5580463265768,3188.625,24.0,0.1220873226956666,0.1416112723297097,0.0969236153564711,0.1442283503420942
B0034,33,1.4596775560238575,0.7459302957645664,195.6855170398612,214,247,3.410480218060336,2.16386574936286,4.185560165483177,2.021694416120317,-1.781934305037178,4.029440202415485,38.32719437027863,55.7456104997617,3191.735,24.0,0.1213351875279063,0.1421662524982832,0.11311459581714274,0.14273829208828193
B0034,34,1.4396159938545154,0.7459302957645664,192.99604829415495,213,247,3.4102489283524573,2.110862355108561,4.187111715287616,2.076249360179055,-1.7740392922449235,4.029706632370836,38.222749634083,55.88273287086187,3190.313,24.0,0.1213351875279063,0.1421662524982832,0.11311459581714274,0.14273829208828193
B0034,35,1.4195512657848512,0.7459302957645664,190.30615512537057,212,247,3.414435733868323,2.188936134619456,4.187953553733828,1.999017419114372,-1.758159329896538,4.028819839160079,37.708662488006475,55.52091947034592,3182.156,24.0,0.1213351875279063,0.1421662524982832,0.11311459581714274,0.14273829208828193
B0034,36,1.4118101714470452,0.7459302957645664,189.2683779521199,211,247,3.408669177651725,2.076995222056859,4.186573417418747,2.109578195361888,-1.764462484778239,4.030420227631053,37.8703638417689,56.03798112972515,3180.156,24.0,0.1213351875279063,0.1421662524982832,0.11311459581714274,0.14273829208828193
B0034,37,1.4044196701845313,0.7459302957645664,188.27760156128585,210,247,3.4118322352896917,2.138330613016186,4.187350410759027,2.049019797742841,-1.7624729823299456,4.0299718848239205,37.83489284744581,55.7872631992585,3171.953,24.0,0.1213351875279063,0.1421662524982832,0.11311459581714274,0.14273829208828193
B0034,38,1.4735059098606866,0.7459302957645664,197.53935699184427,209,247,3.412313772481234,2.163289759388807,4.18502843595743,2.021738676568623,-1.7852228610575493,4.029529486082554,39.269306296372,56.29505678813318,3192.172,24.0,0.1222125891909682,0.1405649119516749,0.104205941242623,0.14302263457240044
B0034,39,1.492658600645149,0.7459302957645664,200.1069817274546,208,247,3.4055246588869954,2.011759892668098,4.186257969039418,2.1744980763713198,-1.806117173524204,4.029713711390202,40.1506450904851,57.203641711448896,3194.735,24.0,0.1222125891909682,0.1405649119516749,0.104205941242623,0.14302263457240044
B0034,40,1.4820260149945934,0.7459302957645664,198.68156896289364,207,247,3.412772999015033,2.162343975515107,4.186398813067427,2.0240548375523204,-1.7898966673086716,4.029290691786796,39.44313364004617,56.48442346523092,3178.75,24.0,0.1222125891909682,0.1405649119516749,0.104205941242623,0.14302263457240044
B0034,41,1.423575357658995,0.7459302957645664,190.8456280355061,206,247,3.4159307513752806,2.1921995805381784,4.185933256660042,1.9937336761218636,-1.7588595515353411,4.029022667107852,38.29706396735563,55.71155596776208,3165.359,24.0,0.1222125891909682,0.1405649119516749,0.104205941242623,0.14302263457240044
B0034,42,1.403825219724535,0.7459302957645664,188.1979090667764,205,247,3.414462463305671,2.16034888083278,4.187334986366342,2.0269861055335623,-1.7569483309674612,4.028805365009421,38.00009263186772,55.725184853786985,3155.25,24.0,0.1222125891909682,0.1405649119516749,0.104205941242623,0.14302263457240044
B0034,43,1.5363173478836123,0.7459302957645664,205.9599075955096,204,247,3.3922002422487143,2.165521364045302,4.176473851854755,2.0109524878094533,-1.8535542744661238,4.029740881630216,39.66453202372922,56.68734909187956,3173.766,24.0,0.1213673034622562,0.1424974651809117,0.0962374137485799,0.14492436346006124
B0034,44,1.5440367168176732,0.7459302957645664,206.99477224410904,203,247,3.3972119520639095,2.0714906018792005,4.186547012412841,2.115056410533641,-1.8469058434531274,4.029196217915029,40.503647950320534,57.523569542125074,3199.485,24.0,0.1231072821956826,0.1405676747491041,0.10680359245267752,0.14139307311195973
B0034,45,1.507892155360249,0.7459302957645664,202.1492040103672,202,247,3.4077342186972084,2.160000438530016,4.186836439169428,2.0268360006394124,-1.809719941535708,4.029145491224896,39.602225792574906,56.64647124225468,3196.015,24.0,0.1231072821956826,0.1405676747491041,0.10680359245267752,0.14139307311195973
B0034,46,1.8203060058691087,0.7459302957645664,244.03164963333802,201,247,3.305027554247319,2.07023691471502,4.267804722238553,2.197567807523533,-1.951674467634044,4.031177810117895,43.00893271743553,61.22071154968515,3595.281,24.0,0.1231072821956826,0.1405676747491041,0.10680359245267752,0.14139307311195973
B0034,47,1.5936575758226643,0.7459302957645664,213.6469834878058,200,247,3.3502911943233946,2.051324967440629,4.183147061073988,2.1318220936333585,-1.920877053556143,4.031361471284143,40.64495633031262,58.28488787096781,3198.0,24.0,0.1249733640758512,0.1434122906953782,0.07804664282075031,0.14467094180008566
B0034,48,1.533070464968097,0.7459302957645664,205.52462792742915,199,247,3.378826251452736,2.126099692893142,4.186094144264648,2.059994451371506,-1.8756315967870998,4.030853452091916,39.63966215341089,57.592019665372526,3183.516,24.0,0.1249733640758512,0.1434122906953782,0.07804664282075031,0.14467094180008566
B0034,49,1.4862143093107285,0.7459302957645664,199.24305498108012,198,247,3.3905180732853615,2.1895562891910765,4.1869069503681295,1.997350661177053,-1.837523884399117,4.030490983913811,39.16680148065847,57.28443182001311,3183.797,24.0,0.1249733640758512,0.1434122906953782,0.07804664282075031,0.14467094180008566
B0034,50,1.5029318848267783,0.7459302957645664,201.484226255524,197,247,3.387526907959532,2.074340759266504,4.185562043793452,2.1112212845269482,-1.8376918380374707,4.031249179709422,39.82254974386062,57.87208806126728,3191.516,24.0,0.1249733640758512,0.1434122906953782,0.07804664282075031,0.14467094180008566
B0034,51,1.5202185406928062,0.7459302957645664,203.80168888764692,196,247,3.3911818711119515,2.1265733975652816,4.186540363518264,2.0599669659529827,-1.8447319494358396,4.030674776051926,40.67552783597674,58.01475740778219,3189.985,24.0,0.1249733640758512,0.1434122906953782,0.07804664282075031,0.14467094180008566
B0034,52,1.5118194735004464,0.7459302957645664,202.67570335789298,195,247,3.390835631837091,2.062739747604538,4.182887718757515,2.120147971152977,-1.8363552560101446,4.032090463706321,40.582538417129676,58.312052179468594,3189.734,24.0,0.1260670230602223,0.1435226557337258,0.09654038903902484,0.14613183605893532
B0034,53,1.464601301820905,0.7459302957645664,196.34559825991684,194,247,3.396934021472626,2.1030377322448675,4.183577669537621,2.080539937292753,-1.804847667473282,4.031760335593384,39.684346755235566,57.74556007237976,3176.016,24.0,0.1260670230602223,0.1435226557337258,0.09654038903902484,0.14613183605893532
B0034,54,1.4546140961511749,0.7459302957645664,195.00670564133867,193,247,3.3994906529891593,2.1244761059896846,4.186336344550888,2.0618602385612035,-1.7965264889900276,4.030702202371792,39.47995207463314,57.59063118746153,3171.36,24.0,0.1260670230602223,0.1435226557337258,0.09654038903902484,0.14613183605893532
B0034,55,1.4333400490204142,0.7459302957645664,192.15469021153834,192,247,3.3981483429417363,2.0601307559265187,4.184762302875813,2.1246315469492947,-1.7880255809187031,4.030830787176179,39.48992781243277,57.76023731619168,3170.843,24.0,0.1260670230602223,0.1435226557337258,0.09654038903902484,0.14613183605893532
B0034,56,1.449326234639616,0.7459302957645664,194.2978107832556,191,247,3.3988819411159534,2.066307670696809,4.185022396532557,2.118714725835748,-1.7944904482925368,4.030375180809054,39.852310270589804,57.84385498440773,3164.672,24.0,0.1260670230602223,0.1435226557337258,0.09654038903902484,0.14613183605893532
B0034,57,1.495199821798908,0.7459302957645664,200.44765982676068,190,247,3.3979295593430394,2.063118102136468,4.183906394520297,2.120788292383829,-1.8100461507144519,4.031301873680901,40.873690307547484,58.50818415025991,3177.453,24.0,0.1252713170947647,0.1435591074973786,0.09189035169583762,0.14631209184683702
B0034,58,1.4720590241846008,0.7459302957645664,197.3453863642533,189,247,3.3987236708202504,2.015578277968309,4.18478065365082,2.1692023756825107,-1.8015738065563547,4.030996805872695,40.55984735939729,58.39804679399696,3172.375,24.0,0.1252713170947647,0.1435591074973786,0.09189035169583762,0.14631209184683702
B0034,59,1.4097383014648728,0.7459302957645664,188.9906214386847,188,247,3.4080267118315732,2.1825208655708157,4.184572904357356,2.0020520387865406,-1.7534517505866212,4.0309191249132565,38.988662122088876,57.19671566450291,3158.406,24.0,0.1252713170947647,0.1435591074973786,0.09189035169583762,0.14631209184683702
B0034,60,1.3861944181384176,0.7459302957645664,185.83430998972779,187,247,3.407631378055527,2.177635067318021,4.186221928288161,2.00858686097014,-1.7513221260920175,4.030301776910108,38.71511147644418,57.09358220904711,3141.578,24.0,0.1252713170947647,0.1435591074973786,0.09189035169583762,0.14631209184683702
B0034,61,1.3624125407550536,0.7459302957645664,182.64609287099714,186,247,3.407885887358127,2.167549772117144,4.185645972879193,2.018096200762049,-1.7425277851045473,4.032926354694966,38.511498511820214,57.056434523826645,3138.187,24.0,0.1252713170947647,0.1435591074973786,0.09189035169583762,0.14631209184683702
B0034,62,1.4471377445077278,0.7459302957645664,194.0044200811599,185,247,3.4003875411941866,2.0235981843621835,4.184966155089575,2.1613679707273916,-1.7826705089192836,4.030419099923807,40.112479285456395,57.99096942950453,3157.969,24.0,0.1235425210299043,0.1436713068857462,0.08794209580229563,0.14572683140953502
B0034,63,1.4554483390450048,0.7459302957645664,195.11854489744167,184,247,3.4076622967245975,2.184010507272112,4.181330176160959,1.9973196688888466,-1.7740815054978625,4.031508370151624,40.84012758949483,58.16328313862759,3159.281,24.0,0.1235425210299043,0.1436713068857462,0.08794209580229563,0.14572683140953502
B0034,64,1.4423952167302958,0.7459302957645664,193.36863309082577,183,247,3.4032529056881784,2.0392577121107047,4.186951481965634,2.1476937698549294,-1.7809841749397886,4.030927087953748,40.348969230016365,58.29542391419101,3150.375,24.0,0.1235425210299043,0.1436713068857462,0.08794209580229563,0.14572683140953502
B0034,65,1.377541945989605,0.7459302957645664,184.67435279293048,182,247,3.406174357529073,2.0999808615526177,4.1857251578423,2.085744296289682,-1.747182095051256,4.030689142794633,38.95729074496056,57.375182540416354,3134.078,24.0,0.1235425210299043,0.1436713068857462,0.08794209580229563,0.14572683140953502
B0034,66,1.3539935892900532,0.7459302957645664,181.51744164007067,181,247,3.4049736944362246,2.063136946201327,4.18361645238679,2.120479506185463,-1.73814436809975,4.030890080533704,38.73711200799833,57.42041259082052,3129.797,24.0,0.1235425210299043,0.1436713068857462,0.08794209580229563,0.14572683140953502
B0034,67,1.5509038861664448,0.7459302957645664,207.91539034847668,180,247,3.3580774287935817,2.120762756881349,4.17325067272426,2.0524879158429106,-1.8824146171130414,4.031115880527916,40.231060876384255,57.71520595046742,3161.89,24.0,0.1237545085880591,0.1458068729337951,0.08318491536983594,0.14668358214653324
B0034,68,1.5562932697752867,0.7459302957645664,208.6378953384795,179,247,3.38250056099739,2.19170788700899,4.184028931910909,1.992321044901919,-1.8524024614367005,4.031336520715659,40.929553501935686,58.17136403259683,3196.859,24.0,0.1267251796303376,0.1452212888923113,0.08286316574528432,0.14603769561301888
B0034,69,1.5067526605064707,0.7459302957645664,201.99644243730225,178,247,3.390086865994553,2.1203887966971293,4.185455613390746,2.065066816693617,-1.826530681368946,4.031483697642067,39.993709319022244,57.753084428922655,3171.906,24.0,0.1267251796303376,0.1452212888923113,0.08286316574528432,0.14603769561301888
B0034,70,1.444138733302766,0.7459302957645664,193.60237028884143,177,247,3.392978809154906,2.0630039985317543,4.183582231077479,2.120578232545725,-1.7929643530908497,4.030940436431335,39.1022619385273,57.5103657978898,3160.842999999993,24.0,0.1267251796303376,0.1452212888923113,0.08286316574528432,0.14603769561301888
B0034,71,1.4144103811292437,0.7459302957645664,189.61696409977503,176,247,3.400527096110287,2.1811524820912926,4.1831604654402685,2.002007983348976,-1.7679531131415924,4.0314913055403885,38.637036104045876,56.86348453612092,3147.141,24.0,0.1267251796303376,0.1452212888923113,0.08286316574528432,0.14603769561301888
B0034,72,1.3897574212362729,0.7459302957645664,186.31196897718095,175,247,3.4009920061492966,2.155432405052415,4.184589576893444,2.029157171841029,-1.758494914822024,4.03046907957885,38.457946337552535,56.97607576818629,3141.203,24.0,0.1267251796303376,0.1452212888923113,0.08286316574528432,0.14603769561301888
B0034,73,1.449968311475299,0.7459302957645664,194.38388810701207,174,247,3.395963139634734,2.0671609840346776,4.1839152437949645,2.116754259760287,-1.791362432884086,4.030848804967881,39.988534225003114,57.956995411354825,3151.047,24.0,0.1257307656681546,0.1454321615828021,0.08186374270325036,0.1474808419911045
B0034,74,1.4678653068012166,0.7459302957645664,196.7831733254216,173,247,3.399629787670528,2.1233368877812127,4.184717109573573,2.0613802217923607,-1.7913224989214864,4.032550539055774,40.84025138634754,58.3663921180059,3159.172,24.0,0.1257307656681546,0.1454321615828021,0.08186374270325036,0.1474808419911045
B0034,75,1.4290644310445066,0.7459302957645664,191.5814975150914,172,247,3.3983167205445777,2.032509026773449,4.184251380689682,2.1517423539162333,-1.7734088198098006,4.03311369700898,39.64173378499159,57.883249801186295,3141.047,24.0,0.1257307656681546,0.1454321615828021,0.08186374270325036,0.1474808419911045
B0034,76,1.376744834668327,0.7459302957645664,184.56749142454203,171,247,3.398539512076107,2.010095847748964,4.182749347441237,2.172653499692273,-1.7476951824023108,4.031189054300734,38.82196729294636,57.62604602919208,3135.0310000000027,24.0,0.1257307656681546,0.1454321615828021,0.08186374270325036,0.1474808419911045
B0034,77,1.3515813262521057,0.7459302957645664,181.19405176682855,170,247,3.4065465230061798,2.1845053475658918,4.182152014334447,1.997646666768555,-1.7290779932589337,4.031129358826585,38.27601981086532,56.803768142247485,3117.984,24.0,0.1257307656681546,0.1454321615828021,0.08186374270325036,0.1474808419911045
B0034,78,1.353993472828928,0.7459302957645664,181.51742602720097,169,247,3.4067781130872956,2.1991319506434475,4.183323525954108,1.984191575310661,-1.72909022193074,4.031338830626604,38.30615482092432,56.88027382398077,3125.328,24.0,0.1253441117935972,0.1478802597593119,0.07328656701778617,0.14899565477097082
B0034,79,1.3577165116893766,0.7459302957645664,182.0165395343997,168,247,3.4044214192090116,2.1256164107912863,4.18535045289718,2.0597340421058936,-1.7360856942372698,4.03103413513416,38.50347850214561,57.11228470728586,3120.172,24.0,0.1253441117935972,0.1478802597593119,0.07328656701778617,0.14899565477097082
B0034,80,1.334169315351027,0.7459302957645664,178.85978394047197,167,247,3.4020136665550305,2.059592858883293,4.182766239696235,2.1231733808129425,-1.7266849618679287,4.030805323363095,38.25735173096823,57.23777746505438,3116.641,24.0,0.1253441117935972,0.1478802597593119,0.07328656701778617,0.14899565477097082
B0034,81,1.3372147888783987,0.7459302957645664,179.268062508143,166,247,3.408929572366065,2.196715966153447,4.181823483700895,1.9851075175474477,-1.7171675465127403,4.03117795823907,38.29433048905591,56.79550408983589,3110.844,24.0,0.1253441117935972,0.1478802597593119,0.07328656701778617,0.14899565477097082
B0034,82,1.339045224276927,0.7459302957645664,179.51345211209414,165,247,3.407512024075691,2.179169443366329,4.1857303262234575,2.0065608828571286,-1.7243425380133646,4.031972732432733,38.19006452807094,56.74357378980126,3101.406,24.0,0.1253441117935972,0.1478802597593119,0.07328656701778617,0.14899565477097082
B0034,83,1.3439244604756322,0.7459302957645664,180.16756634051598,164,247,3.4012246723873063,2.0729178734316847,4.180937577273335,2.1080197038416504,-1.7314023398283604,4.031005726868246,38.32673773585545,57.1850535860252,3099.563,24.0,0.12527841795391,0.1478038929970834,0.06480275214176637,0.14930350305134604
B0034,84,1.3454786192090245,0.7459302957645664,180.3759180782342,163,247,3.4019343263921806,2.058553622170445,4.185670680684665,2.1271170585142203,-1.7315370302816349,4.031139103540076,38.326112920062165,57.13163600499266,3104.64,24.0,0.12527841795391,0.1478038929970834,0.06480275214176637,0.14930350305134604
B0034,85,1.3482263029682544,0.7459302957645664,180.7442747162246,162,247,3.4080993396118826,2.1859283824053053,4.184780807786567,1.998852425381262,-1.7217927604432464,4.030804616834862,38.2504483640825,56.68621589748299,3099.875,24.0,0.12527841795391,0.1478038929970834,0.06480275214176637,0.14930350305134604
B0034,86,1.3373192299576058,0.7459302957645664,179.28206396106697,161,247,3.4012585484878985,2.047929270109934,4.184776951807234,2.1368476816973003,-1.728989688622418,4.031692434428726,38.25522153140731,57.14457415944487,3093.25,24.0,0.12527841795391,0.1478038929970834,0.06480275214176637,0.14930350305134604
B0034,87,1.3402523341553034,0.7459302957645664,179.6752782083434,160,247,3.400118948427692,2.0282334120244614,4.184920385211051,2.156686973186589,-1.7363791085179334,4.031825763441962,38.4827926779255,57.28985408720813,3086.688,24.0,0.12527841795391,0.1478038929970834,0.06480275214176637,0.14930350305134604
B0034,88,1.329096568237912,0.7459302957645664,178.1797274872191,159,247,3.4044380735101045,2.128944717359417,4.181326694340018,2.052381976980601,-1.7191649059489624,4.0305186641831545,38.208311929566015,56.90074118043176,3094.281,24.0,0.1250367388099057,0.1470983982534746,0.05731451198788054,0.15096958346754458
B0034,89,1.3323485655766352,0.7459302957645664,178.61569279888272,158,247,3.4027761465827293,2.080780257241255,4.184466822637345,2.1036865653960906,-1.7265467227383982,4.031628581091327,38.37963443029051,57.126183132620525,3088.328,24.0,0.1250367388099057,0.1470983982534746,0.05731451198788054,0.15096958346754458
B0034,90,1.3501541310555516,0.7459302957645664,181.00272086035406,157,247,3.407661438923026,2.18178697368346,4.185698992912854,2.0039120192293938,-1.726628901233422,4.0312424408295175,38.847888287026734,57.09006956503022,3095.687,24.0,0.1250367388099057,0.1470983982534746,0.05731451198788054,0.15096958346754458
B0034,91,1.381523441054128,0.7459302957645664,185.20811514138717,156,247,3.406219322901771,2.1600430451609207,4.188177492671976,2.028134447511055,-1.7439767424511525,4.031736173757563,39.55793696996327,57.56129571557157,3102.062,24.0,0.1250367388099057,0.1470983982534746,0.05731451198788054,0.15096958346754458
B0034,92,1.3835971952817807,0.7459302957645664,185.48612425824805,155,247,3.403483836522725,2.0578741386350488,4.181899265811891,2.1240251271768424,-1.7438949547598264,4.03159610294282,39.995989656775905,58.12885115554352,3107.141,24.0,0.1250367388099057,0.1470983982534746,0.05731451198788054,0.15096958346754458
B0034,93,1.33011618620809,0.7459302957645664,178.31641827132688,154,247,3.401643655881062,2.0545776989805837,4.180083219210065,2.1255055202294812,-1.7239330841004026,4.031093567396651,38.637111363644244,57.35750604508094,3090.719,24.0,0.1246732923578224,0.1474804420717201,0.08087572621957297,0.14846854529264497
B0034,94,1.3176982121703231,0.7459302957645664,176.6516549404531,153,247,3.401100143150002,2.0610721424538947,4.1821779958572005,2.121105853403306,-1.7215733668196036,4.031192505233378,38.17458507378806,57.07647448385972,3069.812,24.0,0.1246732923578224,0.1474804420717201,0.08087572621957297,0.14846854529264497
B0034,95,1.3063657719651272,0.7459302957645664,175.1324191258546,152,247,3.406245698013471,2.1769630360366774,4.1841115419161925,2.007148505879515,-1.7115169207570662,4.030588508612238,37.84309122903104,56.56265009891403,3064.437,24.0,0.1246732923578224,0.1474804420717201,0.08087572621957297,0.14846854529264497
B0034,96,1.3381567383793782,0.7459302957645664,179.39434099640494,151,247,3.404609654515602,2.123117073996824,4.182953933920961,2.0598368599241375,-1.7218255733894667,4.031702600821983,38.7849806497393,57.16856231635899,3083.25,24.0,0.1246732923578224,0.1474804420717201,0.08087572621957297,0.14846854529264497
B0034,97,1.3563258092165067,0.7459302957645664,181.83010087105993,150,247,3.3978374456616303,1.992728560786441,4.185231964742196,2.1925034039557554,-1.7464028089407726,4.031682841427148,39.47058624854092,57.902838661735686,3076.484,24.0,0.1246732923578224,0.1474804420717201,0.08087572621957297,0.14846854529264497
B0034,98,1.3648997529550058,0.7459302957645664,182.97953048763168,149,247,3.3958647763622594,1.9677573642714887,4.183603781291225,2.2158464170197365,-1.7536342273893653,4.03092026898644,39.61654428235802,58.11517890209301,3081.297,24.0,0.1251092258626547,0.1471351855185385,0.07062783576152154,0.14933847373617207
B0034,99,1.3337639975535058,0.7459302957645664,178.80544671890817,148,247,3.4029256137765205,2.12435243753564,4.1847480185320505,2.0603955809964103,-1.726531730710585,4.031386898885472,38.42381623938057,56.98035659049231,3065.953,24.0,0.1251092258626547,0.1471351855185385,0.07062783576152154,0.14933847373617207
B0034,100,1.3060123668658763,0.7459302957645664,175.0850413613024,147,247,3.4052852363977686,2.1817137827751827,4.18481289618272,2.0030991134075373,-1.7162971244779048,4.031919192937977,38.11461669687029,56.67208442551173,3055.828,24.0,0.1251092258626547,0.1471351855185385,0.07062783576152154,0.14933847373617207
B0034,101,1.3101868361375808,0.7459302957645664,175.6446739831985,146,247,3.4007629589889867,2.087539695609617,4.182816385597531,2.0952766899879136,-1.7241037426046357,4.031463869357844,38.33391837467718,57.04472631715234,3051.468,24.0,0.1251092258626547,0.1471351855185385,0.07062783576152154,0.14933847373617207
B0034,102,1.3567668941696105,0.7459302957645664,181.88923306553016,145,247,3.4011297944340977,2.068960188840925,4.182086976575588,2.1131267877346636,-1.734239204579505,4.031164018221237,39.42514383600653,57.64730160708694,3069.0,24.0,0.1251092258626547,0.1471351855185385,0.07062783576152154,0.14933847373617207
B0034,103,1.3916857433587717,0.7459302957645664,186.5704813520567,144,247,3.3993314164333626,2.059628573127648,4.181559459677035,2.121930886549387,-1.7519633999941742,4.031125638208525,40.315066740163225,58.29336025761747,3079.235,24.0,0.1264638175619604,0.1464806266658573,0.08221450189904818,0.14889651522359038
B0034,104,1.3629935079344777,0.7459302957645664,182.72397778634686,143,247,3.3981521617785853,1.9953872570984856,4.182529313505233,2.1871420564067474,-1.741661014368029,4.03058191664693,39.53448316157278,57.95445943311949,3070.344,24.0,0.1264638175619604,0.1464806266658573,0.08221450189904818,0.14889651522359038
B0034,105,1.3211711973900628,0.7459302957645664,177.1172460606234,142,247,3.4035091903916523,2.1529421051579973,4.184076900714323,2.0311347955563255,-1.7213520368201807,4.030694821958155,38.37203224972586,56.91514213395795,3051.4839999999967,24.0,0.1264638175619604,0.1464806266658573,0.08221450189904818,0.14889651522359038
B0034,106,1.3074869015593356,0.7459302957645664,175.28271863782967,141,247,3.3990218794534157,2.0405401202035574,4.184435637134828,2.143895516931271,-1.7213249052728743,4.031009817979993,38.3101923015924,57.19634917626827,3054.812,24.0,0.1264638175619604,0.1464806266658573,0.08221450189904818,0.14889651522359038
B0034,107,1.3105881895483489,0.7459302957645664,175.69847973596745,140,247,3.4057934055092884,2.197033181830859,4.182198079486951,1.9851648976560918,-1.7112135934528914,4.031095809579006,38.27774779605142,56.74944920850043,3046.532,24.0,0.1264638175619604,0.1464806266658573,0.08221450189904818,0.14889651522359038
B0034,108,1.376312668196664,0.7459302957645664,184.50955484868274,139,247,3.3956244120578263,1.9756647286286777,4.18257252176705,2.206907793138373,-1.7569109821992535,4.03243604396475,40.334191485925615,58.60834889757344,3071.782,24.0,0.1271233146951738,0.1465866624226255,0.07350892464303045,0.14833441213698845
B0034,109,1.391764929132287,0.7459302957645664,186.58109705890826,138,247,3.400151892919731,2.083403258487322,4.184144535847567,2.100741277360245,-1.7574723585820047,4.0311681176814105,40.79229920392578,58.69313490028398,3074.532,24.0,0.1271233146951738,0.1465866624226255,0.07350892464303045,0.14833441213698845
B0034,110,1.3649746353453525,0.7459302957645664,182.98956927956326,137,247,3.395401002342427,1.9776004444482065,4.183745596310435,2.2061451518622284,-1.754566898095876,4.032104651105574,39.99900717802978,58.287617732907975,3053.656,24.0,0.1271233146951738,0.1465866624226255,0.07350892464303045,0.14833441213698845
B0034,111,1.3219093937291897,0.7459302957645664,177.21620924033581,136,247,3.3978188140801495,2.064842829300876,4.182564922322223,2.117722093021347,-1.7345909430155575,4.031108958105936,38.793911542282345,57.38456939785952,3031.953,24.0,0.1271233146951738,0.1465866624226255,0.07350892464303045,0.14833441213698845
B0034,112,1.3090033888073913,0.7459302957645664,175.48602010670237,135,247,3.392562018908607,1.966575784508242,4.184886457411625,2.2183106729033826,-1.7419815147499944,4.031562836873329,38.67005005769116,57.58115209169171,3023.5,24.0,0.1271233146951738,0.1465866624226255,0.07350892464303045,0.14833441213698845
B0034,113,1.3327005721973733,0.7459302957645664,178.66288308230958,134,247,3.4017204105726306,2.1711822809863026,4.182256888930097,2.0110746079437947,-1.7240295509078702,4.03093916292613,38.826649526191886,57.13289738293001,3042.703,24.0,0.124489358707192,0.1481547693370429,0.06382193894190066,0.1477485012685651
B0034,114,1.7423975189669398,0.7459302957645664,233.58717682608813,133,247,3.483606791060758,2.069253006874651,4.444767752853825,2.3755147459791743,-1.5139109254949328,4.031271454898872,40.05350414099234,61.43732341776916,4424.203,24.0,0.124489358707192,0.1481547693370429,0.06382193894190066,0.1477485012685651
B0034,115,1.37734756281946,0.7459302957645664,184.64829363281206,132,247,3.4027541068274787,2.1429326564674485,4.182008963324631,2.039076306857183,-1.7448643036753848,4.031083297465372,39.89751111071057,57.73883179659806,3066.766,24.0,0.1272960691814162,0.1479466364268468,0.07320880929785334,0.1497291345919809
B0034,116,1.34875988767775,0.7459302957645664,180.8158075005243,131,247,3.399518032588874,2.066165629002469,4.183084128990252,2.1169184999877833,-1.7422768724138988,4.030963240325162,39.197243061406944,57.386080612263264,3046.125,24.0,0.1272960691814162,0.1479466364268468,0.07320880929785334,0.1497291345919809
B0034,117,1.3501504559881146,0.7459302957645664,181.0022281779335,130,247,3.4048948132853294,2.1996082620797504,4.183718969246597,1.9841107071668462,-1.731761904660173,4.031380713903483,38.90698912730004,56.89633685865634,3033.625,24.0,0.1272960691814162,0.1479466364268468,0.07320880929785334,0.1497291345919809
B0034,118,1.3387814875085953,0.7459302957645664,179.47809535425372,129,247,3.3989458032986057,2.0698222657269465,4.184086373500983,2.1142641077740363,-1.7394457190997812,4.0308516181486045,38.91493347992841,57.238769179765264,3028.562,24.0,0.1272960691814162,0.1479466364268468,0.07320880929785334,0.1497291345919809
B0034,119,1.3253371210402685,0.7459302957645664,177.67573304980456,128,247,3.402552549263599,2.1637591808058576,4.180084668986179,2.0163254881803216,-1.7291852801439969,4.030838932270787,38.753372299612906,56.92287178370967,3020.984,24.0,0.1272960691814162,0.1479466364268468,0.07320880929785334,0.1497291345919809
B0034,120,1.3308160596334049,0.7459302957645664,178.41024385118186,127,247,3.3917372089469744,1.96657603413028,4.182272685375916,2.2156966512456364,-1.7552053099717762,4.030667531854442,39.091854428154555,57.63060311370659,3017.391,24.0,0.1259736664142202,0.1476030885314802,0.06197245080810304,0.14806654644136946
B0034,121,1.333083376618503,0.7459302957645664,178.71420214299172,126,247,3.399163910018903,2.0993400599564533,4.183571382297645,2.0842313223411915,-1.737147942355728,4.031261774539943,38.79791433490267,57.01462861282404,3022.14,24.0,0.1259736664142202,0.1476030885314802,0.06197245080810304,0.14806654644136946
B0034,122,1.3333226534895923,0.7459302957645664,178.74627978783974,125,247,3.396151910618556,2.051523215347617,4.183893272585923,2.132370057238306,-1.7450526641182944,4.031883079901577,38.873425446921566,57.17373710163345,3009.016,24.0,0.1259736664142202,0.1476030885314802,0.06197245080810304,0.14806654644136946
B0034,123,1.3264281097516477,0.7459302957645664,177.8219918514076,124,247,3.3999185413871995,2.127535513157563,4.184006388641318,2.0564708754837553,-1.7341883809096077,4.0317878151340585,38.72429474171124,56.96912010183172,3014.672,24.0,0.1259736664142202,0.1476030885314802,0.06197245080810304,0.14806654644136946
B0034,124,1.323971040986857,0.7459302957645664,177.49259528731278,123,247,3.397850235603045,2.0823277676119383,4.181910454160974,2.0995826865490357,-1.734400276547127,4.031344486974082,38.693927613601694,57.10359458618797,3010.703,24.0,0.1259736664142202,0.1476030885314802,0.06197245080810304,0.14806654644136946
B0034,125,1.3249364225071156,0.7459302957645664,177.62201509044183,122,247,3.399278705498605,2.1365617064803337,4.181304092373182,2.044742385892848,-1.7344615887918813,4.031165844112306,38.83689474258564,57.068326741336485,3011.75,24.0,0.1259231863090842,0.1490022186394229,0.06403555615457034,0.1506308236877767
B0034,126,1.3283067675570923,0.7459302957645664,178.07384618901952,121,247,3.393991029909915,1.9941210557405096,4.181467747221002,2.187346691480492,-1.7422565015843707,4.031283330684273,38.98262569198278,57.42601185667435,3005.734,24.0,0.1259231863090842,0.1490022186394229,0.06403555615457034,0.1506308236877767
B0034,127,1.314584348909226,0.7459302957645664,176.2342079914851,120,247,3.3920728040875394,1.9772527709370784,4.184933925854431,2.2076811549173527,-1.7506020276231054,4.031390232489055,39.051031869034375,57.61101162387096,2993.75,24.0,0.1259231863090842,0.1490022186394229,0.06403555615457034,0.1506308236877767
B0034,128,1.3166841798543305,0.7459302957645664,176.51571297352265,119,247,3.3991110461098466,2.126873333723975,4.183605741258281,2.0567324075343065,-1.7318011089547243,4.030190775657842,38.79001119015603,57.13778358983724,2998.125,24.0,0.1259231863090842,0.1490022186394229,0.06403555615457034,0.1506308236877767
B0034,129,1.3041727649654071,0.7459302957645664,174.8384228889177,118,247,3.395190942431077,2.039511489521072,4.18498220766507,2.1454707181439976,-1.739970121407176,4.030832991804198,38.89401391225135,57.23603082155364,2990.859,24.0,0.1259231863090842,0.1490022186394229,0.06403555615457034,0.1506308236877767
B0034,130,1.3534450073572306,0.7459302957645664,181.44389831625912,117,247,3.3964846031258618,2.0358214749013905,4.181710702444723,2.145889227543332,-1.7427011000827153,4.031156962815287,40.171574663158054,58.39093066235441,3024.453,24.0,0.127212110588067,0.1490478179338208,0.07001621827203088,0.1517474589319839
B0034,131,1.371294082513786,0.7459302957645664,183.83675931921118,116,247,3.394474869519725,1.973042506261499,4.184181072689387,2.2111385664278878,-1.7609977485305528,4.031505060697891,41.03606365974405,58.90073826779548,3030.765,24.0,0.127212110588067,0.1490478179338208,0.07001621827203088,0.1517474589319839
B0034,132,1.357699321922511,0.7459302957645664,182.0142350607829,115,247,3.396433031795198,2.0280193684749017,4.18330455406694,2.155285185592038,-1.7510064310910844,4.0310979373493865,40.43961489235273,58.27129279916865,3020.813,24.0,0.127212110588067,0.1490478179338208,0.07001621827203088,0.1517474589319839
B0034,133,1.3286903090919502,0.7459302957645664,178.12526406774566,114,247,3.391155270712207,1.9435482703621487,4.183090426902681,2.2395421565405327,-1.7476615383639926,4.0324414576282885,39.651877682602084,58.03064804249352,2998.156,24.0,0.127212110588067,0.1490478179338208,0.07001621827203088,0.1517474589319839
B0034,134,1.3143943268181724,0.7459302957645664,176.20873348104726,113,247,3.395487164367482,2.0636905936063763,4.184001846460157,2.120311252853781,-1.737132841849628,4.030608268179589,39.179107326892364,57.376456720947886,2986.766,24.0,0.127212110588067,0.1490478179338208,0.07001621827203088,0.1517474589319839
B0034,135,1.3866783030110723,0.7459302957645664,185.89917997495326,112,247,3.3795305779550775,1.9437968709766944,4.173319870139646,2.2295229991629517,-1.7833514969895126,4.030934744594092,40.11810121003218,58.48728985101988,3032.328,24.0,0.1261498012706538,0.1488802539580276,0.0594406764547489,0.1523282512590421
B0034,136,1.3868330458429208,0.7459302957645664,185.9199249202554,111,247,3.392303218262864,2.071041778175654,4.181768359109135,2.1107265809334814,-1.7701661084313476,4.031180224182523,40.80596825835928,58.63748276638773,3047.703,24.0,0.1275273799981891,0.1483581068321612,0.0684002003193451,0.15104648037050739
B0034,137,1.3548037379291014,0.7459302957645664,181.6260508014961,110,247,3.4001334063326003,2.185338383273266,4.182301042571854,1.9969626592985885,-1.7401783923806775,4.031782992778244,39.68459882372222,57.63608525053667,3034.968,24.0,0.1275273799981891,0.1483581068321612,0.0684002003193451,0.15104648037050739
B0034,138,1.3255787669951669,0.7459302957645664,177.7081282958846,109,247,3.393642423268678,2.0310061849780774,4.178121720093713,2.1471155351156352,-1.7373219803903293,4.030909285227107,39.35391690299883,57.60594379182819,3011.7339999999967,24.0,0.1275273799981891,0.1483581068321612,0.0684002003193451,0.15104648037050739
B0034,139,1.3119728676377551,0.7459302957645664,175.88411076573908,108,247,3.4010015677885197,2.1906611266270994,4.181856458554027,1.991195331926928,-1.726421739308256,4.031391102007752,38.774974385595264,56.80159282025973,3002.922,24.0,0.1275273799981891,0.1483581068321612,0.0684002003193451,0.15104648037050739
B0034,140,1.3064487948795198,0.7459302957645664,175.14354924281915,107,247,3.400303147037451,2.142279706628003,4.183618050676316,2.0413383440483126,-1.7241986137944987,4.032301237199556,38.265844006523615,56.21047251769452,2986.718,24.0,0.1275273799981891,0.1483581068321612,0.0684002003193451,0.15104648037050739
B0034,141,1.3418431880549024,0.7459302957645664,179.88854932879957,106,247,3.4014259376568985,2.160163197204225,4.180694864027114,2.020531666822889,-1.7352631240732406,4.032232493006905,39.68448087231524,57.153953136576106,3006.203,24.0,0.1271239415617905,0.1473348966192847,0.06907267922955217,0.1498055890941944
B0034,142,1.3609210170759327,0.7459302957645664,182.44613803773862,105,247,3.3937688197583187,1.955449063066795,4.184699791551839,2.2292507284850442,-1.7542912065406973,4.032459345523554,40.52184920089412,58.22840707938393,3011.609,24.0,0.1271239415617905,0.1473348966192847,0.06907267922955217,0.1498055890941944
B0034,143,1.329960367739497,0.7459302957645664,178.2955291253199,104,247,3.40281516420186,2.186393196562525,4.184264442346774,1.997871245784249,-1.7326282784227318,4.031899555003315,39.34384441360489,56.896536733279625,2985.953,24.0,0.1271239415617905,0.1473348966192847,0.06907267922955217,0.1498055890941944
B0034,144,1.299069387625936,0.7459302957645664,174.1542601235161,103,247,3.402086089777065,2.1725626411969494,4.1832269410899645,2.010664299893015,-1.7211553304454028,4.031537675655013,38.612144786286876,56.43024249534344,2976.312999999994,24.0,0.1271239415617905,0.1473348966192847,0.06907267922955217,0.1498055890941944
B0034,145,1.2984544371955695,0.7459302957645664,174.07181938691403,102,247,3.3974407926386454,2.107521375414201,4.18242247093296,2.0749010955187592,-1.7293251908726686,4.031552007887981,38.61589548680076,56.60428484008346,2964.75,24.0,0.1271239415617905,0.1473348966192847,0.06907267922955217,0.1498055890941944
B0034,146,1.317648609161009,0.7459302957645664,176.64500512215295,101,247,3.3900153291758635,1.972495650379372,4.181677931125044,2.2091822807456722,-1.748688834226016,4.031822718744165,39.405725006770766,57.47493245382511,2969.953,24.0,0.1260775043428536,0.1485469199588018,0.06623245310333511,0.1488429628563427
B0034,147,1.3360648564106594,0.7459302957645664,179.11390166037094,100,247,3.4000590460263824,2.15288424756184,4.184377456853175,2.031493209291335,-1.7409400126466616,4.038795954400871,39.93466601122023,57.43585109945852,2988.453,24.0,0.1260775043428536,0.1485469199588018,0.06623245310333511,0.1488429628563427
B0034,148,1.3635797361860138,0.7459302957645664,182.80256800514675,99,247,3.3987353103697178,2.175170885643991,4.182088306746119,2.0069174211021283,-1.7514562329904435,4.033056340172318,41.55493252456659,59.12207312090748,3001.235,24.0,0.1260775043428536,0.1485469199588018,0.06623245310333511,0.1488429628563427
B0034,149,1.3333112541544827,0.7459302957645664,178.74475158404184,98,247,3.3928187346829195,2.0442124222047857,4.181101635503988,2.1368892132992023,-1.7489863545731503,4.031676887900432,40.30936955838523,58.23289082409849,2976.234,24.0,0.1260775043428536,0.1485469199588018,0.06623245310333511,0.1488429628563427
B0034,150,1.3023273463118925,0.7459302957645664,174.59102461806143,97,247,3.3901374196096965,2.030057772957424,4.179766813903975,2.149709040946551,-1.7463412570660508,4.031008497658909,39.63376472877464,57.69877961341635,2950.39,24.0,0.1260775043428536,0.1485469199588018,0.06623245310333511,0.1488429628563427
B0034,151,1.2888728444455877,0.7459302957645664,172.7873035542167,96,247,3.3844914074498393,1.960005305735824,4.180263086800403,2.2202577810645794,-1.7543675539321288,4.031145578011882,39.39726410153058,57.777112656377554,2941.719,24.0,0.1258468150180572,0.1500417113466578,0.05546315003773842,0.1508071262775665
B0034,152,1.2902746194203034,0.7459302957645664,172.97522660583093,95,247,3.3921220546792745,2.097517979952191,4.1809918219864,2.0834738420342096,-1.7346999432389851,4.0312307343283,39.0556543100656,57.23966158430743,2946.969,24.0,0.1258468150180572,0.1500417113466578,0.05546315003773842,0.1508071262775665
B0034,153,1.292407565676824,0.7459302957645664,173.26117105246774,94,247,3.389816955641987,2.063176636612858,4.181979956691477,2.1188033200786194,-1.7433417157972704,4.0307864323142,39.19214857830457,57.39229514777536,2936.171,24.0,0.1258468150180572,0.1500417113466578,0.05546315003773842,0.1508071262775665
B0034,154,1.295409150510234,0.7459302957645664,173.66356586743282,93,247,3.3881964986011384,2.050195394002453,4.1832960690677,2.1331006750652475,-1.7522140323058732,4.031891788952559,39.3246784315448,57.49397345620112,2927.281,24.0,0.1258468150180572,0.1500417113466578,0.05546315003773842,0.1508071262775665
B0034,155,1.283229881592695,0.7459302957645664,172.03080353203853,92,247,3.392372693620385,2.142448068324373,4.182349252301679,2.0399011839773062,-1.7406561651353165,4.030519452398561,39.02095895366564,57.117778050999135,2924.422,24.0,0.1258468150180572,0.1500417113466578,0.05546315003773842,0.1508071262775665
B0034,156,1.4557454024367815,0.7459302957645664,195.15836944853757,91,247,3.3581270184036267,2.132265781269793,4.166622490761778,2.034356709491985,-1.8482512574133536,4.031364436387261,41.16886509114223,59.0081622348613,3023.859,24.0,0.1259459876773694,0.1508850262189733,0.06726484408250147,0.15200443524414922
B0034,157,1.454676342673242,0.7459302957645664,195.01505045886663,90,247,3.3640532409111272,1.984934774787036,4.183046790056729,2.198112015269693,-1.8493953640798928,4.031501683106394,41.53076127734769,59.53806687629183,3056.172,24.0,0.1291754709943593,0.1487549819388528,0.0654336565831741,0.14992387047864122
B0034,158,1.423427718198495,0.7459302957645664,190.8258353737335,89,247,3.38037517618057,2.13940846198312,4.180727864826346,2.0413194028432256,-1.799535657719212,4.030744595022684,40.35674808373947,58.40787633507069,3045.078,24.0,0.1291754709943593,0.1487549819388528,0.0654336565831741,0.14992387047864122
B0034,159,1.392551210363313,0.7459302957645664,186.6865065369105,88,247,3.379746726032651,2.04587233974925,4.182665046607197,2.136792706857947,-1.7883422605091341,4.031671799370217,39.90529016402678,58.34388806897325,3034.25,24.0,0.1291754709943593,0.1487549819388528,0.0654336565831741,0.14992387047864122
B0034,160,1.3765732493746907,0.7459302957645664,184.544488565614,87,247,3.383744830197482,2.0970875648564333,4.183546703480425,2.0864591386239915,-1.7775400800465013,4.030922111155082,39.6263343523975,58.00881689774913,3022.609,24.0,0.1291754709943593,0.1487549819388528,0.0654336565831741,0.14992387047864122
B0034,161,1.3810190828982352,0.7459302957645664,185.1405004917669,86,247,3.382914022586479,2.0432611124631137,4.184556412259601,2.1412952997964876,-1.7773805764791353,4.0316407463870965,40.251117050644716,58.52325787492752,3028.828,24.0,0.1291754709943593,0.1487549819388528,0.0654336565831741,0.14992387047864122
B0034,162,1.4007568321672863,0.7459302957645664,187.78655862630347,85,247,3.378266732241365,1.961939116178396,4.183306721542989,2.221367605364593,-1.7969239114736186,4.031325299834524,41.28365494023095,59.50837827191452,3037.875,24.0,0.129339376928962,0.1488266666977823,0.06886351272607172,0.14924242360821371
B0034,163,1.374645303479972,0.7459302957645664,184.28602662812924,84,247,3.386601516930242,2.0966495970812926,4.186122527731293,2.08947293065,-1.7752050021088217,4.034378256939229,40.27720417425089,58.58184665309335,3023.187,24.0,0.129339376928962,0.1488266666977823,0.06886351272607172,0.14924242360821371
B0034,164,1.3345924114397838,0.7459302957645664,178.91650453369084,83,247,3.3873478555743035,2.126944667717326,4.187372242173173,2.060427574455847,-1.763847205060641,4.031792301917485,39.458737885900284,57.97580640887124,2996.922,24.0,0.129339376928962,0.1488266666977823,0.06886351272607172,0.14924242360821371
B0034,165,1.336396621564738,0.7459302957645664,179.15837835691514,82,247,3.3839254722198504,2.0654092965524384,4.194441292072135,2.1290319955196964,-1.7725760652080313,4.031054086064945,39.29135666075848,58.05700140061033,2986.469,24.0,0.129339376928962,0.1488266666977823,0.06886351272607172,0.14924242360821371
B0034,166,1.3069152971756248,0.7459302957645664,175.20608890621045,81,247,3.389334235413473,2.148229610932935,4.178978876708447,2.030749265775512,-1.7406273194455324,4.030876471673389,39.19247737595363,57.78193242469556,2979.219,24.0,0.129339376928962,0.1488266666977823,0.06886351272607172,0.14924242360821371
B0034,167,1.341539456674081,0.7459302957645664,179.84783086186692,80,247,3.3898762516669514,2.1586251956084066,4.180760079138194,2.0221348835297874,-1.7523330419103598,4.03123362422716,39.892115077092285,58.20713739139197,2995.047,24.0,0.1288554727133594,0.1506303179552148,0.052971179134505435,0.15145189219153382
B0034,168,1.346388970161922,0.7459302957645664,180.49796044037805,79,247,3.387534636174606,2.095346963555327,4.1815749331430805,2.0862279695877537,-1.7613727505178338,4.0317407805438,40.35117578100876,58.6134064492062,2989.828,24.0,0.1288554727133594,0.1506303179552148,0.052971179134505435,0.15145189219153382
B0034,169,1.344989807277774,0.7459302957645664,180.3103875676723,78,247,3.3867620663269333,2.062626550286472,4.182056202732491,2.1194296524460188,-1.7612926148605925,4.031049977481575,40.23284401135697,58.64476637032693,2989.391,24.0,0.1288554727133594,0.1506303179552148,0.052971179134505435,0.15145189219153382
B0034,170,1.3158760805047784,0.7459302957645664,176.407378541453,77,247,3.3856540718379167,2.076505393409293,4.185552990507065,2.109047597097772,-1.7587841210720874,4.031503094164638,39.47675997912519,58.05107392892897,2967.2810000000027,24.0,0.1288554727133594,0.1506303179552148,0.052971179134505435,0.15145189219153382
B0034,171,1.2972766889740088,0.7459302957645664,173.9139295373868,76,247,3.380989577809656,1.9787021969242389,4.185152280694706,2.2064500837704673,-1.7582529402290834,4.030548710192742,39.32483875925542,58.291445432401005,2962.609,24.0,0.1288554727133594,0.1506303179552148,0.052971179134505435,0.15145189219153382
B0034,172,1.2851255211005648,0.7459302957645664,172.28493444998531,75,247,3.381603206447632,2.0077745341235347,4.178887193827684,2.1711126597041495,-1.7466107935226565,4.030657074815704,39.06556270503843,58.02893221948005,2957.016,24.0,0.1285235940686088,0.1513695168864817,0.055678654081548,0.15427209805907
B0034,173,1.3190209156530253,0.7459302957645664,176.82897760588347,74,247,3.3826507314858842,1.984631695912844,4.18021178705338,2.1955800911405357,-1.758399711843396,4.032180179891317,40.25366972386004,58.80693345869639,2973.281,24.0,0.1285235940686088,0.1513695168864817,0.055678654081548,0.15427209805907
B0034,174,1.3410097849290994,0.7459302957645664,179.77682265265634,73,247,3.3872757037197703,2.120505374633019,4.185160711724249,2.06465533709123,-1.76779626471083,4.030907491504972,40.60644361981523,58.770145898372334,2968.016,24.0,0.1285235940686088,0.1513695168864817,0.055678654081548,0.15427209805907
B0034,175,1.326126983882746,0.7459302957645664,177.78162268144473,72,247,3.386339157278954,2.082697161198142,4.179746730828125,2.097049569629983,-1.7560445058115577,4.031263715522782,40.11087407785343,58.49257429310864,2959.281,24.0,0.1285235940686088,0.1513695168864817,0.055678654081548,0.15427209805907
B0034,176,1.3091442679990724,0.7459302957645664,175.5049064815394,71,247,3.3808981042387045,1.9993127386412168,4.185599509953072,2.186286771311855,-1.7648997839310985,4.031557050834733,39.61213844688629,58.33204656703581,2942.797000000006,24.0,0.1285235940686088,0.1513695168864817,0.055678654081548,0.15427209805907
B0034,177,1.363001289617145,0.7459302957645664,182.72502100482336,70,247,3.3749959210790252,2.016671623451248,4.169799130983922,2.1531275075326737,-1.7884175858149567,4.031997801811629,40.95422192099372,59.3603280691461,2978.89,24.0,0.1277624590570417,0.1517947179106206,0.04157176058367422,0.15368255423223848
B0034,178,1.329285701687194,0.7459302957645664,178.20508286564467,69,247,3.385047602248052,2.1864172793825265,4.180217693900072,1.9938004145175459,-1.7651175661948963,4.031055760751357,39.368332915328914,57.712318998766975,2948.891,24.0,0.1287632732985492,0.1512289070426518,0.04749345110971231,0.15054763585759634
B0034,179,1.2969085930621855,0.7459302957645664,173.86458231098865,68,247,3.3857894711790375,2.166880233541012,4.179741845595007,2.0128616120539955,-1.7533361843271522,4.031015029033163,39.15337098937444,57.633102922228126,2938.547,24.0,0.1287632732985492,0.1512289070426518,0.04749345110971231,0.15054763585759634
B0034,180,1.2986285924941396,0.7459302957645664,174.09516678271748,67,247,3.380809465968222,2.073777619248528,4.181172769902619,2.107395150654091,-1.7623544327636462,4.031067192634773,39.243985033148604,57.87686984231968,2925.484,24.0,0.1287632732985492,0.1512289070426518,0.04749345110971231,0.15054763585759634
B0034,181,1.2840657611821942,0.7459302957645664,172.14286220484553,66,247,3.385818012946154,2.1762844479074928,4.179417995861986,2.003133547954493,-1.7501681024171156,4.03051089021253,39.03574242025546,57.47417762924851,2917.297,24.0,0.1287632732985492,0.1512289070426518,0.04749345110971231,0.15054763585759634
B0034,182,1.3021015914136362,0.7459302957645664,174.5607597394879,65,247,3.3852891991053005,2.178495224886361,4.192681708507562,2.0141864836212013,-1.7716218211716077,4.031529673129687,39.362600417809674,57.69186868894567,2918.938,24.0,0.1287632732985492,0.1512289070426518,0.04749345110971231,0.15054763585759634
B0034,183,1.3089076351731337,0.7459302957645664,175.47318329945625,64,247,3.375861800258899,2.003802772888259,4.1874346087886645,2.1836318359004054,-1.7808467524862919,4.031358409625566,39.45158799429391,58.2351265327566,2918.25,24.0,0.127934454039426,0.1530529539595037,0.04467438107848223,0.1531371755936622
B0034,184,1.2722519696513912,0.7459302957645664,170.5590960543242,63,247,3.3766457982542852,1.978757159009704,4.179967885403278,2.2012107263935743,-1.7593469071219419,4.030358918119561,39.280231448753895,58.159040648414255,2915.4839999999967,24.0,0.127934454039426,0.1530529539595037,0.04467438107848223,0.1531371755936622
B0034,185,1.276011534360331,0.7459302957645664,171.06310624539526,62,247,3.383954937211064,2.137223761530643,4.180528142405268,2.0433043808746247,-1.7475031987682161,4.031297723634209,39.093994194844335,57.66508009332591,2906.015,24.0,0.127934454039426,0.1530529539595037,0.04467438107848223,0.1531371755936622
B0034,186,1.2605053003103004,0.7459302957645664,168.9843283571561,61,247,3.3780729656424993,2.026812719380422,4.179166028461803,2.152353309081381,-1.7569231795305056,4.030974316014234,39.19231540051726,57.950977227160536,2894.14,24.0,0.127934454039426,0.1530529539595037,0.04467438107848223,0.1531371755936622
B0034,187,1.2660681251347117,0.7459302957645664,169.73008501243572,60,247,3.386411304876093,2.1955750105431733,4.18010360467577,1.9845285941325965,-1.744613516148423,4.031011123253645,39.05035096355298,57.50629199129354,2892.031,24.0,0.127934454039426,0.1530529539595037,0.04467438107848223,0.1531371755936622
B0034,188,1.265829016865281,0.7459302957645664,169.69802997045815,59,247,3.3853753800263027,2.198015566541252,4.177719373483749,1.9797038069424975,-1.7445998152904736,4.0313116805798215,38.99238106302636,57.45114086897508,2888.719,24.0,0.1273923195729759,0.1530415890232465,0.04253222260537618,0.1542585789366243
B0034,189,1.2655873898206993,0.7459302957645664,169.66563725951,58,247,3.3831949117830207,2.1741564738787478,4.180691683259775,2.0065352093810276,-1.7538809660262522,4.030793702940819,39.013996139611024,57.51486337636169,2875.641,24.0,0.1273923195729759,0.1530415890232465,0.04253222260537618,0.1542585789366243
B0034,190,1.2663598323027554,0.7459302957645664,169.76919150398058,57,247,3.370377688846256,1.959703796663527,4.184107730812699,2.2244039341491724,-1.7847975615409868,4.030759976825486,39.39352264576831,58.24937682662199,2860.7810000000027,24.0,0.1273923195729759,0.1530415890232465,0.04253222260537618,0.1542585789366243
B0034,191,1.2868479432728903,0.7459302957645664,172.51584371618694,56,247,3.37385872825505,2.0588486889378887,4.19339113872627,2.134542449788381,-1.7952150007705359,4.030879107970756,39.40321172109691,57.97580626211991,2852.844,24.0,0.1273923195729759,0.1530415890232465,0.04253222260537618,0.1542585789366243
B0034,192,1.270026164613209,0.7459302957645664,170.26070288664877,55,247,3.3788676910292508,2.147269943612274,4.184650326377129,2.037380382764855,-1.7732811378527673,4.030910228339476,39.209002406361016,57.6936935982226,2854.64,24.0,0.1273923195729759,0.1530415890232465,0.04253222260537618,0.1542585789366243
B0034,193,1.34598253292492,0.7459302957645664,180.44347314588018,54,247,3.3775187954558987,2.046243465893371,4.179142866728917,2.1328994008355457,-1.7981891817251408,4.031161376886709,41.7029996329405,59.714275603056464,2897.844,24.0,0.1290102771463865,0.1486956552677028,0.06471265204869915,0.15047174949411574
B0034,194,1.3286875315413778,0.7459302957645664,178.1248917071393,53,247,3.3764102425962137,2.0152140329169157,4.183823497630528,2.1686094647136125,-1.7979821246857843,4.031304782841973,41.54042703429465,59.59622829096066,2896.063,24.0,0.1290102771463865,0.1486956552677028,0.06471265204869915,0.15047174949411574
B0034,195,1.31203071983408,0.7459302957645664,175.8918664765144,52,247,3.374457339617825,2.022057967188541,4.183386852109095,2.161328884920554,-1.795586068723611,4.031456327316925,40.70765268927143,58.94389183765572,2866.234,24.0,0.1290102771463865,0.1486956552677028,0.06471265204869915,0.15047174949411574
B0034,196,1.295125492961198,0.7459302957645664,173.62553851412022,51,247,3.369493571122545,1.9943823501630709,4.193391153250369,2.199008803087298,-1.815444212082474,4.031480010018408,40.21142863220933,58.684673836382025,2836.609,24.0,0.1290102771463865,0.1486956552677028,0.06471265204869915,0.15047174949411574
B0034,197,1.2802601605963335,0.7459302957645664,171.63268040803837,50,247,3.3671763894263442,1.961659201159055,4.182734512107648,2.221075310948593,-1.8021484216322963,4.030531863908069,40.0046687891377,58.63989407541342,2829.516,24.0,0.1290102771463865,0.1486956552677028,0.06471265204869915,0.15047174949411574
B0038,1,0.8980573709676724,0.8980573709676724,100.0,96,97,2.883239659655731,2.1981645845929387,4.053116638334503,1.854952053741564,-3.952127452371893,4.035077323306341,38.8265055747093,51.693778100061,982.938,24.0,0.1354086646263523,0.165173115662009,0.021097382280327842,0.16547550442226222
B0038,2,1.1026236331914077,0.8980573709676724,122.77875209724203,95,97,3.171331675099785,2.173538006790758,4.1851064801192095,2.0115684733284516,-2.99722690705762,4.032209213478597,40.496516738152486,51.136880141242045,1489.953,24.0,0.1354086646263523,0.165173115662009,0.021097382280327842,0.16547550442226222
B0038,3,1.0885801879473431,0.8980573709676724,121.21499395683142,94,97,3.1803732612872655,2.191128315273502,4.18694152805074,1.995813212777238,-2.957884019744667,4.0325975109048535,40.3082686076966,51.3517572303697,1479.703,24.0,0.1354086646263523,0.165173115662009,0.021097382280327842,0.16547550442226222
B0038,4,1.0613249847591086,0.8980573709676724,118.1800872716531,93,97,3.2014600077361552,2.174928379064222,4.187310082648276,2.0123817035840537,-2.890891500138237,4.032449948762388,39.93347404849829,49.541551118224994,1468.172,24.0,0.1354086646263523,0.165173115662009,0.021097382280327842,0.16547550442226222
B0038,5,1.0347062057983545,0.8980573709676724,115.21604735379441,92,97,3.2011146598082543,2.162304775163232,4.185977695675653,2.0236729205124213,-2.875691989787786,4.032706809614358,39.949996492029705,49.94400434434952,1457.0,24.0,0.1354086646263523,0.165173115662009,0.021097382280327842,0.16547550442226222
B0038,6,1.0269978594353013,0.8980573709676724,114.35771172711308,91,97,3.1928056969575156,2.1523889970129018,4.187105297284753,2.0347163002718514,-2.899456239004,4.0346441626746445,40.03056196708513,50.47284162905345,1437.047,24.0,0.1354086646263523,0.165173115662009,0.021097382280327842,0.16547550442226222
B0038,7,1.078501971098942,0.8980573709676724,120.09276979006782,90,97,3.0561380160526412,2.1947161370182617,4.18045914385637,1.9857430068381086,-3.65723892716497,4.031721347243717,39.44913263410249,49.83589725328242,1170.531,24.0,0.1409589153170984,0.1633585736118174,0.033200169700953075,0.16812578484196733
B0038,8,1.0638897478802845,0.8980573709676724,118.46567739140372,89,97,3.181450544509047,2.1463956973341785,4.183492564102866,2.0370968667686875,-2.9674515029911404,4.032751905126723,40.058567746287395,50.058224679961086,1436.141,24.0,0.1390604486837707,0.1644415450645243,0.03406919257636945,0.1635344727455808
B0038,9,1.0366551223324425,0.8980573709676724,115.43306205653974,88,97,3.1927410490834576,2.1983669967426582,4.186120317256443,1.987753320513785,-2.9319888511060146,4.0320532789938826,39.916070861462195,49.70254627455938,1420.172,24.0,0.1390604486837707,0.1644415450645243,0.03406919257636945,0.1635344727455808
B0038,10,1.030941327482094,0.8980573709676724,114.7968226541292,87,97,3.167665290347624,2.1858064268526136,4.185843165124554,2.0000367382719406,-2.994495446145827,4.032203977721678,40.27645391572808,51.35429552288885,1397.0,24.0,0.1390604486837707,0.1644415450645243,0.03406919257636945,0.1635344727455808
B0038,11,1.0140084541034655,0.8980573709676724,112.91132247050697,86,97,3.1781927267469925,2.151862863027953,4.185966509890458,2.0341036468625053,-2.9580193436340854,4.031826212038417,40.1754669430076,50.44246795838984,1393.25,24.0,0.1390604486837707,0.1644415450645243,0.03406919257636945,0.1635344727455808
B0038,12,1.008516095994519,0.8980573709676724,112.29974037269194,85,97,3.1613474600189155,2.164578187429903,4.186351056855524,2.021772869425621,-3.001260117107958,4.031995207198451,40.41336717515726,51.33205933952721,1380.938,24.0,0.1390604486837707,0.1644415450645243,0.03406919257636945,0.1635344727455808
B0038,13,1.7419245088095905,0.8980573709676724,193.9658383887698,84,97,3.608926624109929,2.180206803089782,4.177730241404494,1.9975234383147122,-1.0022813853258807,1.012296953255635,44.29688064198706,49.52801806570102,6375.828,44.0,0.1417566616272736,0.1655805616844977,0.07695886411381024,0.16687905499183608
B0038,14,1.779741859708433,0.8980573709676724,198.17685564906952,83,97,3.6118191487524745,2.1921466685430167,4.186620638463225,1.9944739699202083,-0.985523491989515,1.013910723004294,47.195451017988766,49.28701938671706,6574.671,44.0,0.1442799845227066,0.1557451124738889,0.02153332315513881,0.15780186136741675
B0038,15,1.7815666306452766,0.8980573709676724,198.38004655822908,82,97,3.614149636005495,2.16658130125341,4.188933311711306,2.022352010457896,-0.9870171236405828,1.0102287651459148,47.146072926598166,49.17905905171433,6571.156000000003,44.0,0.1442799845227066,0.1557451124738889,0.02153332315513881,0.15780186136741675
B0038,16,1.7834859577156017,0.8980573709676724,198.59376643096473,81,97,3.6144683724527336,2.1366453580856253,4.189402399305119,2.0527570412194938,-0.9884125593394552,1.010971995271496,47.127641701986995,49.1809104842522,6569.11,44.0,0.1442799845227066,0.1557451124738889,0.02153332315513881,0.15780186136741675
B0038,17,1.7864411650415677,0.8980573709676724,198.922833083219,80,97,3.6165883435722845,2.1909799678189845,4.189825570933335,1.9988456031143507,-0.9883512949484963,1.0107718854484014,47.09918641441624,49.05688408240341,6558.75,44.0,0.1442799845227066,0.1557451124738889,0.02153332315513881,0.15780186136741675
B0038,18,1.7859997608067948,0.8980573709676724,198.87368207694226,79,97,3.6160610851845387,2.166402675362294,4.191065310739852,2.024662635377558,-0.9884509077751611,1.010981301037933,47.133209565495285,49.13032050804125,6567.516,44.0,0.1442799845227066,0.1557451124738889,0.02153332315513881,0.15780186136741675
B0038,19,1.7769523773001608,0.8980573709676724,197.86624270846568,78,97,3.6257089708628913,2.145739105715045,4.18123625379194,2.0354971480768946,-1.003966417823918,1.011456158958353,47.15436113022586,49.23198595690627,6430.172,44.0,0.1464874217828299,0.1580545419252342,0.00763237550824665,0.1576803194961019
B0038,20,1.781428917321899,0.8980573709676724,198.36471197852075,77,97,3.613285312724596,2.139096537674337,4.185716420658905,2.0466198829845683,-0.9879674131883375,1.0106507915352578,47.16342394557887,49.16417337699806,6554.327999999994,44.0,0.1455291574783139,0.1573004337390157,0.00048715900843783466,0.15926572815614753
B0038,21,1.7859452772697195,0.8980573709676724,198.86761525550784,76,97,3.615119723068455,2.1550256706410824,4.189329902417763,2.03430423177668,-0.9878892583593684,1.0102198577009358,47.142139947358636,49.04035070342245,6560.922,44.0,0.1455291574783139,0.1573004337390157,0.00048715900843783466,0.15926572815614753
B0038,22,1.785208429691551,0.8980573709676724,198.78556620140625,75,97,3.6158365688729885,2.1776344857025127,4.189967846272303,2.0123333605697904,-0.9878187430421663,1.011735169153586,47.07812277465954,48.97912041843542,6559.047,44.0,0.1455291574783139,0.1573004337390157,0.00048715900843783466,0.15926572815614753
B0038,23,1.783596609584544,0.8980573709676724,198.6060876781945,74,97,3.615503145763947,2.1804158381574807,4.18974503175606,2.0093291935985795,-0.9877368963424067,1.010295900186465,47.07326100880017,48.978872169562095,6553.781,44.0,0.1455291574783139,0.1573004337390157,0.00048715900843783466,0.15926572815614753
B0038,24,1.7796783152744713,0.8980573709676724,198.16977988353207,73,97,3.6139392243174577,2.1075006723313274,4.188353739927258,2.080853067595931,-0.9892953816503839,1.0110939875613183,47.08146790123274,49.04045996790738,6540.187,44.0,0.1455291574783139,0.1573004337390157,0.00048715900843783466,0.15926572815614753
B0038,25,1.7841102592788645,0.8980573709676724,198.6632833219168,72,97,3.61791112455575,2.1931517470679918,4.1880636486598535,1.9949119015918617,-0.9906537351245918,1.0105864257560286,47.087615537529175,48.95885334502884,6535.922,44.0,0.1450098652315949,0.1581136878860872,0.026736019286016918,0.15652639547612393
B0038,26,1.7833032331592191,0.8980573709676724,198.57341978471587,71,97,3.615792342161085,2.1577326042974923,4.18971330698209,2.0319807026845975,-0.989093271752985,1.010810008103469,47.09422579980021,49.01777260309724,6544.078,44.0,0.1450098652315949,0.1581136878860872,0.026736019286016918,0.15652639547612393
B0038,27,1.7796186141356956,0.8980573709676724,198.16313207452723,70,97,3.6151540820598718,2.162189918911785,4.188131880621521,2.025941961709736,-0.9890153352338132,1.011662328995332,47.083185115341905,48.99249018111872,6531.187,44.0,0.1450098652315949,0.1581136878860872,0.026736019286016918,0.15652639547612393
B0038,28,1.7816592334352586,0.8980573709676724,198.39035801415338,69,97,3.616195897791123,2.199945094089768,4.188924695577913,1.9889796014881447,-0.9888803362572581,1.0098072976535653,47.06402084308688,48.94618497316047,6528.562,44.0,0.1450098652315949,0.1581136878860872,0.026736019286016918,0.15652639547612393
B0038,29,1.7775911304124037,0.8980573709676724,197.9373688005053,68,97,3.6135506508279374,2.1302151249881103,4.187542870745614,2.0573277457575037,-0.9888372175373165,1.0104773124547506,47.07142767555465,49.0209427982368,6525.187,44.0,0.1450098652315949,0.1581136878860872,0.026736019286016918,0.15652639547612393
B0038,30,1.777701881971679,0.8980573709676724,197.9497011483993,67,97,3.615401963428833,2.164304791761506,4.1857951584704445,2.0214903667089383,-0.990311695204241,1.0109802413886324,47.094941474493815,49.014180829264426,6515.938,44.0,0.1458467317489905,0.1571041662792431,0.002695189363440903,0.1578302451139621
B0038,31,1.7789547618270618,0.8980573709676724,198.0892111503085,66,97,3.6125287354843514,2.103101288221301,4.187443417451479,2.0843421292301776,-0.9886847879265132,1.0098115227107507,47.099513351069206,49.08755174393166,6532.015,44.0,0.1458467317489905,0.1571041662792431,0.002695189363440903,0.1578302451139621
B0038,32,1.7807753731135043,0.8980573709676724,198.29193887632013,65,97,3.6160020417093457,2.1449886066523933,4.1900372622396045,2.045048655587211,-0.9902725483840611,1.0118882343579725,47.07452189489319,49.000307836809725,6527.922,44.0,0.1458467317489905,0.1571041662792431,0.002695189363440903,0.1578302451139621
B0038,33,1.778415319026661,0.8980573709676724,198.0291434065496,64,97,3.6145930156040587,2.1205293855533207,4.188861157517333,2.068331771964012,-0.9902807469221099,1.0109780766463656,47.12153419194554,49.05042538685695,6519.328,44.0,0.1458467317489905,0.1571041662792431,0.002695189363440903,0.1578302451139621
B0038,34,1.7789773899108463,0.8980573709676724,198.0917308204895,63,97,3.6166641442341034,2.1339834463152427,4.190060028748116,2.056076582432873,-0.9919115001416685,1.0107722282787006,47.15829653400459,49.08198729235301,6510.063,44.0,0.1458467317489905,0.1571041662792431,0.002695189363440903,0.1578302451139621
B0038,35,1.7792479347236043,0.8980573709676724,198.12185638055993,62,97,3.616763225911199,2.1093887147366805,4.187583021759709,2.078194307023028,-0.9933993302020114,1.0108021856673532,47.161612217353984,49.13279687311376,6501.718,44.0,0.1456213343445297,0.1578165945934228,0.005205682035092196,0.15723398342553802
B0038,36,1.777920457368508,0.8980573709676724,197.97403983809718,61,97,3.6149940792944446,2.098244904990502,4.1891099360693005,2.0908650310787986,-0.9915864068538185,1.010302645629404,47.155567707969865,49.13552693190528,6509.047,44.0,0.1456213343445297,0.1578165945934228,0.005205682035092196,0.15723398342553802
B0038,37,1.779227040224144,0.8980573709676724,198.1195297475256,60,97,3.6159145027179576,2.1367946107881166,4.18915400521565,2.052359394427534,-0.9915566919647096,1.0140415606547912,47.13225621283967,49.04172173314357,6502.438,44.0,0.1456213343445297,0.1578165945934228,0.005205682035092196,0.15723398342553802
B0038,38,1.7760634320079352,0.8980573709676724,197.76725735174315,59,97,3.6146610547862235,2.103206542363035,4.188887533318818,2.0856809909557827,-0.9916693008676862,1.0115553715036771,47.13346886842004,49.09468753497383,6502.047,44.0,0.1456213343445297,0.1578165945934228,0.005205682035092196,0.15723398342553802
B0038,39,1.775103937963957,0.8980573709676724,197.66041628846628,58,97,3.615082794707677,2.1895312972615004,4.187944942179681,1.9984136449181804,-0.9899169847459927,1.012686564574278,47.176385542899524,49.057064718364046,6498.86,44.0,0.1456213343445297,0.1578165945934228,0.005205682035092196,0.15723398342553802
B0038,40,1.733064100138742,0.8980573709676724,192.97921894136175,57,97,3.4389023365216986,2.1594623220347016,4.182064571336064,2.0226022493013627,-1.998396970742944,2.0155210780038173,50.154407994251926,54.42193934195762,3162.047,44.0,0.1452836701674513,0.1571691009282757,0.020253439002315965,0.16007107098239648
B0038,41,1.7394892806215223,0.8980573709676724,193.69467217302525,56,97,3.437169559941295,2.023065783993831,4.186725946685351,2.1636601626915195,-1.9984033983725646,2.0179602336684037,50.1979427615177,54.61602412701822,3173.141,44.0,0.1461825969283644,0.158944262526129,0.012692326569412713,0.16148941343181994
B0038,42,1.7378064360392924,0.8980573709676724,193.50728497075593,55,97,3.4370308930893247,2.0028176202456365,4.189706586585002,2.1868889663393656,-1.99868797664225,2.016707594147861,50.18895736512512,54.621843575697525,3169.844,44.0,0.1461825969283644,0.158944262526129,0.012692326569412713,0.16148941343181994
B0038,43,1.730028145799833,0.8980573709676724,192.6411609912736,54,97,3.437230626486004,2.061244397117138,4.188139594837195,2.126895197720057,-1.9982781324264294,2.017081976460273,50.178407502665095,54.57283441287881,3156.563,44.0,0.1461825969283644,0.158944262526129,0.012692326569412713,0.16148941343181994
B0038,44,1.7290404566542985,0.8980573709676724,192.53118036225544,53,97,3.4363115548278413,2.030738155835073,4.189030830558383,2.1582926747233095,-1.9983559715990522,2.015865822308184,50.182509844874,54.65884815489962,3155.047,44.0,0.1461825969283644,0.158944262526129,0.012692326569412713,0.16148941343181994
B0038,45,1.7286072907068817,0.8980573709676724,192.482946701309,52,97,3.4394075704239655,2.1901431826977382,4.189306425000166,1.9991632423024277,-1.998333813768599,2.016758163836068,50.173666427799,54.51993729622157,3142.312,44.0,0.1461825969283644,0.158944262526129,0.012692326569412713,0.16148941343181994
B0038,46,1.52573884649634,0.8980573709676724,169.893249119745,51,97,3.0455602167949416,2.11587711023423,4.17467236177005,2.0587952515358197,-3.967012008013358,4.032121081634592,58.41948951650429,69.28796559754325,1485.047,44.0,0.1467937683516624,0.15906437833902,0.012062316055021519,0.16192636243121145
B0038,47,1.5301475534434217,0.8980573709676724,170.38416507785703,50,97,3.0241360171924403,2.052769819032336,4.186501078488458,2.1337312594561224,-3.9673854309358183,4.032714355951809,58.954810986890266,69.86974573152932,1489.313,44.0,0.1564431165662892,0.1688866280738168,0.05044377439772882,0.1698801852782164
B0033,1,0.6895699007862814,0.6895699007862814,100.0,138,139,3.7179953044661613,1.9816234331870684,4.191105953862248,2.20948252067518,-0.8109495942196224,4.027610772655682,32.82332257180906,47.876225604831575,3260.531,24.0,0.1029842008945974,0.1311935104510101,0.07062795785738413,0.1326713933312259
B0033,2,1.1610848192311252,0.6895699007862814,168.378117708908,137,139,3.5247388250090337,1.287217552704193,4.19762922160552,2.910411668901327,-1.3467063374074053,4.028150816942063,35.79329539654299,53.521374145800095,3265.75,24.0,0.1029842008945974,0.1311935104510101,0.07062795785738413,0.1326713933312259
B0033,3,1.2529393053824995,0.6895699007862814,181.69866520476558,136,139,3.489168398195939,1.92499373482904,4.199816411135521,2.2748226763064814,-1.4664895935962652,4.027874138842302,36.38266836733648,53.59969491765948,3264.109,24.0,0.1029842008945974,0.1311935104510101,0.07062795785738413,0.1326713933312259
B0033,4,1.302918002447558,0.6895699007862814,188.94647242605961,135,139,3.4703882503796533,1.948018740022197,4.2005663942344365,2.2525476542122393,-1.5284631729967968,4.033138447887385,36.45901475182769,53.81770081109488,3253.531,24.0,0.1029842008945974,0.1311935104510101,0.07062795785738413,0.1326713933312259
B0033,5,1.3218773211472523,0.6895699007862814,191.69591358903324,134,139,3.453967625388434,1.891347070952385,4.200743805234223,2.3093967342818384,-1.5665630077013475,4.028549406404835,36.279780573622936,53.57104302015468,3242.578,24.0,0.1029842008945974,0.1311935104510101,0.07062795785738413,0.1326713933312259
B0033,6,1.2884694418301417,0.6895699007862814,186.85117206551004,133,139,3.4578247593455274,1.1932458808760276,4.197576934147749,3.004331053271722,-1.5273103379999617,4.029060240993913,36.16552578493363,54.60856796915766,3234.625,24.0,0.1127111810781862,0.1389628488152857,0.02429282740058049,0.14148356672363754
B0033,7,1.713169326386719,0.6895699007862814,248.440270440064,132,139,3.209334990541558,1.91705151743623,4.20050246544483,2.2834509480086007,-2.081391887401403,4.028435536553458,39.93652051985124,54.19146373008866,3235.36,24.0,0.1127111810781862,0.1389628488152857,0.02429282740058049,0.14148356672363754
B0033,8,1.6560966776720512,0.6895699007862814,240.1637130309325,131,139,3.2871463464425337,1.9084502918482384,4.199260915072752,2.2908106232245133,-2.0319336640836947,4.027703797647405,38.25328053802186,52.93433121063188,3236.125,24.0,0.1127111810781862,0.1389628488152857,0.02429282740058049,0.14148356672363754
B0033,9,1.6197297341990775,0.6895699007862814,234.88985414708245,130,139,3.3197461384202485,1.9529802665635712,4.200453230054564,2.247472963490993,-2.007342900413476,4.029010576937479,37.62899446299115,52.5032036116964,3230.25,24.0,0.1127111810781862,0.1389628488152857,0.02429282740058049,0.14148356672363754
B0033,10,1.604655812282729,0.6895699007862814,232.70386518509895,129,139,3.3333097880411087,1.9889951350881316,4.200671023041403,2.2116758879532714,-1.9948389441406584,4.029371158559712,37.32713409422701,52.17652816361563,3226.078,24.0,0.1127111810781862,0.1389628488152857,0.02429282740058049,0.14148356672363754
B0033,11,1.6255699769029337,0.6895699007862814,235.73679405806126,128,139,3.335992217657965,1.9634548720089504,4.19613941105053,2.2326845390415797,-1.994851949410258,4.028926555600406,37.40237649452651,52.04937847239831,3224.5,24.0,0.0886034476771538,0.1131994824699228,0.15327838537639082,0.11316016867727868
B0033,12,1.5900967306245992,0.6895699007862814,230.59253729193992,127,139,3.3499333575510475,1.9596564991730565,4.200736119460894,2.241079620287837,-1.982103275692543,4.030095334789055,36.99574275414158,51.73549267436528,3222.188,24.0,0.0886034476771538,0.1131994824699228,0.15327838537639082,0.11316016867727868
B0033,13,1.5739402299623984,0.6895699007862814,228.24955500054665,126,139,3.352100511151755,1.9224375381620544,4.199983318886737,2.2775457807246826,-1.9816298756157713,4.029301699475618,36.85780455256667,51.66117418178819,3216.546000000002,24.0,0.0886034476771538,0.1131994824699228,0.15327838537639082,0.11316016867727868
B0033,14,1.5711303351557309,0.6895699007862814,227.84206987054554,125,139,3.364435103530164,1.9701535031712945,4.198997952942716,2.2288444497714215,-1.9691328896327156,4.028374929061863,36.6450177655176,51.20270858784091,3211.859,24.0,0.0886034476771538,0.1131994824699228,0.15327838537639082,0.11316016867727868
B0033,15,1.5897706153457416,0.6895699007862814,230.54524472907056,124,139,3.3619403221625435,1.9056198246248632,4.200390681379551,2.2947708567546874,-1.9747683237565223,4.028389076445655,37.06472736671567,51.54633126076106,3215.859,24.0,0.0886034476771538,0.1131994824699228,0.15327838537639082,0.11316016867727868
B0033,16,1.6257378771074,0.6895699007862814,235.76114259825638,123,139,3.3654741602580085,1.9194841380159544,4.19244756297013,2.2729634249541752,-1.9682317715937605,4.028586118410664,37.66051476409482,51.68734548388082,3225.125,24.0,0.0781380080118915,0.0992161368025628,0.18555984315717644,0.09915781380965338
B0033,17,1.6523506333962537,0.6895699007862814,239.6204694422077,122,139,3.3663272801721305,1.8976584375642789,4.2017771251555125,2.3041186875912336,-1.9814766540711188,4.028842731009181,38.32310986221148,51.806645557310055,3234.343,24.0,0.0781380080118915,0.0992161368025628,0.18555984315717644,0.09915781380965338
B0033,18,1.6143816761595386,0.6895699007862814,234.1142898375845,121,139,3.377217174172977,1.9491950772703672,4.201164004146235,2.2519689268758674,-1.9615148467447636,4.030100031226656,37.01126182016035,51.0135246257672,3218.25,24.0,0.0781380080118915,0.0992161368025628,0.18555984315717644,0.09915781380965338
B0033,19,1.58697453394504,0.6895699007862814,230.13976279061686,120,139,3.380792043459977,1.984512151427813,4.201517882926393,2.2170057314985803,-1.9543536128625176,4.029009682675262,36.45751890099188,50.612625791907234,3203.5,24.0,0.0781380080118915,0.0992161368025628,0.18555984315717644,0.09915781380965338
B0033,20,1.5818355572787333,0.6895699007862814,229.39451902918714,119,139,3.379892729676732,1.9563552671465751,4.20178668140198,2.245431414255405,-1.9543735971035472,4.029820948579601,36.24583239287416,50.4762319652216,3194.39,24.0,0.0781380080118915,0.0992161368025628,0.18555984315717644,0.09915781380965338
B0033,21,1.6919769406371152,0.6895699007862814,245.36699451467356,118,139,3.3335163148815434,1.9541530671990093,4.1779630595627175,2.2238099923637082,-2.008024980015611,4.029429516237868,38.88044910257506,52.80944186421341,3225.219,24.0,0.0767471487132981,0.0986940175975413,0.1868416809006746,0.10101568465071366
B0033,22,1.6879483800354476,0.6895699007862814,244.78278099301693,117,139,3.35231211831231,1.9044972660711088,4.196973763278454,2.292476497207345,-1.9876053283446151,4.029363256265371,37.68662439550755,52.001298745862094,3252.985,24.0,0.0779538361922111,0.0981600123359747,0.18955192871663704,0.09919490661514768
B0033,23,1.6586223007531458,0.6895699007862814,240.5299736635696,116,139,3.359089419531549,1.874834635726596,4.200398891523595,2.3255642557969995,-1.9736296482799287,4.030201623675916,37.02885798715912,51.65598739515965,3245.25,24.0,0.0779538361922111,0.0981600123359747,0.18955192871663704,0.09919490661514768
B0033,24,1.6420179032789863,0.6895699007862814,238.1220383033942,115,139,3.3667293867076395,1.897981208291145,4.200117032191553,2.302135823900408,-1.9603089116784294,4.030021583929906,36.84829116229335,51.50939532095622,3235.031,24.0,0.0779538361922111,0.0981600123359747,0.18955192871663704,0.09919490661514768
B0033,25,1.6381810791118745,0.6895699007862814,237.56563000269298,114,139,3.376711639438572,1.991339490634848,4.199696801054791,2.2083573104199425,-1.9466374008279725,4.029862208715491,36.78338270641005,51.25839715822789,3228.141,24.0,0.0779538361922111,0.0981600123359747,0.18955192871663704,0.09919490661514768
B0033,26,1.6422892507912386,0.6895699007862814,238.16138855808813,113,139,3.367781888938211,1.8710207024150525,4.199468615978848,2.3284479135637954,-1.959191352221616,4.029053434590447,37.1454352740502,51.77188968997154,3217.875,24.0,0.0779538361922111,0.0981600123359747,0.18955192871663704,0.09919490661514768
B0033,27,1.651270876264092,0.6895699007862814,239.46388529737624,112,139,3.3728392448665945,1.9449657495126544,4.1967559287812986,2.251790179268644,-1.9525734623288529,4.03323407643102,37.43950673452506,51.73759469619592,3220.219,24.0,0.0778722131432379,0.0972564952705378,0.19250003896232398,0.09984375713968763
B0033,28,1.6326559297917211,0.6895699007862814,236.76438428215712,111,139,3.374002354868022,1.907571146047148,4.199575185389948,2.2920040393428,-1.9519388696631121,4.029609473738784,37.21232307005263,51.61243426951156,3210.234,24.0,0.0778722131432379,0.0972564952705378,0.19250003896232398,0.09984375713968763
B0033,29,1.6260888111680731,0.6895699007862814,235.8120343295041,110,139,3.372312698394194,1.853794752061886,4.199545032445997,2.3457502803841104,-1.944321269342409,4.029153463598805,36.823942592131566,51.546238399221565,3210.546,24.0,0.0778722131432379,0.0972564952705378,0.19250003896232398,0.09984375713968763
B0033,30,1.6079292963823688,0.6895699007862814,233.17857907500442,109,139,3.3827767161652114,1.973807027309784,4.199505571389485,2.2256985440797012,-1.9306892906025632,4.029585877984303,36.46405070511895,51.03143629880169,3200.969,24.0,0.0778722131432379,0.0972564952705378,0.19250003896232398,0.09984375713968763
B0033,31,1.6125361114907395,0.6895699007862814,233.84664986856976,108,139,3.375532247108578,1.8729343749213587,4.199241343123339,2.3263069682019806,-1.9434335891264498,4.029845065383976,36.76266900330653,51.41437811978397,3188.625,24.0,0.0778722131432379,0.0972564952705378,0.19250003896232398,0.09984375713968763
B0033,32,1.6218384168987892,0.6895699007862814,235.19565094843747,107,139,3.3809635204151607,1.973162822681108,4.196166399561636,2.223003576880528,-1.9370016811131343,4.03055037109141,37.105629207043215,51.44638168113912,3191.735,24.0,0.0761301560017276,0.0981603976137327,0.1868950377442401,0.09771178076853315
B0033,33,1.6145443029101134,0.6895699007862814,234.13787363240925,106,139,3.3849609857132434,1.9801558945564504,4.199389890561037,2.2192339960045873,-1.9294565493698395,4.028904787104472,36.92446822577901,51.30248392082844,3190.313,24.0,0.0761301560017276,0.0981603976137327,0.1868950377442401,0.09771178076853315
B0033,34,1.5953958917107596,0.6895699007862814,231.36101066644744,105,139,3.3815674619499325,1.8983018980313588,4.199342510279409,2.30104061224805,-1.9282533581562027,4.028816718572523,36.60695698382364,51.29496206472584,3182.156,24.0,0.0761301560017276,0.0981603976137327,0.1868950377442401,0.09771178076853315
B0033,35,1.5877243027113055,0.6895699007862814,230.2484927055117,104,139,3.385185787754866,1.943860439855496,4.199371542863236,2.2555111030077404,-1.9211152251549157,4.028814615699915,36.55039143131212,51.186634675664926,3180.156,24.0,0.0761301560017276,0.0981603976137327,0.1868950377442401,0.09771178076853315
B0033,36,1.5811840578305605,0.6895699007862814,229.30003992744128,103,139,3.386460424025938,1.9632916036547936,4.198739953896501,2.2354483502417075,-1.9205487390114635,4.0293423558858095,36.58233147774771,51.18261676158976,3171.953,24.0,0.0761301560017276,0.0981603976137327,0.1868950377442401,0.09771178076853315
B0033,37,1.6128422608267754,0.6895699007862814,233.8910470117291,102,139,3.38478424054856,1.966790843925578,4.196658469661701,2.229867625736123,-1.928157401644312,4.031050217020222,38.03675863150647,52.16803502599322,3192.172,24.0,0.0770653853843182,0.0974835281416819,0.18904885879452737,0.09991930144838485
B0033,38,1.61998606328022,0.6895699007862814,234.92702645997636,101,139,3.382889233805488,1.9197120509411163,4.199179844744276,2.27946779380316,-1.9349668442210473,4.030106767683525,38.760697217070216,52.74767841756611,3194.735,24.0,0.0770653853843182,0.0974835281416819,0.18904885879452737,0.09991930144838485
B0033,39,1.6099381853611876,0.6895699007862814,233.46990399747102,100,139,3.3844125991586744,1.90479520665137,4.199367783528825,2.2945725768774548,-1.9341884259387427,4.030953176534828,38.235160610115415,52.43795613968632,3178.75,24.0,0.0770653853843182,0.0974835281416819,0.18904885879452737,0.09991930144838485
B0033,40,1.577097753956516,0.6895699007862814,228.70745259591985,99,139,3.385796894558174,1.9002006601986487,4.199251268298133,2.299050608099485,-1.9188525560254726,4.031039705836091,37.20770413073148,51.81197793605918,3165.359,24.0,0.0770653853843182,0.0974835281416819,0.18904885879452737,0.09991930144838485
B0033,41,1.5708599066554392,0.6895699007862814,227.80285288906427,98,139,3.3829095031701564,1.851172103937757,4.199383120313636,2.3482110163758785,-1.9177244980858124,4.029997935260405,36.9160184906247,51.73653410504897,3155.25,24.0,0.0770653853843182,0.0974835281416819,0.18904885879452737,0.09991930144838485
B0033,42,1.6261581345348248,0.6895699007862814,235.82208746069102,97,139,3.3669463001908237,1.9532771236637267,4.1862894653699865,2.2330123417062597,-1.955575681668958,4.029710862662991,38.272310782775065,52.54160752520686,3173.766,24.0,0.0751833989430717,0.0980921571175937,0.1875368789998996,0.09887877029659542
B0033,43,1.6348129972245726,0.6895699007862814,237.07719773738364,96,139,3.3716190861386144,1.8536215036991408,4.19649142433425,2.34286992063511,-1.9478198159800646,4.03077580772834,39.1034201890991,53.32326193954195,3199.485,24.0,0.0781355937086987,0.0966684148402716,0.19154136662050117,0.09936582910767873
B0033,44,1.611705363734261,0.6895699007862814,233.72617654809403,95,139,3.383250579221141,1.8889976705304932,4.1993042516227,2.310306581092207,-1.9259112286553688,4.031306085570448,38.33805950325132,52.66626648084271,3196.015,24.0,0.0781355937086987,0.0966684148402716,0.19154136662050117,0.09936582910767873
B0033,45,1.8851401699720665,0.6895699007862814,273.3791262963388,94,139,3.3541040884435995,1.9693514891283213,4.297261420299437,2.3279099311711153,-2.0032895520905885,4.032672225135528,40.78203629126505,55.391416850220025,3595.281,24.0,0.0781355937086987,0.0966684148402716,0.19154136662050117,0.09936582910767873
B0033,46,1.6584957887780232,0.6895699007862814,240.51162715874415,93,139,3.363721350351351,1.9935504677327176,4.196439332501794,2.2028888647690765,-1.979333360750941,4.031780602841451,38.52395699562303,52.73529025292928,3198.0,24.0,0.077553713664608,0.0978181740364916,0.18933197485948772,0.09888806492967522
B0033,47,1.62418934644937,0.6895699007862814,235.5365778867943,92,139,3.366918878823245,1.9102322543360104,4.198801406927717,2.2885691525917062,-1.9635759174250933,4.030791007814564,37.84185542205372,52.530629852108135,3183.516,24.0,0.077553713664608,0.0978181740364916,0.18933197485948772,0.09888806492967522
B0033,48,1.604172098856364,0.6895699007862814,232.63371806501533,91,139,3.3760336978502696,1.9518631378335147,4.199283799066005,2.24742066123249,-1.9412525646606564,4.0310640182247095,37.464100471383695,52.2186933985822,3183.797,24.0,0.077553713664608,0.0978181740364916,0.18933197485948772,0.09888806492967522
B0033,49,1.6080016740907346,0.6895699007862814,233.18907514049152,90,139,3.3722882262741316,1.8963514295309496,4.198824744163288,2.302473314632339,-1.9409306611824064,4.03130596458528,38.110532137074216,52.72731536294026,3191.516,24.0,0.077553713664608,0.0978181740364916,0.18933197485948772,0.09888806492967522
B0033,50,1.6256752138435595,0.6895699007862814,235.75205530141105,89,139,3.371464716917886,1.8979233738345112,4.1991786619721845,2.301255288137673,-1.9482858308608435,4.03322808557455,39.04860411133125,53.20573413452146,3189.985,24.0,0.077553713664608,0.0978181740364916,0.18933197485948772,0.09888806492967522
B0033,51,1.617632765910718,0.6895699007862814,234.58575614541957,88,139,3.3745591325939,1.9266531976002357,4.196322805258936,2.2696696076587006,-1.9406336588697692,4.031813043363584,38.882226863166906,53.164414772235126,3189.734,24.0,0.0787984673128961,0.098514061231978,0.1884070237668494,0.09857919296533672
B0033,52,1.5973191489094265,0.6895699007862814,231.63991744536486,87,139,3.3793714907223658,1.939997570224548,4.199012202779581,2.2590146325550333,-1.9251256018615566,4.030821588081266,38.10273900805949,52.600411784093296,3176.016,24.0,0.0787984673128961,0.098514061231978,0.1884070237668494,0.09857919296533672
B0033,53,1.5875852250170606,0.6895699007862814,230.22832394610293,86,139,3.3812950636091506,1.9585672641473333,4.198460705965928,2.239893441818595,-1.9170834321948271,4.032137075383287,37.915376799712824,52.46865748904612,3171.36,24.0,0.0787984673128961,0.098514061231978,0.1884070237668494,0.09857919296533672
B0033,54,1.5802530015403684,0.6895699007862814,229.1650200709872,85,139,3.382171233915879,1.9572832344435456,4.198803103697235,2.241519869253689,-1.9091378265076395,4.03124499599466,37.92480929373238,52.40979732740365,3170.843,24.0,0.0787984673128961,0.098514061231978,0.1884070237668494,0.09857919296533672
B0033,55,1.583036530487776,0.6895699007862814,229.56868167864056,84,139,3.3795623822599756,1.916168037790613,4.198672374221831,2.2825043364312174,-1.9160969808869277,4.031640962287776,38.34698157796738,52.83404254463567,3164.672,24.0,0.0787984673128961,0.098514061231978,0.1884070237668494,0.09857919296533672
B0033,56,1.6027138832797037,0.6895699007862814,232.42225065975336,83,139,3.37961009118628,1.9463675093023411,4.195265814954276,2.2488983056519345,-1.9162480832673106,4.031167247658788,39.30988108210959,53.60145197534956,3177.453,24.0,0.0801135907027095,0.1009818646643406,0.1842208024346464,0.10219701075531655
B0033,57,1.5930709154513834,0.6895699007862814,231.02384742067278,82,139,3.3842875440340876,1.978054954648292,4.198697754700443,2.2206428000521505,-1.9085281127715084,4.032439717618345,38.964980792259276,53.25152711755672,3172.375,24.0,0.0801135907027095,0.1009818646643406,0.1842208024346464,0.10219701075531655
B0033,58,1.5448888685020246,0.6895699007862814,224.0365866811278,81,139,3.3822784871834886,1.905966283713238,4.198102779366344,2.2921364956531063,-1.8916136445674485,4.032672607638048,37.72135386687406,52.64070518740206,3158.406,24.0,0.0801135907027095,0.1009818646643406,0.1842208024346464,0.10219701075531655
B0033,59,1.5352188565640517,0.6895699007862814,222.6342615612311,80,139,3.3814602813053565,1.90750106961619,4.19847889707735,2.29097782746116,-1.8905533567609434,4.0312142392988,37.45856152891539,52.51312011499367,3141.578,24.0,0.0801135907027095,0.1009818646643406,0.1842208024346464,0.10219701075531655
B0033,60,1.5252677314227332,0.6895699007862814,221.19116998632742,79,139,3.382560441964418,1.9292976600569,4.198444396938235,2.2691467368813347,-1.8823068188002856,4.031802508115526,37.2659552140469,52.3982280962388,3138.187,24.0,0.0801135907027095,0.1009818646643406,0.1842208024346464,0.10219701075531655
B0033,61,1.5559492005453626,0.6895699007862814,225.64053314554377,78,139,3.3801788533503028,1.8981581536679577,4.195342051626477,2.2971838979585195,-1.890547939656295,4.031765665107094,38.74887799470947,53.455944890050766,3157.969,24.0,0.0802157241761475,0.1024877144933221,0.17743843688861222,0.1036936241360803
B0033,62,1.564802943842715,0.6895699007862814,226.92448467638303,77,139,3.3800922874688264,1.888436111770808,4.198552819065784,2.310116707294976,-1.898085696931241,4.032044401412751,39.69321386954275,54.15574298880717,3159.281,24.0,0.0802157241761475,0.1024877144933221,0.17743843688861222,0.1036936241360803
B0033,63,1.5518620461881203,0.6895699007862814,225.04782247870895,76,139,3.382133740383054,1.8935389971250935,4.19849232388628,2.304953326761187,-1.8896314109891985,4.031354508468829,38.99544744527789,53.69393683990001,3150.375,24.0,0.0802157241761475,0.1024877144933221,0.17743843688861222,0.1036936241360803
B0033,64,1.5144550545105004,0.6895699007862814,219.62313795652108,75,139,3.3814913105388644,1.904031637069275,4.198232140934075,2.2942005038648,-1.872743521398214,4.032766166622568,37.746988287643894,52.91956948214362,3134.078,24.0,0.0802157241761475,0.1024877144933221,0.17743843688861222,0.1036936241360803
B0033,65,1.5051936202146428,0.6895699007862814,218.28006392076384,74,139,3.3819655060503893,1.9196175823544368,4.197903885845773,2.278286303491336,-1.8642972903813007,4.032211222443815,37.50735630364932,52.77330169161603,3129.797,24.0,0.0802157241761475,0.1024877144933221,0.17743843688861222,0.1036936241360803
B0033,66,1.605823969917045,0.6895699007862814,232.8732689878148,73,139,3.329913840594753,1.852348915398631,4.181130210987576,2.3287812955889455,-1.959422143897036,4.031033663843277,38.883555668352116,53.75237854927132,3161.89,24.0,0.078896432714675,0.1057736114259262,0.17668379394125977,0.10625809623507687
B0033,67,1.6249005195877049,0.6895699007862814,235.63971074359736,72,139,3.3467196974403497,1.8154710749647816,4.195489950082467,2.3800188751176856,-1.9438219079215997,4.031389983040594,39.70651744278487,54.49882525049124,3196.859,24.0,0.0824408213552602,0.1031701848132249,0.17692989403243586,0.10550185883112673
B0033,68,1.589785130036615,0.6895699007862814,230.547349619504,71,139,3.366597142576843,1.9709912361310515,4.197775741628386,2.226784505497335,-1.9207619197190013,4.0314763579809485,38.69688917568081,53.48032268666943,3171.906,24.0,0.0824408213552602,0.1031701848132249,0.17692989403243586,0.10550185883112673
B0033,69,1.5552386152299904,0.6895699007862814,225.5374855336103,70,139,3.3665010841717966,1.8937050882323647,4.197620289512095,2.30391520127973,-1.9034234318764343,4.030814834933042,37.93115370815919,53.19212326974819,3160.842999999993,24.0,0.0824408213552602,0.1031701848132249,0.17692989403243586,0.10550185883112673
B0033,70,1.539756404636803,0.6895699007862814,223.2922873926338,69,139,3.3683893640779714,1.936708367530743,4.197694092086119,2.2609857245553764,-1.8953087437661214,4.031351131822119,37.670702628979534,52.91631108720558,3147.141,24.0,0.0824408213552602,0.1031701848132249,0.17692989403243586,0.10550185883112673
B0033,71,1.5293174002138357,0.6895699007862814,221.7784445739341,68,139,3.3686183095745217,1.898472277042985,4.1974767325796405,2.2990044555366556,-1.8860721599248624,4.031138153963117,37.48833504505954,52.95164787724483,3141.203,24.0,0.0824408213552602,0.1031701848132249,0.17692989403243586,0.10550185883112673
B0033,72,1.547680553576876,0.6895699007862814,224.44143107350462,67,139,3.3619229093944987,1.8471266740226868,4.196099622186929,2.348972948164242,-1.9022031487355253,4.031622991395031,39.01194436489727,54.15703950174405,3151.047,24.0,0.0839073124416653,0.1081903026332374,0.16442745403871373,0.10875519897810898
B0033,73,1.5659920939439786,0.6895699007862814,227.09693276321335,66,139,3.362373596039391,1.8671703949444944,4.196552042597536,2.329381647653041,-1.9025608542682582,4.031501330592,39.95408175672587,54.90254753232506,3159.172,24.0,0.0839073124416653,0.1081903026332374,0.16442745403871373,0.10875519897810898
B0033,74,1.5416252851780503,0.6895699007862814,223.5633085812205,65,139,3.368466070250841,1.937874589200696,4.197202431807518,2.2593278426068215,-1.8857964938998257,4.031293666591443,38.629206981182826,53.80008363828377,3141.047,24.0,0.0839073124416653,0.1081903026332374,0.16442745403871373,0.10875519897810898
B0033,75,1.517590655990168,0.6895699007862814,220.07785639421567,64,139,3.36347185491077,1.8429746742692776,4.197066813581793,2.354092139312515,-1.8764237604426466,4.031684082152135,37.93003488357471,53.54505652293522,3135.0310000000027,24.0,0.0839073124416653,0.1081903026332374,0.16442745403871373,0.10875519897810898
B0033,76,1.5075202042593092,0.6895699007862814,218.6174603242341,63,139,3.3632359535533887,1.8767034375876257,4.196924945892409,2.3202215083047832,-1.8755057458521922,4.03165132325304,37.62158369702063,53.29577183051126,3117.984,24.0,0.0839073124416653,0.1081903026332374,0.16442745403871373,0.10875519897810898
B0033,77,1.49549282626034,0.6895699007862814,216.87327485655996,62,139,3.3583847581016526,1.823408615215652,4.196262893825219,2.372854278609567,-1.8746252042601181,4.030947549189872,37.78621151878811,53.69065218748237,3125.328,24.0,0.0865552274379426,0.1119934521157012,0.1537792539115928,0.1112160145160991
B0033,78,1.4997618811573148,0.6895699007862814,217.4923643632375,61,139,3.3645795285682984,1.914352330463475,4.196791007353091,2.2824386768896154,-1.866968412651517,4.031045921440598,37.780545613375104,53.4617189956508,3120.172,24.0,0.0865552274379426,0.1119934521157012,0.1537792539115928,0.1112160145160991
B0033,79,1.4906966807803954,0.6895699007862814,216.17774776431364,60,139,3.3647328172276567,1.9242052922699,4.196494518150467,2.272289225880567,-1.8579558703430965,4.0311405953415935,37.48831223397221,53.31089209854774,3116.641,24.0,0.0865552274379426,0.1119934521157012,0.1537792539115928,0.1112160145160991
B0033,80,1.4800999425051866,0.6895699007862814,214.64103070878008,59,139,3.360281651978189,1.846946703906843,4.196813869211146,2.3498671653043033,-1.8652023718774091,4.030716749693109,37.84650784146758,53.6277468644108,3110.844,24.0,0.0865552274379426,0.1119934521157012,0.1537792539115928,0.1112160145160991
B0033,81,1.4676091496100632,0.6895699007862814,212.82964177186722,58,139,3.3661837656093314,1.912127707319289,4.196812382131576,2.2846846748122864,-1.856568813720333,4.031853159151112,37.50067380952265,53.311289666668536,3101.406,24.0,0.0865552274379426,0.1119934521157012,0.1537792539115928,0.1112160145160991
B0033,82,1.4729818491920503,0.6895699007862814,213.60877954685725,57,139,3.369029139242048,1.9981993087869525,4.194034862013672,2.1958355532267197,-1.8482708540348454,4.031474413273752,37.467710565988114,53.24781973161767,3099.563,24.0,0.0864069259894296,0.1128450101488721,0.1484451188199341,0.11255411464783897
B0033,83,1.4742872137206404,0.6895699007862814,213.79808080944161,56,139,3.3652385724141607,1.9676969517091,4.196764423571106,2.229067471862006,-1.847975231148244,4.031012283747264,37.598185411610906,53.32567282742489,3104.64,24.0,0.0864069259894296,0.1128450101488721,0.1484451188199341,0.11255411464783897
B0033,84,1.4635162808346138,0.6895699007862814,212.23610241192966,55,139,3.3618926452165643,1.8011165493797343,4.196547768827336,2.3954312194476017,-1.8544013778989676,4.031507871009939,37.701434924362204,53.67135316275077,3099.875,24.0,0.0864069259894296,0.1128450101488721,0.1484451188199341,0.11255411464783897
B0033,85,1.4527095680488362,0.6895699007862814,210.6689352873995,54,139,3.363675541904795,1.935722285136851,4.196047705028354,2.260325419891503,-1.8463602302715179,4.03073010593017,37.53461374251148,53.425915759836265,3093.25,24.0,0.0864069259894296,0.1128450101488721,0.1484451188199341,0.11255411464783897
B0033,86,1.4557303847230247,0.6895699007862814,211.1070078701419,53,139,3.3590605059993033,1.8530896744385117,4.196278080515848,2.343188406077336,-1.8534144162144512,4.030697157978195,37.84394106488913,53.80241246385534,3086.688,24.0,0.0864069259894296,0.1128450101488721,0.1484451188199341,0.11255411464783897
B0033,87,1.459740099618568,0.6895699007862814,211.6884884264961,52,139,3.3651551542737717,1.9965159983729224,4.195876729666962,2.199360731294039,-1.8376882337108682,4.030516737306949,37.62240216799661,53.538703332548565,3094.281,24.0,0.0887050669767017,0.1160156344404579,0.14144244868775185,0.1182130298534877
B0033,88,1.448711504158192,0.6895699007862814,210.0891443356649,51,139,3.358584830353844,1.817348554391127,4.195934498287595,2.378585943896468,-1.8440924557115652,4.030351819973078,37.85402355267617,53.85443523479271,3088.328,24.0,0.0887050669767017,0.1160156344404579,0.14144244868775185,0.1182130298534877
B0033,89,1.4666759762884336,0.6895699007862814,212.69431490789518,50,139,3.35905242705326,1.840119681149193,4.196120687135332,2.356001005986139,-1.8441168780731472,4.030995659242972,38.470904652851125,54.31271092311757,3095.687,24.0,0.0887050669767017,0.1160156344404579,0.14144244868775185,0.1182130298534877
B0033,90,1.4689502109504418,0.6895699007862814,213.02411971222534,49,139,3.362682403709533,1.8717606752777656,4.195965348408379,2.3242046731306134,-1.8444990382739714,4.031351805704019,39.05355467673962,54.71724968436856,3102.062,24.0,0.0887050669767017,0.1160156344404579,0.14144244868775185,0.1182130298534877
B0033,91,1.471116588522042,0.6895699007862814,213.3382833045066,48,139,3.3650098815184712,1.9004154638642283,4.196021550334557,2.295606086470328,-1.8447179134276697,4.033249507760725,39.44221992740732,55.03279239327084,3107.141,24.0,0.0887050669767017,0.1160156344404579,0.14144244868775185,0.1182130298534877
B0033,92,1.4473012364654927,0.6895699007862814,209.88463023331047,47,139,3.355774785877264,1.795323655635375,4.19600538145272,2.4006817258173445,-1.842164817595224,4.030676382405292,38.22999069332894,54.39303449657184,3090.719,24.0,0.0898923542583947,0.1152909976414748,0.13859974586859672,0.11746157095814536
B0033,93,1.4205315547561643,0.6895699007862814,206.00254638962699,46,139,3.3539193468726696,1.7802670666869505,4.195641283102845,2.415374216415895,-1.8405597937226965,4.0313459795279805,37.758104647901995,54.05963088053671,3069.812,24.0,0.0898923542583947,0.1152909976414748,0.13859974586859672,0.11746157095814536
B0033,94,1.4241466094817417,0.6895699007862814,206.52679414485172,45,139,3.3605316490849235,1.921681538108464,4.200886512488945,2.279204974380481,-1.8322958668074303,4.030606905484439,37.428049618035296,53.59788130809244,3064.437,24.0,0.0898923542583947,0.1152909976414748,0.13859974586859672,0.11746157095814536
B0033,95,1.4412820083364295,0.6895699007862814,209.01173422636475,44,139,3.3547493929832592,1.77881535602872,4.201002724229119,2.422187368200399,-1.8406157622829122,4.03028398584487,38.5029228575476,54.608136974659445,3083.25,24.0,0.0898923542583947,0.1152909976414748,0.13859974586859672,0.11746157095814536
B0033,96,1.4448965388921615,0.6895699007862814,209.53590596756322,43,139,3.3635996156389574,1.9534408897799111,4.195465495994929,2.242024606215018,-1.8326291343034717,4.031494670418764,38.83348222581879,54.5574027155619,3076.484,24.0,0.0898923542583947,0.1152909976414748,0.13859974586859672,0.11746157095814536
B0033,97,1.4540256354795746,0.6895699007862814,210.85978866270457,42,139,3.3569917985687048,1.8222744588584343,4.193707044291354,2.3714325854329203,-1.8392992395990233,4.031940850232371,39.052180409304285,54.99418815591436,3081.297,24.0,0.0921631077559332,0.1146968454749727,0.14012152574794426,0.11721929215617964
B0033,98,1.4226030447542912,0.6895699007862814,206.30294958236567,41,139,3.356737655890982,1.8129227899512983,4.195380315548316,2.382457525597017,-1.8297056790119524,4.0307098776684045,38.021927947894824,54.16320225337546,3065.953,24.0,0.0921631077559332,0.1146968454749727,0.14012152574794426,0.11721929215617964
B0033,99,1.410196954589097,0.6895699007862814,204.50384406006143,40,139,3.359540268494682,1.9001242255219517,4.195068887696935,2.294944662174983,-1.8209349826801644,4.030808108637904,37.73309166360951,53.87733726225828,3055.828,24.0,0.0921631077559332,0.1146968454749727,0.14012152574794426,0.11721929215617964
B0033,100,1.4144881298999457,0.6895699007862814,205.12614142338242,39,139,3.3577795891012125,1.861826807558021,4.200794831783912,2.338968024225891,-1.8285914763057718,4.031586804182261,37.88253804875795,54.00540892482746,3051.468,24.0,0.0921631077559332,0.1146968454749727,0.14012152574794426,0.11721929215617964
B0033,101,1.431360032946153,0.6895699007862814,207.572869888034,38,139,3.3555412354678467,1.7571531937270366,4.201229193181646,2.4440759994546095,-1.837054902454502,4.030442133532166,39.09683297382756,55.01715436055076,3069.0,24.0,0.0921631077559332,0.1146968454749727,0.14012152574794426,0.11721929215617964
B0033,102,1.4515133236517528,0.6895699007862814,210.4954584004705,37,139,3.3594857050424136,1.8292747932433169,4.195456528334941,2.366181735091624,-1.837816023009627,4.0318254325257525,39.853212783951,55.56824997306065,3079.235,24.0,0.090109642803023,0.1147335217159905,0.14449007000270753,0.11398898158630584
B0033,103,1.4230376757726733,0.6895699007862814,206.36597887321585,36,139,3.358051208135682,1.7807877780971682,4.195112832732734,2.414325054635566,-1.8280312164109505,4.032010763539899,39.04623892631281,54.92871435196593,3070.344,24.0,0.090109642803023,0.1147335217159905,0.14449007000270753,0.11398898158630584
B0033,104,1.396298696255913,0.6895699007862814,202.4883473979628,35,139,3.3644871236228617,1.93715684685712,4.194675647244639,2.257518800387519,-1.8096060815655475,4.03093756328432,37.820538353520355,53.80101502575858,3051.4839999999967,24.0,0.090109642803023,0.1147335217159905,0.14449007000270753,0.11398898158630584
B0033,105,1.3979060730399124,0.6895699007862814,202.72144585283542,34,139,3.361244790495099,1.8780478013995328,4.200892254113164,2.322844452713631,-1.8091575935883184,4.031422687627503,37.73310595477053,53.90914216170243,3054.812,24.0,0.090109642803023,0.1147335217159905,0.14449007000270753,0.11398898158630584
B0033,106,1.4011347560096767,0.6895699007862814,203.18966277559883,33,139,3.35671886762914,1.8094020919691347,4.200853825806664,2.3914517338375294,-1.8167109753774657,4.031633986852976,38.006666099531806,54.23260277977909,3046.532,24.0,0.090109642803023,0.1147335217159905,0.14449007000270753,0.11398898158630584
B0033,107,1.436782528945267,0.6895699007862814,208.35922903638587,32,139,3.359022917654344,1.8197773356081155,4.194606941815903,2.374829606207787,-1.8264479842957797,4.031197018578919,39.784628994566496,55.63045478699343,3071.782,24.0,0.092436093949676,0.1163704046903859,0.13549761412920502,0.11756987545261394
B0033,108,1.4370006879546382,0.6895699007862814,208.39086600446154,31,139,3.360671828990881,1.836381881007388,4.194748069677628,2.3583661886702396,-1.8267902000568097,4.03123727157494,40.35944876635067,56.16713312985831,3074.532,24.0,0.092436093949676,0.1163704046903859,0.13549761412920502,0.11756987545261394
B0033,109,1.410355528453481,0.6895699007862814,204.52684011371792,30,139,3.3583948833503303,1.75385880069876,4.195093766485416,2.4412349657866566,-1.8243917057977057,4.033637600592424,39.40096297699252,55.53601912262827,3053.656,24.0,0.092436093949676,0.1163704046903859,0.13549761412920502,0.11756987545261394
B0033,110,1.382633397996189,0.6895699007862814,200.50663412362434,29,139,3.3625185980231946,1.977912246538546,4.19415713586591,2.2162448893273643,-1.8064502971208865,4.030551182286183,38.23202468655914,54.42859597766174,3031.953,24.0,0.092436093949676,0.1163704046903859,0.13549761412920502,0.11756987545261394
B0033,111,1.3699403583067564,0.6895699007862814,198.6659157751351,28,139,3.352730063565273,1.8406238091435183,4.194421518890087,2.3537977097465683,-1.8133450646172389,4.030891041828917,38.186119358463095,54.60293074972065,3023.5,24.0,0.092436093949676,0.1163704046903859,0.13549761412920502,0.11756987545261394
B0033,112,1.3786129327882322,0.6895699007862814,199.92359457921089,27,139,3.348905668243179,1.793591568720353,4.193864909249693,2.40027334052934,-1.8127387092209186,4.030314032706555,38.7565059715467,55.29175004355109,3042.703,24.0,0.0920475173169191,0.1203997864761216,0.1277180853143742,0.12152524831922129
B0033,113,1.8035959863147195,0.6895699007862814,261.55375753178475,26,139,3.457384162912773,1.880422567759453,4.4683580435456935,2.5879354757862405,-1.5628707519379117,4.031780531813977,39.21824541685028,57.637403832441095,4424.203,24.0,0.0920475173169191,0.1203997864761216,0.1277180853143742,0.12152524831922129
B0033,114,1.4234424290662009,0.6895699007862814,206.42467535823735,25,139,3.376673863925851,1.92608696846512,4.192884657368934,2.2667976889038135,-1.7979194894124642,4.031488800527161,39.05310062274121,54.65393012817871,3066.766,24.0,0.0863916411128797,0.1112123553543622,0.15269865984340872,0.11176135335907121
B0033,115,1.3946003892958665,0.6895699007862814,202.2420624371329,24,139,3.373391130621014,1.9774094380313447,4.19449660552562,2.217087167494275,-1.7963463690245949,4.030424136743857,38.41375319607374,54.152949724280695,3046.125,24.0,0.0863916411128797,0.1112123553543622,0.15269865984340872,0.11176135335907121
B0033,116,1.3961613987822286,0.6895699007862814,202.46843680245567,23,139,3.364186626496377,1.8428005555738187,4.194231055547011,2.3514304999731923,-1.8032850146688266,4.03138524080446,38.46902673499884,54.53515875704883,3033.625,24.0,0.0863916411128797,0.1112123553543622,0.15269865984340872,0.11176135335907121
B0033,117,1.384968608315797,0.6895699007862814,200.84528149163526,22,139,3.358003989298615,1.7746653306163975,4.200536096823805,2.425870766207407,-1.8108049336910572,4.031183913719146,38.5100324254832,54.77734925210607,3028.562,24.0,0.0863916411128797,0.1112123553543622,0.15269865984340872,0.11176135335907121
B0033,118,1.3715114742475478,0.6895699007862814,198.8937557575647,21,139,3.36155800725267,1.8460476497404992,4.193861125565952,2.347813475825453,-1.8013083911049832,4.031896597974894,38.40063671961678,54.64702813763124,3020.984,24.0,0.0863916411128797,0.1112123553543622,0.15269865984340872,0.11176135335907121
B0033,119,1.3616865084879255,0.6895699007862814,197.46895955511744,20,139,3.3646263159375533,1.95995016678396,4.1912968364535725,2.2313466696696125,-1.7919918693222388,4.032512009214244,38.39044541549165,54.505104228610136,3017.391,24.0,0.0906674979688245,0.1189578328356123,0.1267105769602732,0.11998368660385317
B0033,120,1.3796301360966086,0.6895699007862814,200.07110729796742,19,139,3.360892538206702,1.9111619475065968,4.193746611615085,2.282584664108488,-1.7916249952930718,4.031454503778134,38.413629652125955,54.4213321925581,3022.14,24.0,0.0906674979688245,0.1189578328356123,0.1267105769602732,0.11998368660385317
B0033,121,1.364231776003204,0.6895699007862814,197.8380689829472,18,139,3.3571675251434945,1.7914848144741025,4.1937859295628215,2.402301115088719,-1.798733884420521,4.031553638984478,38.44024987650422,54.599932749715,3009.016,24.0,0.0906674979688245,0.1189578328356123,0.1267105769602732,0.11998368660385317
B0033,122,1.3418414512081456,0.6895699007862814,194.59107041622786,17,139,3.3650892446963074,1.8461845656811997,4.200650322742635,2.354465757061435,-1.7887872050368798,4.030568780479417,38.18714693456589,54.621715057959925,3014.672,24.0,0.0906674979688245,0.1189578328356123,0.1267105769602732,0.11998368660385317
B0033,123,1.355221569579225,0.6895699007862814,196.53142749327296,16,139,3.363027417163423,1.8424801617142232,4.2006243085499655,2.358144146835742,-1.7888403713952685,4.031930484527798,38.18649962226669,54.55731341596549,3010.703,24.0,0.0906674979688245,0.1189578328356123,0.1267105769602732,0.11998368660385317
B0033,124,1.3403860264029774,0.6895699007862814,194.3800077228724,15,139,3.3583632498611675,1.8293764049247,4.193697387023266,2.3643209820985662,-1.7886164084551721,4.031179334434039,38.536213089297746,55.041315475822266,3011.75,24.0,0.0909557798656722,0.1209363559139077,0.1248928885888019,0.12070178726720887
B0033,125,1.3594078914195438,0.6895699007862814,197.138519223284,14,139,3.3574236498195953,1.7818288008009142,4.200544185864463,2.4187153850635488,-1.7964130441048565,4.032120605609321,38.552272664006516,54.87421915377841,3005.734,24.0,0.0909557798656722,0.1209363559139077,0.1248928885888019,0.12070178726720887
B0033,126,1.3457100861355502,0.6895699007862814,195.1520918475568,13,139,3.360766302094452,1.8799745135000576,4.193351413646578,2.3133769001465208,-1.787019212781781,4.030698456939857,38.455511167512036,54.605029117345865,2993.75,24.0,0.0909557798656722,0.1209363559139077,0.1248928885888019,0.12070178726720887
B0033,127,1.3477611420854358,0.6895699007862814,195.44953173690624,12,139,3.3594711162840047,1.8632410129416257,4.200351692306739,2.3371106793651135,-1.78684609892111,4.031396914149324,38.45383838785278,54.77196645266215,2998.125,24.0,0.0909557798656722,0.1209363559139077,0.1248928885888019,0.12070178726720887
B0033,128,1.335482103134067,0.6895699007862814,193.6688509187081,11,139,3.352476127724087,1.7604885282268967,4.20027821207153,2.4397896838446336,-1.7942781727538535,4.031628150086961,38.59571101696619,55.081324460303485,2990.859,24.0,0.0909557798656722,0.1209363559139077,0.1248928885888019,0.12070178726720887
B0033,129,1.353154941842234,0.6895699007862814,196.23172941558212,10,139,3.3599659156305464,1.8980864731881968,4.192818631069228,2.294732157881031,-1.7787288593777348,4.031721300872744,39.84838963202565,56.28817834549751,3024.453,24.0,0.095356774650343,0.1219867024669133,0.10860827330004184,0.12031658359393937
B0033,130,1.3709677706044292,0.6895699007862814,198.81490898039263,9,139,3.3529340862280046,1.765463647928582,4.193616398463828,2.428152750535246,-1.7963772790558135,4.032692621747669,40.8588418858713,57.27354368026744,3030.765,24.0,0.095356774650343,0.1219867024669133,0.10860827330004184,0.12031658359393937
B0033,131,1.357426672491866,0.6895699007862814,196.8512069543728,8,139,3.343287590707508,1.7789329307031558,4.2001549210390445,2.421221990335889,-1.805219032161489,4.031807157333931,40.645674557350794,57.2291922074886,3020.813,24.0,0.095356774650343,0.1219867024669133,0.10860827330004184,0.12031658359393937
B0033,132,1.3443678821106904,0.6895699007862814,194.9574481974599,7,139,3.3304566806630636,1.9751406850610131,4.199721786449104,2.2245811013880914,-1.8050690579203057,4.030914484032776,40.22816795562337,57.19704022437858,2998.156,24.0,0.095356774650343,0.1219867024669133,0.10860827330004184,0.12031658359393937
B0033,133,1.33005823859453,0.6895699007862814,192.88229330745622,6,139,3.320924665615561,1.7718580087129037,4.198848421060828,2.4269904123479242,-1.8114911161465173,4.032022945808555,40.06014962782639,57.01987269382395,2986.766,24.0,0.095356774650343,0.1219867024669133,0.10860827330004184,0.12031658359393937
B0033,134,1.4033641858066626,0.6895699007862814,203.51297007112373,5,139,3.340032080385694,1.9154948072138345,4.177372245766921,2.2618774385530864,-1.8025216435721638,4.031185839742219,40.062941403566036,55.93330356332492,3032.328,24.0,0.1119074154631581,0.1409796226478348,0.024095575670466607,0.13913395761067648
B0033,135,1.3865570950229378,0.6895699007862814,201.0756405466534,4,139,3.365998712772332,1.9395710043147305,4.191445596329994,2.2518745920152634,-1.7876356209052575,4.03143308473883,40.262388264621016,56.299084505467846,3047.703,24.0,0.0884963349105808,0.1149810457358202,0.14579795197398038,0.11679895491907717
B0033,136,1.3704138176872631,0.6895699007862814,198.7345758747083,3,139,3.3457011047959266,1.9213252989145688,4.193389880737777,2.2720645818232077,-1.7957587291291346,4.0333360487412335,39.997401224885536,56.50951504855041,3034.968,24.0,0.0884963349105808,0.1149810457358202,0.14579795197398038,0.11679895491907717
B0033,137,1.325319393635713,0.6895699007862814,192.19507581820477,2,139,3.346323103330572,1.99784512954192,4.200380611368274,2.202535481826354,-1.7944892722865402,4.031093353153527,39.574089613864224,56.69165778744567,3011.7339999999967,24.0,0.0884963349105808,0.1149810457358202,0.14579795197398038,0.11679895491907717
B0033,138,0.8439684993200656,0.6895699007862814,122.39056524331053,1,139,3.5025083166259967,1.4425192802033469,4.200602056573652,2.7580827763703057,-1.3524928232333502,4.031452965753613,35.98333032061264,55.51714083426434,3002.922,24.0,0.0884963349105808,0.1149810457358202,0.14579795197398038,0.11679895491907717
B0033,139,0.4304242256752923,0.6895699007862814,62.4192304775051,0,139,3.7530265184592335,1.7051348869638063,4.19146431605178,2.4863294290879736,-0.6350119541631206,4.029460110530672,32.39035931572692,51.875290776017344,2964.75,24.0,0.1456294596992112,0.1691988277794489,0.19801246578421333,0.17090397877102345
B0033,140,0.4643633320269643,0.6895699007862814,67.34100944624677,0,139,3.7437278161410794,0.9861339962587278,4.189169176120785,3.2030351798620575,-0.647927020958107,4.031115621681116,32.954165794905116,51.767777887259,2969.953,24.0,0.1382996517013786,0.1655497360143937,0.16500673835794813,0.1635962885046662
B0033,141,1.461469789426299,0.6895699007862814,211.93932446295284,0,139,3.2312787223699537,1.8345225826317897,4.190743825523512,2.3562212428917224,-1.9259470996842372,4.0317416053878485,45.33521672468352,61.13715999731606,3001.235,24.0,0.1382996517013786,0.1655497360143937,0.16500673835794813,0.1635962885046662
B0033,142,1.4150999545382532,0.6895699007862814,205.21486696630564,0,139,3.337618232944289,1.9860807469381487,4.1981379242882495,2.2120571773501005,-1.8473131233384892,4.030688221689322,40.620147730266055,56.348749401178914,2976.234,24.0,0.1382996517013786,0.1655497360143937,0.16500673835794813,0.1635962885046662
B0033,143,1.383632373873956,0.6895699007862814,200.65150353811418,0,139,3.3407978157952662,1.8841219743920603,4.199581881706975,2.315459907314915,-1.844518264194251,4.032404761480388,39.68399574640648,55.51777727453801,2950.39,24.0,0.1382996517013786,0.1655497360143937,0.16500673835794813,0.1635962885046662
B0033,144,1.3705402893609833,0.6895699007862814,198.75291653510774,0,139,3.345126055228355,1.8129527074235323,4.192675713672651,2.379723006249119,-1.8328005456847734,4.031245891627729,39.047236578784684,54.98845662264607,2941.719,24.0,0.0995331061490151,0.1304748915407405,0.08708479033939816,0.12756405722269415
B0033,145,1.3557042566115398,0.6895699007862814,196.60142576781544,0,139,3.3571373711093697,1.964418985321,4.200041578787561,2.2356225934665606,-1.814347722959519,4.031735458078508,38.66855198329813,54.53862414235327,2946.969,24.0,0.0995331061490151,0.1304748915407405,0.08708479033939816,0.12756405722269415
B0033,146,1.3578385793919765,0.6895699007862814,196.91094084061706,0,139,3.351453240465127,1.854641378834996,4.199761584906472,2.345120206071476,-1.8221926476157024,4.030243674381958,38.84148471879362,54.72686731387149,2936.171,24.0,0.0995331061490151,0.1304748915407405,0.08708479033939816,0.12756405722269415
B0033,147,1.3609083979571397,0.6895699007862814,197.35611957618295,0,139,3.346026215342865,1.7877573640818558,4.19986267410377,2.412105310021914,-1.8306905769975232,4.031560389126078,39.052551352201455,55.0046224518596,2927.281,24.0,0.0995331061490151,0.1304748915407405,0.08708479033939816,0.12756405722269415
B0033,148,1.3495626547684758,0.6895699007862814,195.71078337810832,0,139,3.350979420027859,1.9183209167927544,4.199784078520709,2.281463161727955,-1.8209388850738168,4.03102892027672,38.79448240276511,54.71731449617404,2924.422,24.0,0.0995331061490151,0.1304748915407405,0.08708479033939816,0.12756405722269415
B0033,149,1.1888877132486642,0.6895699007862814,172.41003586337456,0,139,3.342644131880222,1.8528656809384136,4.044618024605659,2.191752343667245,-1.568210357203081,4.03134750995214,38.509868638012954,54.428778601713,3023.859,24.0,0.0990146912411192,0.1275503224776246,0.09316669169149472,0.12658193600157902
B0033,150,1.5041493934608643,0.6895699007862814,218.12863231787807,0,139,3.3518592869527803,1.948475871638004,4.19403031740486,2.2455544457668566,-1.887501094191758,4.034595325058306,40.15830993087354,54.890003781719805,3056.172,24.0,0.093091725109756,0.1161312975013201,0.14151979670522172,0.11672258900546223
B0033,151,1.4899088638712767,0.6895699007862814,216.06350018647996,0,139,3.3468424673944153,1.8283531317172368,4.19296029632327,2.364607164606033,-1.876137336259163,4.031575801276517,39.45022733421382,54.47368119654309,3045.078,24.0,0.093091725109756,0.1161312975013201,0.14151979670522172,0.11672258900546223
B0033,152,1.475330178643193,0.6895699007862814,213.9493294241743,0,139,3.3508471294894773,1.888528315752074,4.199907627033468,2.311379311281394,-1.8659348672273262,4.0307713804325,38.94097771129498,54.12307476528604,3034.25,24.0,0.093091725109756,0.1161312975013201,0.14151979670522172,0.11672258900546223
B0033,153,1.459830765413703,0.6895699007862814,211.7016365924807,0,139,3.355670268634572,1.924025874710363,4.199827998046917,2.275802123336554,-1.8556627342355745,4.030207437491865,38.66654129149028,53.77302966651148,3022.609,24.0,0.093091725109756,0.1161312975013201,0.14151979670522172,0.11672258900546223
B0033,154,1.4474169057725728,0.6895699007862814,209.90140435685447,0,139,3.353308872329983,1.800492506386291,4.200007095257734,2.399514588871443,-1.8545310784984728,4.030412870193714,39.33636206194418,54.609405212648525,3028.828,24.0,0.093091725109756,0.1161312975013201,0.14151979670522172,0.11672258900546223
B0033,155,1.4676323674647154,0.6895699007862814,212.83300877710133,0,139,3.355576427429911,1.793120582655924,4.193196345687703,2.400075763031779,-1.854560270480603,4.031449814259553,40.21246241286748,55.29324534393817,3037.875,24.0,0.094182061637456,0.1172287722528883,0.13108721276132917,0.12015649749027368
B0033,156,1.441552493165527,0.6895699007862814,209.05095937653283,0,139,3.3638323924431814,1.8969132609228212,4.191982585507099,2.295069324584278,-1.8335819983714545,4.030133558981981,39.15441493084491,54.26200652741747,3023.187,24.0,0.094182061637456,0.1172287722528883,0.13108721276132917,0.12015649749027368
B0033,157,1.418392873584403,0.6895699007862814,205.69239927193485,0,139,3.3571376570885594,1.8056023837774515,4.2001706293322,2.394568245554748,-1.8420750095953933,4.030903189622477,38.472340837695874,54.01880189925328,2996.922,24.0,0.094182061637456,0.1172287722528883,0.13108721276132917,0.12015649749027368
B0033,158,1.4031824838852518,0.6895699007862814,203.48662003449897,0,139,3.361111422960934,1.862859289057269,4.200074212399141,2.3372149233418718,-1.8314678023298128,4.0308406565332655,38.10278800382275,53.57147874982123,2986.469,24.0,0.094182061637456,0.1172287722528883,0.13108721276132917,0.12015649749027368
B0033,159,1.3911104661211642,0.6895699007862814,201.73596100046592,0,139,3.3674136761881366,1.9520601805312336,4.200092034422385,2.248031853891151,-1.8211918432229095,4.031388046198441,38.13961733869117,53.4828168564585,2979.219,24.0,0.094182061637456,0.1172287722528883,0.13108721276132917,0.12015649749027368
B0033,160,1.4086019958134537,0.6895699007862814,204.27254643906247,0,139,3.3717064606024185,1.9878541604164133,4.192967636550445,2.2051134761340316,-1.8123034655027377,4.03043168767532,38.75498314355583,53.87014040301519,2995.047,24.0,0.0909525815740188,0.1192006189435624,0.12965151818622134,0.11873132689965336
B0033,161,1.413770890394895,0.6895699007862814,205.0221288346321,0,139,3.3721296388578876,1.9566455890224008,4.2005612724264685,2.243915683404068,-1.8216175674206458,4.031090413194844,39.165872874745595,54.16164128030712,2989.828,24.0,0.0909525815740188,0.1192006189435624,0.12965151818622134,0.11873132689965336
B0033,162,1.412472234540845,0.6895699007862814,204.83380045014653,0,139,3.370281011025519,1.8936715311451315,4.200390037061694,2.306718505916562,-1.82079151069233,4.030676333677516,39.025069457187186,54.16534435153781,2989.391,24.0,0.0909525815740188,0.1192006189435624,0.12965151818622134,0.11873132689965336
B0033,163,1.3831900026575588,0.6895699007862814,200.58735177976556,0,139,3.364268931307196,1.828763483963188,4.200616069155656,2.3718525851924683,-1.817964724512839,4.031048376700338,38.3251245457817,53.79228026466776,2967.2810000000027,24.0,0.0909525815740188,0.1192006189435624,0.12965151818622134,0.11873132689965336
B0033,164,1.3646098107432565,0.6895699007862814,197.8928907986357,0,139,3.3720392126554684,1.9584399411299585,4.200037449743801,2.241597508613843,-1.798635457145711,4.030741393214865,37.878182669376734,53.22509160340434,2962.609,24.0,0.0909525815740188,0.1192006189435624,0.12965151818622134,0.11873132689965336
B0033,165,1.369751365782437,0.6895699007862814,198.6385084703638,0,139,3.362230190450641,1.8220675972367208,4.192500996043775,2.3704333988070543,-1.8064428802106411,4.030600936103562,37.905840036253096,53.57857958784029,2957.016,24.0,0.0892837984693767,0.1187425614046036,0.1298023348062779,0.1211736101800645
B0033,166,1.3867946911071662,0.6895699007862814,201.11009623910135,0,139,3.3636193969648573,1.7715995765672343,4.200097022210454,2.4284974456432202,-1.8173405882716633,4.031272201329734,39.1223902532353,54.49825501084428,2973.281,24.0,0.0892837984693767,0.1187425614046036,0.1298023348062779,0.1211736101800645
B0033,167,1.3918615875742792,0.6895699007862814,201.8448870792084,0,139,3.3703866336965356,1.8584436263684132,4.191446103300025,2.333002476931612,-1.8068979814568502,4.030774601922593,39.39196447810482,54.46813289210952,2968.016,24.0,0.0892837984693767,0.1187425614046036,0.1298023348062779,0.1211736101800645
B0033,168,1.377162352180965,0.6895699007862814,199.71323438141036,0,139,3.3756959922995033,1.9792800716788903,4.19205219049645,2.2127721188175595,-1.7968101494502102,4.030353569731922,38.80564596554866,53.89419947351141,2959.281,24.0,0.0892837984693767,0.1187425614046036,0.1298023348062779,0.1211736101800645
B0033,169,1.3599525359390852,0.6895699007862814,197.2175024444078,0,139,3.366639210990064,1.846857607499265,4.20026251718639,2.353404909687125,-1.8043699219153886,4.031215449055759,38.29516028833109,53.782251370205934,2942.797000000006,24.0,0.0892837984693767,0.1187425614046036,0.1298023348062779,0.1211736101800645
B0033,170,1.379779043170725,0.6895699007862814,200.09270149370403,0,139,3.370719403191649,1.9297681149166703,4.170526417555859,2.240758302639189,-1.786679633285191,4.030724924949867,39.48206657960875,54.80009542618075,2978.89,24.0,0.0864847755878061,0.1180185558562798,0.13291794482822555,0.11711468310686296
B0033,171,1.3631373661966442,0.6895699007862814,197.67935993759704,0,139,3.368376555569585,1.9404476337602208,4.193298745157419,2.252851111397198,-1.805526191357153,4.0312040045445245,38.22420789035359,53.59426450012642,2948.891,24.0,0.0903234958460437,0.1164556858952188,0.1344439411917271,0.11815251634240224
B0033,172,1.3652295228794809,0.6895699007862814,197.9827601701842,0,139,3.3605555096355064,1.8078076221500168,4.200151767615752,2.3923441454657355,-1.813761282828491,4.030896618235125,38.212225319933545,53.860038336831,2938.547,24.0,0.0903234958460437,0.1164556858952188,0.1344439411917271,0.11815251634240224
B0033,173,1.3498620694059131,0.6895699007862814,195.75420386921388,0,139,3.3664344500865964,1.901348395168944,4.199734233391325,2.298385838222381,-1.802941147720235,4.030353141551276,38.03726842877258,53.50394440240513,2925.484,24.0,0.0903234958460437,0.1164556858952188,0.1344439411917271,0.11815251634240224
B0033,174,1.3529504172332432,0.6895699007862814,196.2020696800343,0,139,3.360999914466085,1.820065501803385,4.199873842512875,2.3798083407094897,-1.8116624900760223,4.032772105959685,38.08745383569629,53.71091736477066,2917.297,24.0,0.0903234958460437,0.1164556858952188,0.1344439411917271,0.11815251634240224
B0033,175,1.3535740542605128,0.6895699007862814,196.2925082311599,0,139,3.3597145615560104,1.781542687267246,4.199220802674783,2.4176781154075373,-1.8111731864316711,4.031639319345703,38.371162533264,53.96609282803159,2918.938,24.0,0.0903234958460437,0.1164556858952188,0.1344439411917271,0.11815251634240224
B0033,176,1.3432225183905024,0.6895699007862814,194.79134992100063,0,139,3.360790017915931,1.8027051007685868,4.189411926667855,2.3867068258992683,-1.799607080950245,4.03064555997338,38.21500087152169,53.89601837110568,2918.25,24.0,0.0895134118798777,0.1156364233610516,0.1285291909871859,0.12114841210575789
B0033,177,1.3412081769053426,0.6895699007862814,194.49923428734797,0,139,3.364551990412796,1.845120981293168,4.199234827601777,2.354113846308609,-1.8000478038107868,4.030235349806215,38.068361542357145,53.58335886886063,2915.4839999999967,24.0,0.0895134118798777,0.1156364233610516,0.1285291909871859,0.12114841210575789
B0033,178,1.3277389969987805,0.6895699007862814,192.5459616907332,0,139,3.370459024271422,1.9386542857041755,4.199099264533491,2.260444978829315,-1.7893303733112242,4.032323959410741,37.98761504071771,53.35830232724686,2906.015,24.0,0.0895134118798777,0.1156364233610516,0.1285291909871859,0.12114841210575789
B0033,179,1.329778900445409,0.6895699007862814,192.84178426713953,0,139,3.3647395351261364,1.8652024206914877,4.197710813920559,2.3325083932290713,-1.7980109473876715,4.030963918482138,38.3556643629041,53.56872781314004,2894.14,24.0,0.0895134118798777,0.1156364233610516,0.1285291909871859,0.12114841210575789
B0033,180,1.3356045028702497,0.6895699007862814,193.68660107515248,0,139,3.3724762289358954,1.9741597310368288,4.194824465751656,2.220664734714827,-1.7871202282133007,4.030066693660676,38.587739723836165,54.028944257752215,2892.031,24.0,0.0895134118798777,0.1156364233610516,0.1285291909871859,0.12114841210575789
B0033,181,1.3177489685711123,0.6895699007862814,191.09722844175047,0,139,3.3682526298407938,1.9140482800494216,4.190646284256201,2.2765980042067793,-1.786405828905418,4.03209652047346,37.84946765760722,53.32084823607714,2888.719,24.0,0.0876318347612828,0.1167798998588414,0.1382276719477396,0.11787848435326592
B0033,182,1.317605472474197,0.6895699007862814,191.07641893473,0,139,3.368834125820871,1.9249905185886904,4.199787523647983,2.274797005059293,-1.7962891627935822,4.030614948818057,37.81892879614016,53.15804525272694,2875.641,24.0,0.0876318347612828,0.1167798998588414,0.1382276719477396,0.11787848435326592
B0033,183,1.3185279522072382,0.6895699007862814,191.21019503661455,0,139,3.3643721242108837,1.848326319700026,4.198644370031491,2.350318050331465,-1.8053146501565176,4.030716672310753,37.98975162560657,53.44440984728841,2860.7810000000027,24.0,0.0876318347612828,0.1167798998588414,0.1382276719477396,0.11787848435326592
B0033,184,1.3215397269813982,0.6895699007862814,191.6469563817263,0,139,3.3599563575039135,1.7964863123561203,4.199051265280784,2.4025649529246635,-1.8145360631140475,4.029789852416358,38.110497566784815,53.71116793928585,2852.844,24.0,0.0876318347612828,0.1167798998588414,0.1382276719477396,0.11787848435326592
B0033,185,1.3046615372928705,0.6895699007862814,189.1993162412152,0,139,3.369660207276821,1.9550178000855185,4.198244533751371,2.2432267336658525,-1.794060809034671,4.030772474345855,38.158711514227996,53.18757385880901,2854.64,24.0,0.0876318347612828,0.1167798998588414,0.1382276719477396,0.11787848435326592
B0033,186,1.3280324770208678,0.6895699007862814,192.58852155620193,0,139,3.3817276755972934,1.9991954704388997,4.159889361487179,2.160693891048279,-1.7532558725802958,4.031537357097997,41.901714617344744,56.49572691828426,2897.844,24.0,0.090745110639456,0.1096074278088891,0.13949275570742123,0.11132261822116118
B0033,187,1.3634549770713926,0.6895699007862814,197.72541920938173,0,139,3.379780519797374,1.982805388419431,4.195184914935837,2.212379526516406,-1.7969595693199287,4.031834027940411,40.72593783748325,55.32081069602003,2896.063,24.0,0.090745110639456,0.1096074278088891,0.13949275570742123,0.11132261822116118
B0033,188,1.3291316747402466,0.6895699007862814,192.74792493476085,0,139,3.3656667993678133,1.80889512605386,4.199591464734624,2.390696338680764,-1.8148752451997945,4.031562224810096,39.388005009279006,54.57622829352292,2866.234,24.0,0.090745110639456,0.1096074278088891,0.13949275570742123,0.11132261822116118
B0033,189,1.3124201086917682,0.6895699007862814,190.32444820971483,0,139,3.3648038854052915,1.865543717364217,4.199771526762111,2.3342278093978943,-1.813083056493043,4.031762836798674,38.64570917130626,54.008789265404765,2836.609,24.0,0.090745110639456,0.1096074278088891,0.13949275570742123,0.11132261822116118
B0033,190,1.3152825503676355,0.6895699007862814,190.7395535779456,0,139,3.371817482414552,1.994367058308584,4.199637020490028,2.205269962181444,-1.8021170413093346,4.030287733516317,38.3036813037848,53.47500454222108,2829.516,24.0,0.090745110639456,0.1096074278088891,0.13949275570742123,0.11132261822116118
B0030,1,1.6560706096175404,1.6560706096175404,100.0,212,213,3.3464479682177357,2.1274170450668684,4.121228264511843,1.9938112194449746,-3.881093691840246,4.02642257980551,52.450611378612734,61.11438949471705,1572.359,43.0,0.0634181796172026,0.0772593935747803,0.18658391818427308,0.07859835271187678
B0030,2,1.7815548749509116,1.6560706096175404,107.57722917154788,211,213,3.3780751936361146,2.1401060472348874,4.191571549203586,2.051465501968699,-3.7838858314888455,4.027659504109606,54.113241117794225,61.9990871891876,1723.281,43.0,0.0634181796172026,0.0772593935747803,0.18658391818427308,0.07859835271187678
B0030,3,1.761969227822918,1.6560706096175404,106.39457143858341,210,213,3.3818672028482375,2.1657237815883463,4.191314909952094,2.025591128363748,-3.78000742647211,4.0263997172904,54.157828260748424,61.89071493502735,1705.906,43.0,0.0634181796172026,0.0772593935747803,0.18658391818427308,0.07859835271187678
B0030,4,1.751755031874225,1.6560706096175404,105.77779846469122,209,213,3.3803545588103723,2.095376108282347,4.191510310362352,2.096134202080005,-3.7771963627067855,4.027127991303563,54.212018750385205,62.214205409958005,1697.688,43.0,0.0634181796172026,0.0772593935747803,0.18658391818427308,0.07859835271187678
B0030,5,1.7381688070362076,1.6560706096175404,104.95740923979247,208,213,3.383237725223628,2.12524665517798,4.191406236830394,2.066159581652414,-3.774391482257296,4.027089196239373,54.19837692352459,62.31179793095802,1686.094,43.0,0.0634181796172026,0.0772593935747803,0.18658391818427308,0.07859835271187678
B0030,6,1.750674529346134,1.6560706096175404,105.71255350944497,207,213,3.374148303155992,2.0759632130565406,4.1809364775885,2.1049732645319597,-3.8401506129683893,4.026801519572001,54.14161744851121,62.29994268441351,1678.563,43.0,0.0642756638388581,0.0740867398175877,0.17707422605678122,0.07639365809526609
B0030,7,1.7491047649061158,1.6560706096175404,105.61776501245083,206,213,3.38062959842195,2.0440070679316857,4.191416983179895,2.1474099152482093,-3.8162308411426897,4.026685043731495,54.21167948917778,62.48134926186261,1677.469,43.0,0.0642756638388581,0.0740867398175877,0.17707422605678122,0.07639365809526609
B0030,8,1.7252544028765475,1.6560706096175404,104.17758716670811,205,213,3.387081847293872,2.173948548947525,4.19167898729129,2.017730438343765,-3.790540920260821,4.027008162529609,54.18634900836399,62.158212651524295,1666.093,43.0,0.0642756638388581,0.0740867398175877,0.17707422605678122,0.07639365809526609
B0030,9,1.7112621367644252,1.6560706096175404,103.3326795866289,204,213,3.3879461849049983,2.1712631392036204,4.191660740391253,2.0203976011876326,-3.7878863152954003,4.026835815972069,54.15360140656882,62.11029841216025,1654.328,43.0,0.0642756638388581,0.0740867398175877,0.17707422605678122,0.07639365809526609
B0030,10,1.6990418392711273,1.6560706096175404,102.59477038020202,203,213,3.3883925705991067,2.1722790601698723,4.190518218566902,2.01823915839703,-3.78521295034333,4.027530832099604,54.168189231806274,62.21537292970592,1643.812,43.0,0.0642756638388581,0.0740867398175877,0.17707422605678122,0.07639365809526609
B0030,11,1.7185770039532977,1.6560706096175404,103.77437978626966,202,213,3.3829900242224884,2.1399140868464497,4.18494757447594,2.04503348762949,-3.8087556215689466,4.026804684381526,54.22057063412252,62.42078136779365,1652.266,43.0,0.0644534678186044,0.0745526951355338,0.17862631526894762,0.07549145828029925
B0030,12,1.70324722921867,1.6560706096175404,102.84870822096318,201,213,3.3872270612733906,2.112329336316492,4.19138696373963,2.079057627423138,-3.7838496795424073,4.028658336876764,54.24400266886001,62.42541404009337,1648.672,43.0,0.0644534678186044,0.0745526951355338,0.17862631526894762,0.07549145828029925
B0030,13,1.689458044662304,1.6560706096175404,102.01606349698302,200,213,3.387969833955272,2.1141726056716275,4.1916098999207785,2.077437294249151,-3.7810084173912366,4.027635336965244,54.24150010859244,62.43136471336018,1636.969,43.0,0.0644534678186044,0.0745526951355338,0.17862631526894762,0.07549145828029925
B0030,14,1.6756136292719177,1.6560706096175404,101.18008371991401,199,213,3.3908449439184096,2.1697054636702,4.191138031319589,2.021432567649389,-3.7778398595622393,4.028103263729137,54.183697227073836,62.27459158639179,1625.187,43.0,0.0644534678186044,0.0745526951355338,0.17862631526894762,0.07549145828029925
B0030,15,1.6718407140871654,1.6560706096175404,100.95226039143748,198,213,3.3859058007878593,2.0502203248956845,4.191251588829171,2.141031263933486,-3.7765035959555266,4.0291043008663845,54.22886640157327,62.57843700986901,1622.016,43.0,0.0644534678186044,0.0745526951355338,0.17862631526894762,0.07549145828029925
B0030,16,1.7233056681204446,1.6560706096175404,104.05991496452145,197,213,3.375492904033759,2.056845844411806,4.17866916142942,2.1218233170176144,-3.8520176715688708,4.027517719449719,54.15865206479903,62.47198799326229,1638.422,43.0,0.0637694177887419,0.0743839228207711,0.1739392136553337,0.07465761305623429
B0030,17,1.709207290507283,1.6560706096175404,103.2085999583082,196,213,3.381550645715128,2.002654873353824,4.19028213835832,2.187627265004496,-3.8026336945838524,4.028208252016326,54.242750421230845,62.67828739920007,1646.438,43.0,0.0637694177887419,0.0743839228207711,0.1739392136553337,0.07465761305623429
B0030,18,1.684001734344571,1.6560706096175404,101.68659020725457,195,213,3.3864480900407194,2.098247338071892,4.18930659174196,2.0910592536700676,-3.7747932414905923,4.028530108942317,54.26601179807604,62.48426799373123,1634.765,43.0,0.0637694177887419,0.0743839228207711,0.1739392136553337,0.07465761305623429
B0030,19,1.66898698813004,1.6560706096175404,100.77994129220629,194,213,3.387180494037813,2.095250035916422,4.189336480826855,2.094086444910433,-3.7717048923113476,4.028059956110559,54.24164371768822,62.520660259063135,1622.016,43.0,0.0637694177887419,0.0743839228207711,0.1739392136553337,0.07465761305623429
B0030,20,1.6620689362837142,1.6560706096175404,100.36220235002898,193,213,3.3813445010797873,1.965222517702767,4.187961671001895,2.2227391532991287,-3.7701783748857105,4.029736567587315,54.32282816477177,62.83792318174592,1616.25,43.0,0.0637694177887419,0.0743839228207711,0.1739392136553337,0.07465761305623429
B0030,21,1.6687049625248174,1.6560706096175404,100.762911486618,192,213,3.385606758982866,2.1649300939348857,4.183473493335224,2.018543399400338,-3.770286001350055,4.02892193533513,54.27566161448939,62.47596510401283,1622.218,43.0,0.0652991544909577,0.0751815582235785,0.17660189511736582,0.07780050130524983
B0030,22,1.652762183550463,1.6560706096175404,99.8002243353717,191,213,3.3887947335699495,2.1107101939003567,4.189021310957518,2.078311117057161,-3.74290317214084,4.028238890396407,54.34652062246305,62.54340291733675,1619.656,43.0,0.0652991544909577,0.0751815582235785,0.17660189511736582,0.07780050130524983
B0030,23,1.648481366235244,1.6560706096175404,99.54173189607845,190,213,3.390949417762555,2.154272422860638,4.188208290959306,2.033935868098668,-3.7394250053816305,4.029657303351485,54.369563893787316,62.54253781933885,1605.484,43.0,0.0652991544909577,0.0751815582235785,0.17660189511736582,0.07780050130524983
B0030,24,1.6307406443132095,1.6560706096175404,98.47047793993636,189,213,3.3873404080498895,2.056878607135279,4.188944596283129,2.1320659891478497,-3.737622424800312,4.028147301835234,54.38101073340462,62.63316972633199,1600.75,43.0,0.0652991544909577,0.0751815582235785,0.17660189511736582,0.07780050130524983
B0030,25,1.62323023017929,1.6560706096175404,98.01696985336666,188,213,3.3880651957973615,2.0619330487714467,4.189721988537926,2.127788939766479,-3.7356557463501385,4.027460243343909,54.366222070376075,62.63885708285674,1595.0,43.0,0.0652991544909577,0.0751815582235785,0.17660189511736582,0.07780050130524983
B0030,26,1.654190654039439,1.6560706096175404,99.88648095273332,187,213,3.3873336724752856,2.182829076635093,4.182121595717829,1.9992925190827364,-3.737388532394875,4.028374864371009,54.36082826974155,62.50972828784737,1612.422,43.0,0.0643292793710963,0.0750267525360047,0.17791768966239616,0.07481687699831303
B0030,27,1.638514396616985,1.6560706096175404,98.93988741188942,186,213,3.391596603751742,2.152270345667462,4.18953881832451,2.0372684726570482,-3.733773399938973,4.0280399278365575,54.329082038301124,62.41430430344205,1598.969,43.0,0.0643292793710963,0.0750267525360047,0.17791768966239616,0.07481687699831303
B0030,28,1.618847673357618,1.6560706096175404,97.75233398601773,185,213,3.3844695827460796,1.98536642488698,4.18877344296717,2.20340701808019,-3.7318248243234815,4.028759921717576,54.350797312061744,62.71706660837061,1592.187,43.0,0.0643292793710963,0.0750267525360047,0.17791768966239616,0.07481687699831303
B0030,29,1.6134212267751404,1.6560706096175404,97.42466398505498,184,213,3.3883015570002266,2.085108474542319,4.187364248433742,2.1022557738914225,-3.72789586160175,4.028912968695677,54.30570319180818,62.554566036297686,1577.484,43.0,0.0643292793710963,0.0750267525360047,0.17791768966239616,0.07481687699831303
B0030,30,1.6066443601761986,1.6560706096175404,97.01545035855949,183,213,3.389973588057286,2.1156809695843,4.188843927084549,2.073162957500249,-3.7258803546166885,4.028240237923387,54.311769035681074,62.48691429447336,1571.547,43.0,0.0643292793710963,0.0750267525360047,0.17791768966239616,0.07481687699831303
B0030,31,1.6138387876938998,1.6560706096175404,97.44987794129177,182,213,3.386403894086122,2.08588060415804,4.184536605382707,2.098656001224667,-3.7258300678775145,4.0292228155278815,54.31694947968931,62.59235284434121,1578.484,43.0,0.0650592507691955,0.0758066987043015,0.181167264885096,0.07767255238173312
B0030,32,1.596329501327274,1.6560706096175404,96.39259896629268,181,213,3.382990062267617,1.9452863886536,4.188530465383751,2.243244076730151,-3.7235246959842048,4.028629666143592,54.37602664745592,62.84622214879507,1574.469,43.0,0.0650592507691955,0.0758066987043015,0.181167264885096,0.07767255238173312
B0030,33,1.589078586740699,1.6560706096175404,95.95476047411331,180,213,3.3809665909442286,1.916660490161616,4.188200529397757,2.271540039236141,-3.7209177432015643,4.028807042725253,54.40922760509474,63.0242156686281,1568.281,43.0,0.0650592507691955,0.0758066987043015,0.181167264885096,0.07767255238173312
B0030,34,1.5805481432309574,1.6560706096175404,95.43965903700058,179,213,3.3813241868366974,1.927250989755404,4.187743893425592,2.2604929036701886,-3.7188832576508455,4.027678632162258,54.43118438830086,63.00027240816272,1561.422,43.0,0.0650592507691955,0.0758066987043015,0.181167264885096,0.07767255238173312
B0030,35,1.584613105427081,1.6560706096175404,95.68511730263953,178,213,3.3870672693934285,2.051939170845275,4.1898269490660445,2.1378877782207693,-3.7178481811964144,4.028626046511251,54.42543761419732,62.80130766887856,1554.234,43.0,0.0650592507691955,0.0758066987043015,0.181167264885096,0.07767255238173312
B0030,36,1.5936651221220737,1.6560706096175404,96.23171336215677,177,213,3.382718302752806,2.0447593292567268,4.183231697201542,2.138472367944815,-3.719718780129346,4.030594809378983,54.40878572720797,62.737405296482684,1573.734,43.0,0.0646845036378087,0.0757045375839164,0.1821562846208359,0.07633784705151832
B0030,37,1.5849874126960888,1.6560706096175404,95.70771943486952,176,213,3.3896129797375174,2.1123670299751245,4.187178870202528,2.0748118402274036,-3.6895994891111914,4.029376137378532,54.42284720424547,62.57852749153667,1566.578,43.0,0.0646845036378087,0.0757045375839164,0.1821562846208359,0.07633784705151832
B0030,38,1.5787064969416462,1.6560706096175404,95.32845325394906,175,213,3.38569510149779,2.029028311417829,4.188109008087897,2.159080696670068,-3.7133420593367292,4.02789957320431,54.38754363122996,62.84908045214772,1550.047,43.0,0.0646845036378087,0.0757045375839164,0.1821562846208359,0.07633784705151832
B0030,39,1.570705516096967,1.6560706096175404,94.84532283679088,174,213,3.387023398111767,2.0574175231777425,4.188695408653485,2.131277885475743,-3.711313300597217,4.027280488641001,54.45246463683033,62.7284644620379,1543.64,43.0,0.0646845036378087,0.0757045375839164,0.1821562846208359,0.07633784705151832
B0030,40,1.562780404428482,1.6560706096175404,94.36677369628562,173,213,3.3870565445350174,2.068863283525511,4.18874384592953,2.1198805624040187,-3.709186360280257,4.027633935183195,54.41109814733754,62.69299470731855,1536.781,43.0,0.0646845036378087,0.0757045375839164,0.1821562846208359,0.07633784705151832
B0041,1,1.2156494086360898,1.2156494086360898,100.0,21,22,3.3112454225976364,1.9984945380049617,4.146039771927649,2.1475452339226875,-0.8543609566361372,1.0084814254402212,9.154846882609299,14.806765885071044,5608.781,4.0,0.0530770886099763,0.2149164793040737,0.20222256011408096,0.16742399658778886
B0041,2,1.1476416320946563,1.2156494086360898,94.40564227989586,20,22,3.3541760641303275,1.9980483774045472,4.165360918422926,2.1673125410183784,-0.7981740885950973,1.0102145854313622,8.881539906101905,13.99744937533934,5703.296,4.0,0.0520227239672869,0.1955549040765648,0.05649815696692387,0.15461719893050396
B0041,3,1.1194574527298191,1.2156494086360898,92.08719592812584,19,22,3.357060662805854,1.969259944196061,4.187489255858448,2.2182293116623866,-0.7810567570267977,1.0150463617879395,8.750669611128531,14.356275659290002,5668.032,4.0,0.0520227239672869,0.1955549040765648,0.05649815696692387,0.15461719893050396
B0041,4,1.0841325641850128,1.2156494086360898,89.18135084698197,18,22,3.360601023233454,1.9711826686049976,4.186438859109176,2.215256190504178,-0.7613195099194562,1.012201146303343,8.86215516188506,14.518586105925962,5634.047,4.0,0.0520227239672869,0.1955549040765648,0.05649815696692387,0.15461719893050396
B0041,5,1.0607784232892656,1.2156494086360898,87.2602261600585,17,22,3.376453566741124,1.992456853950006,4.186571406423036,2.1941145524730303,-0.7425489892830268,1.0155779321659608,8.671218071184747,12.628628797798616,5582.375,4.0,0.0520227239672869,0.1955549040765648,0.05649815696692387,0.15461719893050396
B0041,6,1.0170312865626592,1.2156494086360898,83.66156223476699,16,22,3.3670420302190878,1.9860813942080051,4.187026822244992,2.2009454280369862,-0.7321893718076324,1.0096426599672783,8.757399436040695,14.249076739876308,5567.329,4.0,0.0520227239672869,0.1955549040765648,0.05649815696692387,0.15461719893050396
B0041,7,1.0000374999808574,1.2156494086360898,82.26364384965726,15,22,3.364330094542419,1.9641170559105663,4.163770340966965,2.199653285056399,-0.7199523659573055,1.0091487810629698,8.639658664137915,13.400963787224589,5528.453,4.0,0.0526904058825759,0.2025055350689993,0.11495613949065106,0.16316019344425703
B0041,8,0.991506494786248,1.2156494086360898,81.56187859283202,14,22,3.3751162200711295,1.9738816345942325,4.187200947787786,2.213319313193553,-0.7118463228821923,1.009833327026415,8.65548107609068,13.143596987494345,5513.39,4.0,0.0526904058825759,0.2025055350689993,0.11495613949065106,0.16316019344425703
B0041,9,0.9655644425371016,1.2156494086360898,79.42787087112777,13,22,3.3621759630641312,1.96202217374659,4.186784389157799,2.224762215411209,-0.7087128423143153,1.009193591238253,8.759984675272241,14.777209247015293,5486.187,4.0,0.0526904058825759,0.2025055350689993,0.11495613949065106,0.16316019344425703
B0041,10,0.9383311962439672,1.2156494086360898,77.18764880548392,12,22,3.368210631607209,1.9654140118768375,4.186125026049552,2.220711014172715,-0.6979025722864981,1.0088082268326934,8.830297151200996,14.304402604245366,5461.922,4.0,0.0526904058825759,0.2025055350689993,0.11495613949065106,0.16316019344425703
B0041,11,0.9298903389240268,1.2156494086360898,76.49329916322887,11,22,3.370853913355754,1.986312676889039,4.186746028379296,2.2004333514902568,-0.6933558264284685,1.010320954977875,8.799768115250679,14.331273599738246,5438.157,4.0,0.0526904058825759,0.2025055350689993,0.11495613949065106,0.16316019344425703
B0041,12,0.9072117399448598,1.2156494086360898,74.62774493204543,10,22,3.3581793261108124,1.9630747982406385,4.163158535852763,2.2000837376121245,-0.6902880247189804,1.0124340477235452,8.745105198865453,14.563719307573445,5402.875,4.0,0.0547724493907827,0.2105945065036999,0.15873834411542953,0.16774837381733
B0041,13,0.9176870676937324,1.2156494086360898,75.48945124921673,9,22,3.37598164284238,1.9779431503032716,4.186772472927074,2.208829322623802,-0.6857268851295145,1.0090835879550415,8.946917298516645,13.829855263617011,5384.438,4.0,0.0547724493907827,0.2105945065036999,0.15873834411542953,0.16774837381733
B0041,14,0.9157430721963028,1.2156494086360898,75.32953709274864,8,22,3.3752161891444517,1.9639398858129091,4.186831658425379,2.2228917726124697,-0.6851603503311268,1.0105284011067648,9.040543925569377,13.737164003906685,5344.859,4.0,0.0547724493907827,0.2105945065036999,0.15873834411542953,0.16774837381733
B0041,15,0.9111662690050432,1.2156494086360898,74.95304670343528,7,22,3.378276210248986,1.9702983324374248,4.186655518987532,2.2163571865501073,-0.6819162824683658,1.0086893503366123,8.532733645586704,12.81091218035467,5305.156,4.0,0.0547724493907827,0.2105945065036999,0.15873834411542953,0.16774837381733
B0041,16,0.8968901443572698,1.2156494086360898,73.77868470840987,6,22,3.3576825497066554,1.9730383300739127,4.18742749688236,2.2143891668084468,-0.6894186362655551,1.0089940440238492,8.782675041661408,14.671197747849568,5284.547,4.0,0.0547724493907827,0.2105945065036999,0.15873834411542953,0.16774837381733
B0041,17,0.8862133472800153,1.2156494086360898,72.90040541164836,5,22,3.372443445163586,1.9838761544280687,4.162787419492519,2.1789112650644498,-0.6747860827784834,1.0115567754248007,8.560357801003482,13.038382746716444,5267.843,4.0,0.0557417318276825,0.1973430373572889,0.18991900602257472,0.16162152724003148
B0041,18,0.8931124136187014,1.2156494086360898,73.46792646580053,4,22,3.3616482008091766,1.9788346452939312,4.187165554713402,2.2083309094194705,-0.6895848665473618,1.0167179389820475,8.764133478033603,13.71449439237538,5229.688,4.0,0.0557417318276825,0.1973430373572889,0.18991900602257472,0.16162152724003148
B0041,19,0.880898507091054,1.2156494086360898,72.46320368628213,3,22,3.355787384613788,1.981400280220432,4.187045396695641,2.205645116475209,-0.6897175362541831,1.0092383149208406,8.765404824218605,14.575589138075149,5206.954,4.0,0.0557417318276825,0.1973430373572889,0.18991900602257472,0.16162152724003148
B0041,20,0.8798879382023741,1.2156494086360898,72.3800737245102,2,22,3.3727607964555295,1.9709138772975625,4.186293612544601,2.2153797352470384,-0.6799724655286791,1.009966218358327,8.755093905294753,13.067203225526349,5179.062,4.0,0.0557417318276825,0.1973430373572889,0.18991900602257472,0.16162152724003148
B0041,21,0.8682347537115443,1.2156494086360898,71.42147625322906,1,22,3.3509928631825083,1.963309434324626,4.187093036345873,2.223783602021247,-0.6917951426190971,1.0090929337978087,8.893802155578395,14.838581695723231,5144.109,4.0,0.0557417318276825,0.1973430373572889,0.18991900602257472,0.16162152724003148
B0041,22,0.8443569490395516,1.2156494086360898,69.45727469130154,0,22,3.3532732844068915,1.969632856814267,4.16227646506248,2.1926436082482135,-0.6809063812932633,1.0114348379697002,8.81827276383748,14.14400886283852,5142.891,4.0,0.0571892565609036,0.1941291883123657,0.18325301778946018,0.16285246156040728
B0041,23,0.8657093203148538,1.2156494086360898,71.21373269009732,0,22,3.3628002392609977,1.9745500537070804,4.186536627382842,2.2119865736757616,-0.68532451408367,1.0109225916210234,8.817889726396931,13.627764711730384,5109.734,4.0,0.0571892565609036,0.1941291883123657,0.18325301778946018,0.16285246156040728
B0041,24,0.848696904019178,1.2156494086360898,69.81428181430879,0,22,3.3571560938046225,1.9757714925691647,4.186463574636571,2.210692082067406,-0.6877787777947552,1.008247978169289,8.813349159884925,13.996072333026769,5078.937,4.0,0.0571892565609036,0.1941291883123657,0.18325301778946018,0.16285246156040728
B0041,25,0.8364948433646345,1.2156494086360898,68.81053348293472,0,22,3.353212474513757,1.9845398354520496,4.186593388980786,2.202053553528736,-0.6879305049076954,1.0087841111125984,8.798028132789177,14.227945473001952,5051.672,4.0,0.0571892565609036,0.1941291883123657,0.18325301778946018,0.16285246156040728
B0027,1,1.8233077742149364,1.8233077742149364,100.0,287,288,3.415635388206693,2.4407952016086623,4.201942981365258,1.761147779756596,-1.048298128077691,3.9783143078898098,33.531461449042084,42.07194057268294,6515.422000000006,24.0,0.0854833449623134,0.1095147580064967,0.19458786898595878,0.10971758802731436
B0027,2,1.814238465116796,1.8233077742149364,99.50259033464356,286,288,3.405140913759623,2.4193060956450503,4.206957767652323,1.7876516720072728,-1.049212058679183,3.976892542613384,33.768115475386416,42.526459613766654,6516.219,24.0,0.0854833449623134,0.1095147580064967,0.19458786898595878,0.10971758802731436
B0027,3,1.812859679313087,1.8233077742149364,99.42697030914881,285,288,3.425659661801085,2.4982363525248754,4.206087528624208,1.7078511760993322,-1.0465273412198817,3.97684768172696,34.0575363030056,42.65704114936764,6489.5,24.0,0.0854833449623134,0.1095147580064967,0.19458786898595878,0.10971758802731436
B0027,4,1.814424244673997,1.8233077742149364,99.51277948426649,284,288,3.4201699208239194,2.47983581845354,4.206597549468143,1.7267617310146033,-1.050325186760964,3.977001193359909,34.34311925332076,43.07456793109374,6471.25,24.0,0.0854833449623134,0.1095147580064967,0.19458786898595878,0.10971758802731436
B0027,5,1.812800333853042,1.8233077742149364,99.4237154850931,283,288,3.4180604683404985,2.4669313816061296,4.206708529635488,1.7397771480293587,-1.0497801003401392,3.975861081535826,34.3900563067441,43.12836631992577,6466.672,24.0,0.0854833449623134,0.1095147580064967,0.19458786898595878,0.10971758802731436
B0027,6,1.7946038703195293,1.8233077742149364,98.42572360512388,282,288,3.3978401981445576,2.492471012096456,4.182675464297748,1.6902044522012925,-1.0476986183510903,3.976047513456661,34.16207101391941,42.9279467397339,6410.672,24.0,0.1072214354338359,0.1278196252750458,0.15085726219064766,0.13048759143425662
B0027,7,1.816519171293833,1.8233077742149364,99.62767652191762,281,288,3.3984422668226393,2.4232193266263646,4.202445131277022,1.7792258046506575,-1.057277544603645,3.976869439992001,33.65117316898919,42.34490965860999,6474.156,24.0,0.1027691804948317,0.1241743696081986,0.15311161027235232,0.12578707240248552
B0027,8,1.819833556519024,1.8233077742149364,99.80945522500126,280,288,3.411384397730043,2.4791120561344835,4.207150334625055,1.7280382784905717,-1.0548269593999815,3.9771945719805046,33.993154419553875,42.50145921854708,6460.75,24.0,0.1027691804948317,0.1241743696081986,0.15311161027235232,0.12578707240248552
B0027,9,1.816980986440728,1.8233077742149364,99.65300494718,279,288,3.40775629545449,2.428102703648056,4.206634870908589,1.7785321672605332,-1.0553776405080413,3.9769324995805095,34.121102900157744,42.75456095698592,6448.907,24.0,0.1027691804948317,0.1241743696081986,0.15311161027235232,0.12578707240248552
B0027,10,1.8047602710768988,1.8233077742149364,98.98275522101453,278,288,3.4031041806987625,2.4202095510772232,4.206620391551443,1.7864108404742196,-1.0554671306178591,3.9758459422284784,34.521504581092735,43.20868549225104,6447.125,24.0,0.1027691804948317,0.1241743696081986,0.15311161027235232,0.12578707240248552
B0027,11,1.802177888140868,1.8233077742149364,98.84112345853589,277,288,3.38665218439762,2.3998890148152445,4.194991220811618,1.7951022059963733,-1.0556702942579712,3.9761066659419098,33.91883669839733,42.59572185384836,6431.219,24.0,0.1038115798890318,0.1231616900552123,0.15844016927505017,0.12338191331157217
B0027,12,1.810054375611175,1.8233077742149364,99.27311237350108,276,288,3.414036913012559,2.483742346997907,4.2023598960429815,1.7186175490450744,-1.0529574586448567,3.97580379555999,34.20379110985749,42.63365730314649,6442.203,24.0,0.0998035553382258,0.1205651600821901,0.16906638457130022,0.12289572640423235
B0027,13,1.8191618703574552,1.8233077742149364,99.77261634507832,275,288,3.3945090590148355,2.382935984422233,4.206738745019596,1.823802760597363,-1.0601013419063348,3.976485689239373,34.48622307207775,42.89197473994752,6427.079,24.0,0.0998035553382258,0.1205651600821901,0.16906638457130022,0.12289572640423235
B0027,14,1.806344581230731,1.8233077742149364,99.06964730671929,274,288,3.4204049256076163,2.4903839742860163,4.205268152663341,1.7148841783773245,-1.0537206430621189,3.976936142536244,34.40141739485764,42.73670303920533,6417.156,24.0,0.0998035553382258,0.1205651600821901,0.16906638457130022,0.12289572640423235
B0027,15,1.8120006378747944,1.8233077742149364,99.37985585867364,273,288,3.401908039296132,2.39789040439265,4.205946910651655,1.8080565062590055,-1.0609023642037643,3.978429203873616,34.3150259504104,42.71819238433457,6398.907,24.0,0.0998035553382258,0.1205651600821901,0.16906638457130022,0.12289572640423235
B0027,16,1.809238569578753,1.8233077742149364,99.22836918510693,272,288,3.407597938928066,2.41937557251393,4.205053312485709,1.7856777399717787,-1.061328199408463,3.9781812521692537,34.450526992415796,42.87852551010068,6384.75,24.0,0.0998035553382258,0.1205651600821901,0.16906638457130022,0.12289572640423235
B0027,17,1.7820717716005336,1.8233077742149364,97.7383959418394,271,288,3.3774091842080276,2.444119634453687,4.181855642136106,1.7377360076824186,-1.061988907424718,3.976050497666082,34.74150404461673,42.99196482622249,6284.063,24.0,0.099506803416659,0.1197168984297459,0.16510939190444412,0.12117765911887567
B0027,18,1.8145504562341048,1.8233077742149364,99.51970160470565,270,288,3.3771878224396685,2.395925863485738,4.20282058770571,1.8068947242199718,-1.0662806393885873,3.975790795970914,34.663008920131865,42.920147884014575,6370.937000000005,24.0,0.1001854567709701,0.1193863162247807,0.171896883660935,0.12072292899992859
B0027,19,1.809153485164282,1.8233077742149364,99.22370269842409,269,288,3.390746744780089,2.408349641748691,4.206436642050531,1.79808700030184,-1.0653782286766844,3.978211822678376,34.47643463041281,42.77821015998406,6359.812,24.0,0.1001854567709701,0.1193863162247807,0.171896883660935,0.12072292899992859
B0027,20,1.806555150809371,1.8233077742149364,99.08119607438307,268,288,3.3939882666698242,2.399239705167686,4.20638281753962,1.8071431123719335,-1.0657949875596555,3.975995723123535,34.45771838499012,42.71393681070588,6346.156,24.0,0.1001854567709701,0.1193863162247807,0.171896883660935,0.12072292899992859
B0027,21,1.802401655959492,1.8233077742149364,98.85339608863094,267,288,3.3952705696224297,2.378335964879865,4.205465867894676,1.8271299030148112,-1.0664883306260853,3.9770352078730906,34.276431502022604,42.66066961608101,6328.172,24.0,0.1001854567709701,0.1193863162247807,0.171896883660935,0.12072292899992859
B0027,22,1.7964331683322998,1.8233077742149364,98.52605214200834,266,288,3.4104656511949063,2.437999478526856,4.206584936190674,1.7685854576638178,-1.0632318841030186,3.9760554400518497,34.35292925698558,42.64239690775237,6326.062,24.0,0.1001854567709701,0.1193863162247807,0.171896883660935,0.12072292899992859
B0027,23,1.8088036930508289,1.8233077742149364,99.20451821852443,265,288,3.4006414041604756,2.484818012933219,4.202786069304105,1.7179680563708861,-1.0590432103446814,3.9743844585266417,33.64812848797218,41.86831727976231,6352.843,24.0,0.0975561228144068,0.11844508949428,0.17562174104527775,0.11997289763427772
B0027,24,1.7915527748749651,1.8233077742149364,98.25838512899206,264,288,3.403879368199544,2.456168013420922,4.206301818692852,1.75013380527193,-1.0635509942186294,3.975516779186955,33.75077258934032,41.97207960495628,6309.172000000006,24.0,0.0975561228144068,0.11844508949428,0.17562174104527775,0.11997289763427772
B0027,25,1.7853375192239571,1.8233077742149364,97.9175070973781,263,288,3.4141854712687336,2.4697995830050976,4.205750597989692,1.735951014984594,-1.0638261484808667,3.9768226550322394,33.72038549007088,41.92250461031742,6284.297,24.0,0.0975561228144068,0.11844508949428,0.17562174104527775,0.11997289763427772
B0027,26,1.793209210325309,1.8233077742149364,98.34923295368567,262,288,3.4230599701504794,2.491582666091738,4.20589200120434,1.7143093351126022,-1.0651012851496238,3.9771390967306823,33.812030459081335,42.14300769699952,6265.969,24.0,0.0975561228144068,0.11844508949428,0.17562174104527775,0.11997289763427772
B0027,27,1.7873097711102113,1.8233077742149364,98.0256759931699,261,288,3.4023930606429906,2.394485973926669,4.205560793070628,1.811074819143959,-1.0684596107286113,3.9746886011207567,33.79680193008211,42.43039551713637,6266.641,24.0,0.0975561228144068,0.11844508949428,0.17562174104527775,0.11997289763427772
B0027,28,1.7700926253324452,1.8233077742149364,97.08139516350145,260,288,3.3633791712406205,2.4249816079125552,4.186200185347402,1.7612185774348466,-1.0694140697591354,3.973177131970501,33.92036482801563,42.033372446715575,6198.75,24.0,0.0999652631237503,0.119612265698934,0.17281542555969814,0.12491653380675316
B0044,1,1.686525555152074,1.686525555152074,100.0,74,75,3.439679725636751,2.6909422904080547,4.181787286734685,1.4908449963266301,-1.8098343456068096,1.9964791277692224,32.08333169533252,37.78004007704112,3360.922,22.0,0.0802491304054117,0.1445925073678542,0.18924315489762264,0.13401067161817987
B0044,2,1.6624606531639186,1.686525555152074,98.573107776835,73,75,3.452824239327816,2.685251535316881,4.183923616071334,1.4986720807544525,-1.8219328456366495,1.996937518623866,31.44294016626267,37.37920163006831,3289.406,22.0,0.0802491304054117,0.1445925073678542,0.18924315489762264,0.13401067161817987
B0044,3,1.6534010755700512,1.686525555152074,98.03593372891193,72,75,3.4521568195939896,2.6435613323767395,4.183717457974608,1.5401561255978686,-1.8359320421754788,1.997287749488606,31.149900898073525,37.15907806475986,3244.797,22.0,0.0802491304054117,0.1445925073678542,0.18924315489762264,0.13401067161817987
B0044,4,1.6452145903490936,1.686525555152074,97.55052838204664,71,75,3.4552256770525456,2.6433677125804977,4.183480576276661,1.5401128636961636,-1.8454888344252118,1.9967295286630409,31.12954746264574,37.12091726941865,3211.438,22.0,0.0802491304054117,0.1445925073678542,0.18924315489762264,0.13401067161817987
B0044,5,1.635664062367341,1.686525555152074,96.9842441681741,70,75,3.463672030116032,2.684789036307898,4.181986298076157,1.497197261768259,-1.8546992944071559,1.9979913128709892,31.513994261671055,37.70825289621454,3175.594,22.0,0.0802491304054117,0.1445925073678542,0.18924315489762264,0.13401067161817987
B0044,6,1.6267769765146465,1.686525555152074,96.45729775899898,69,75,3.4680330762776053,2.6725301429926103,4.183320051971667,1.5107899089790569,-1.8756028913091127,1.9967897857151824,31.634787338016164,37.649599494653536,3121.672,22.0,0.0768616167394947,0.1223032998649249,0.21154794585554942,0.11772247173619775
B0044,7,1.6159715504743064,1.686525555152074,95.81660624932508,68,75,3.46794063161749,2.69384241497005,4.183385673000076,1.4895432580300256,-1.8740941775158022,1.9971940723453785,31.273656122735403,37.14337821498799,3102.937,22.0,0.0768616167394947,0.1223032998649249,0.21154794585554942,0.11772247173619775
B0044,8,1.6076028386649623,1.686525555152074,95.32039605056592,67,75,3.4651033311991837,2.6763379244951917,4.183075069105795,1.5067371446106037,-1.87297275010726,1.9966888809490444,31.0513882525287,37.11952925248905,3089.437,22.0,0.0768616167394947,0.1223032998649249,0.21154794585554942,0.11772247173619775
B0044,9,1.6003360401431612,1.686525555152074,94.88952214535871,66,75,3.463878052026492,2.667857305000976,4.18316470580942,1.5153074008084442,-1.871931466677304,1.9967525939808977,30.825315603911406,36.8278472964388,3077.75,22.0,0.0768616167394947,0.1223032998649249,0.21154794585554942,0.11772247173619775
B0044,10,1.5978700914991917,1.686525555152074,94.7433074238304,65,75,3.4618790737027214,2.651692148341609,4.1809489315384525,1.5292567831968435,-1.8711336666924587,1.997645249612211,30.772306222074594,37.07362320866197,3074.875,22.0,0.0783938699950047,0.120028310566348,0.20981927127893543,0.1174246320549565
B0044,11,1.5900310265163515,1.686525555152074,94.27850183823503,64,75,3.4619567664351507,2.638384304971687,4.183395298117799,1.545010993146112,-1.869887873532527,1.9974850325068685,30.77793162980491,37.27343452416563,3061.891,22.0,0.0783938699950047,0.120028310566348,0.20981927127893543,0.1174246320549565
B0044,12,1.5816311155652092,1.686525555152074,93.78044173321723,63,75,3.4608461967292694,2.633572972853497,4.18312292936732,1.549549956513823,-1.862461079658612,1.997253452430168,30.734077377574607,36.92555325153096,3058.469,22.0,0.0783938699950047,0.120028310566348,0.20981927127893543,0.1174246320549565
B0044,13,1.5714556311034702,1.686525555152074,93.17710166341192,62,75,3.462773986667914,2.670554577314724,4.183401469736752,1.5128468924220275,-1.8611231730261666,1.9973962391444864,30.711931701692418,36.82542072716141,3040.75,22.0,0.0783938699950047,0.120028310566348,0.20981927127893543,0.1174246320549565
B0044,14,1.563220798569978,1.686525555152074,92.68882963525698,61,75,3.46142516586872,2.662418584963947,4.182608034549464,1.520189449585517,-1.8534672146493336,1.9986091240587895,30.692223526355477,36.86402084995953,3037.641,22.0,0.0783938699950047,0.120028310566348,0.20981927127893543,0.1174246320549565
B0044,15,1.5606775388245586,1.686525555152074,92.53803086807258,60,75,3.459888006806987,2.656737093913297,4.180665797789407,1.5239287038761105,-1.8464485055279791,1.9964580129835687,30.656716513936473,36.85447944747772,3044.828,22.0,0.0750323805265269,0.126579917936989,0.20950687178815158,0.11976805848031404
B0044,16,1.5523886011314287,1.686525555152074,92.04655075573106,59,75,3.459225464203645,2.645608837998441,4.183243082901965,1.5376342449035243,-1.8450475324556972,1.998262725597201,30.677651249958302,37.00807199261186,3030.25,22.0,0.0750323805265269,0.126579917936989,0.20950687178815158,0.11976805848031404
B0044,17,1.5444592876561969,1.686525555152074,91.57639402131284,58,75,3.459378780567444,2.657434360611611,4.182596378873874,1.5251620182622627,-1.8438251021984409,1.997119290009149,30.670401222972917,36.85691194751145,3017.578,22.0,0.0750323805265269,0.126579917936989,0.20950687178815158,0.11976805848031404
B0044,18,1.536558134180655,1.686525555152074,91.10790699178605,57,75,3.4594746923592585,2.6700448196473143,4.182792894198413,1.5127480745510988,-1.8359182150531628,1.99785698826369,30.695903900430444,36.933977837728406,3015.0,22.0,0.0750323805265269,0.126579917936989,0.20950687178815158,0.11976805848031404
B0044,19,1.5307255867941072,1.686525555152074,90.76207485371201,56,75,3.457758884701852,2.6538669632174807,4.183044202315208,1.5291772390977272,-1.837930189329905,1.997575789473797,30.693601629277207,36.96952216360131,2999.454,22.0,0.0750323805265269,0.126579917936989,0.20950687178815158,0.11976805848031404
B0044,20,1.545242808242328,1.686525555152074,91.62285169779082,55,75,3.4604365465272604,2.679338771098678,4.17495739021519,1.4956186191165122,-1.822406275328598,1.996154584194868,31.3317805416781,37.880341936530016,3054.859,22.0,0.0759165015493674,0.1254534625171989,0.20994438248986091,0.11726556346943963
B0044,21,1.5397144491816253,1.686525555152074,91.29505594967337,54,75,3.4673706320595796,2.6880235920055937,4.1804104728622375,1.4923868808566438,-1.8277755287188366,1.9969183804123916,32.003093392777586,38.4338113726962,3034.875,22.0,0.0775276445060415,0.1194606932723981,0.21393494980351158,0.11405243114962967
B0044,22,1.5305357077773765,1.686525555152074,90.75081626257173,53,75,3.4682443755783012,2.687370056924405,4.183012088063382,1.4956420311389773,-1.8199294716775476,1.9973605086578847,32.229129548420126,38.62527616952544,3030.0,22.0,0.0775276445060415,0.1194606932723981,0.21393494980351158,0.11405243114962967
B0044,23,1.5199735224097084,1.686525555152074,90.12454734328958,52,75,3.4662944691430644,2.6893554366992016,4.183156295632244,1.4938008589330427,-1.8182280699458226,1.9964576467808028,32.11597218782518,38.54196067361033,3011.781,22.0,0.0775276445060415,0.1194606932723981,0.21393494980351158,0.11405243114962967
B0044,24,1.5136629526844203,1.686525555152074,89.75037158852498,51,75,3.4597034229251418,2.633690741780774,4.182731552192122,1.549040810411348,-1.82344115362652,1.9975793253781036,31.969087731359647,38.50117611497123,2990.25,22.0,0.0775276445060415,0.1194606932723981,0.21393494980351158,0.11405243114962967
B0044,25,1.501287000699295,1.686525555152074,89.01655810154173,50,75,3.4622130413589143,2.689158212130464,4.182713459240956,1.4935552471104923,-1.814801427898659,1.9961193009923857,31.87470050843518,38.43383998472231,2980.234,22.0,0.0775276445060415,0.1194606932723981,0.21393494980351158,0.11405243114962967
B0044,26,1.5023814734911674,1.686525555152074,89.08145322207689,49,75,3.4628505734955555,2.682936321683332,4.180340134562246,1.4974038128789138,-1.8075840969590578,1.9962084053853808,32.24329057966032,38.70474156110448,2994.844,22.0,0.07727130580941,0.121076014639354,0.21332261454638268,0.11637609948776068
B0044,27,1.4980955154277502,1.686525555152074,88.82732377527876,48,75,3.4628624711973686,2.6587209985414955,4.182573946557156,1.5238529480156604,-1.8065211847034746,1.9967029680268844,32.62193857776337,39.13185799913766,2987.672,22.0,0.07727130580941,0.121076014639354,0.21332261454638268,0.11637609948776068
B0044,28,1.4906542391377111,1.686525555152074,88.38610447283136,47,75,3.4614145860859864,2.660938360343116,4.182900962902353,1.5219626025592365,-1.8052430334885246,1.997103683848464,32.534721843990155,39.06117424677476,2975.1100000000006,22.0,0.07727130580941,0.121076014639354,0.21332261454638268,0.11637609948776068
B0044,29,1.484397163943621,1.686525555152074,88.01510059595707,46,75,3.4567536825256298,2.6382065057381183,4.182966025381988,1.5447595196438693,-1.8105860657133828,1.997186957551534,32.315090431633784,38.900911326239694,2953.219,22.0,0.07727130580941,0.121076014639354,0.21332261454638268,0.11637609948776068
B0044,30,1.4725321936230114,1.686525555152074,87.31158499938847,45,75,3.457596686753219,2.6803751950872314,4.183016347451806,1.5026411523645749,-1.7950692987909964,1.9960209799250943,32.11227103017126,38.637548513661336,2955.484,22.0,0.07727130580941,0.121076014639354,0.21332261454638268,0.11637609948776068
B0044,31,1.4663149382113208,1.686525555152074,86.94294217671093,44,75,3.456382425532515,2.695456060678521,4.1793816650979885,1.4839256044194675,-1.786985657468036,1.9968995033172356,31.74433650446741,38.14612160171512,2957.016,22.0,0.0791364589644549,0.1190942313307892,0.21179621842977417,0.1171125676713634
B0044,32,1.4671298468877776,1.686525555152074,86.99126096286673,43,75,3.4558985436662764,2.658317830680757,4.183025078755878,1.5247072480751211,-1.7928445896165708,1.9963246097670304,32.11351047936838,38.41020545726171,2948.219,22.0,0.0791364589644549,0.1190942313307892,0.21179621842977417,0.1171125676713634
B0044,33,1.4593858997633138,1.686525555152074,86.53209524783756,42,75,3.4536993651226653,2.650498351064384,4.182295217506064,1.5317968664416797,-1.7913668174036652,1.997150820770342,32.04801967333395,38.342879393411714,2935.5,22.0,0.0791364589644549,0.1190942313307892,0.21179621842977417,0.1171125676713634
B0044,34,1.4467901368505207,1.686525555152074,85.7852484020062,41,75,3.452694653937275,2.688935729076874,4.182630774542257,1.4936950454653828,-1.7891101484216256,1.9973020414669824,31.708021910539802,37.97725957749192,2913.797000000006,22.0,0.0791364589644549,0.1190942313307892,0.21179621842977417,0.1171125676713634
B0044,35,1.4390669859638228,1.686525555152074,85.32731576866395,40,75,3.44942355838508,2.687761244178016,4.182872685249836,1.49511144107182,-1.7876594976231701,1.997028487870564,31.467203186429348,37.79705513935421,2900.703,22.0,0.0791364589644549,0.1190942313307892,0.21179621842977417,0.1171125676713634
B0044,36,1.4389892550462602,1.686525555152074,85.32270683064192,39,75,3.4464363236508913,2.668468130193828,4.179973909655392,1.5115057794615643,-1.7797845626759963,1.996553527240556,31.560453436032944,37.93561044482721,2914.031,22.0,0.0777204814999557,0.1256969602403172,0.20936029013206742,0.11910317494192725
B0044,37,1.4386198779578576,1.686525555152074,85.30080517090875,38,75,3.447035324752623,2.642056455668292,4.182978380469111,1.5409219248008186,-1.786101275708508,1.9982510496408243,31.887709097598353,38.32554543437737,2901.968,22.0,0.0777204814999557,0.1256969602403172,0.20936029013206742,0.11910317494192725
B0044,38,1.4313412096653504,1.686525555152074,84.86922746547333,37,75,3.4510808838042264,2.6780728769094244,4.183054454837302,1.504981577927878,-1.7774334664210216,1.9967399870670337,32.164811812502585,38.55610999749079,2901.734,22.0,0.0777204814999557,0.1256969602403172,0.20936029013206742,0.11910317494192725
B0044,39,1.422973037663468,1.686525555152074,84.37304927378693,36,75,3.450413161794029,2.6917750634373303,4.18231054917298,1.4905354857356499,-1.7758066384425826,1.99737913916284,32.13295425226488,38.62165239845955,2887.407,22.0,0.0777204814999557,0.1256969602403172,0.20936029013206742,0.11910317494192725
B0044,40,1.4150153099745095,1.686525555152074,83.90120776123773,35,75,3.4446894399022403,2.68001440979752,4.182416637290177,1.5024022274926572,-1.78107743904082,1.99678550219575,31.751336888270355,38.18800348171553,2861.937,22.0,0.0777204814999557,0.1256969602403172,0.20936029013206742,0.11910317494192725
B0044,41,1.4779954511171076,1.686525555152074,87.63552064788232,34,75,3.438530012225991,2.6987042664288663,4.132709552803766,1.4340052863748993,-0.948665522461736,0.9996908932907372,7.831586108538486,10.171915363933092,5608.781,4.0,0.0861128905186487,0.231556384626028,0.15726669855962894,0.19968653185478752
B0044,42,1.494119871447679,1.686525555152074,88.5915939360287,33,75,3.4576572257357188,2.6902025456609366,4.15897226684506,1.4687697211841235,-0.9429836446189774,1.002764391386482,7.730546352316417,10.296016892383854,5703.296,4.0,0.0846546520054471,0.2043531381988625,0.004282691077905035,0.17841271600238368
B0044,43,1.488007820113173,1.686525555152074,88.22918903111429,32,75,3.4553887210557868,2.682194069736634,4.173670999223567,1.4914769294869332,-0.9448444362873196,1.001809989064009,7.787963683864436,10.396418259744522,5668.032,4.0,0.0846546520054471,0.2043531381988625,0.004282691077905035,0.17841271600238368
B0044,44,1.4748338592717107,1.686525555152074,87.44805880742939,31,75,3.453365325098602,2.698791325109984,4.173428084270444,1.47463675916046,-0.9421563938919909,1.0010193795008968,7.849823078169805,10.675119900160505,5634.047,4.0,0.0846546520054471,0.2043531381988625,0.004282691077905035,0.17841271600238368
B0044,45,1.4604378044785566,1.686525555152074,86.59446635819693,30,75,3.4533767517944844,2.6972261726105518,4.17295985340472,1.4757336807941681,-0.9414963206117185,1.0008333686989588,7.863220580243154,10.562265269293302,5582.375,4.0,0.0846546520054471,0.2043531381988625,0.004282691077905035,0.17841271600238368
B0044,46,1.452380841576719,1.686525555152074,86.11674084272964,29,75,3.4460660596643384,2.6816548421625512,4.172771279792943,1.4911164376303914,-0.9389221140572902,1.0006757296253446,7.930106785779635,10.76625471358321,5567.329,4.0,0.0846546520054471,0.2043531381988625,0.004282691077905035,0.17841271600238368
B0044,47,1.441102888364986,1.686525555152074,85.44803154406053,28,75,3.4382387035909514,2.6758389635879234,4.15544388290786,1.4796049193199363,-0.9382244730141405,1.001584094423824,7.888437545923743,10.911129725577434,5528.453,4.0,0.0845136629594813,0.2027478547713615,0.001984681824485718,0.17778393758158195
B0044,48,1.4300355978410688,1.686525555152074,84.79181317309613,27,75,3.4385248959075603,2.6766750362925413,4.172195811279475,1.4955207749869337,-0.9336418704048167,1.0011109661354312,7.818043363205418,10.81913572086399,5513.39,4.0,0.0845136629594813,0.2027478547713615,0.001984681824485718,0.17778393758158195
B0044,49,1.413943296719903,1.686525555152074,83.83764434523543,26,75,3.4365202293034374,2.695622084623807,4.171402160517197,1.4757800758933906,-0.9277519140513346,1.0013667929909769,7.830974235734798,11.006306031992889,5486.187,4.0,0.0845136629594813,0.2027478547713615,0.001984681824485718,0.17778393758158195
B0044,50,1.3972667497450315,1.686525555152074,82.8488335368888,25,75,3.4352027430527405,2.6908429071948605,4.170188354997629,1.4793454478027686,-0.9210832456029233,1.0031105310166462,7.878562179371438,10.614675024239112,5461.922,4.0,0.0845136629594813,0.2027478547713615,0.001984681824485718,0.17778393758158195
B0044,51,1.3865375876825874,1.686525555152074,82.2126639852524,24,75,3.4334546922415696,2.6963132256039875,4.170349799747877,1.4740365741438892,-0.9181073344708772,1.0004034898094731,7.960251571512366,10.78731375840829,5438.157,4.0,0.0845136629594813,0.2027478547713615,0.001984681824485718,0.17778393758158195
B0044,52,1.3724753685724698,1.686525555152074,81.37886582149736,23,75,3.425091148228222,2.688965230347589,4.152127517238579,1.4631622868909901,-0.9147769465297864,0.9998017351246392,7.825815360855775,10.646148713943534,5402.875,4.0,0.0848874721210119,0.2077787098651387,0.02473695887126351,0.18225944800447258
B0044,53,1.3598593948812812,1.686525555152074,80.63082060791321,22,75,3.43285332747351,2.697702269918439,4.169872871486082,1.472170601567643,-0.9097059602545033,1.001001283053754,7.871717073752719,10.149343674038578,5384.438,4.0,0.0848874721210119,0.2077787098651387,0.02473695887126351,0.18225944800447258
B0044,54,1.3486733410392264,1.686525555152074,79.96756034435639,21,75,3.4316708520467616,2.6908621173584564,4.17029400170211,1.4794318843436534,-0.9089147628345589,1.000535766089263,7.872850841533409,10.269672545542075,5344.859,4.0,0.0848874721210119,0.2077787098651387,0.02473695887126351,0.18225944800447258
B0044,55,1.3334258933205057,1.686525555152074,79.06348583020852,20,75,3.4305423593747584,2.6956578221948044,4.16968317987712,1.474025357682316,-0.9053632291923375,1.000130333451389,7.787673589037049,10.511836729394169,5305.156,4.0,0.0848874721210119,0.2077787098651387,0.02473695887126351,0.18225944800447258
B0044,56,1.3387793081075827,1.686525555152074,79.38090852034941,19,75,3.4188541266416608,2.683891843696469,4.170671249766948,1.4867794060704789,-0.9122769052973728,1.0006996840010498,7.997910807563725,11.2498423901219,5284.547,4.0,0.0848874721210119,0.2077787098651387,0.02473695887126351,0.18225944800447258
B0044,57,1.3153320403016997,1.686525555152074,77.9906379884707,18,75,3.42241373548389,2.6861736439095387,4.149844268077626,1.463670624168087,-0.8993675928683105,1.0012478773196167,7.881896352735887,10.478668312226782,5267.843,4.0,0.086289455343448,0.2176103583287245,0.07280808747659903,0.19082722822764892
B0044,58,1.322963328110081,1.686525555152074,78.44312373854243,17,75,3.4160977003080477,2.6915218489806785,4.170207896534634,1.4786860475539552,-0.9110321130421604,1.0000486043905183,8.022448822976777,11.276068425006786,5229.688,4.0,0.086289455343448,0.2176103583287245,0.07280808747659903,0.19082722822764892
B0044,59,1.3086991524155074,1.686525555152074,77.59735086240671,16,75,3.415875051664848,2.698223036073629,4.169943833836458,1.4717207977628286,-0.9054157927585382,1.0000156861218927,7.977920186292173,11.18488048040138,5206.954,4.0,0.086289455343448,0.2176103583287245,0.07280808747659903,0.19082722822764892
B0044,60,1.2897499583900436,1.686525555152074,76.47378686021433,15,75,3.420770509924939,2.6884148666237397,4.168649657337103,1.4802347907133635,-0.8971488250209094,1.0003532671448447,8.016774436428086,10.572845919227095,5179.062,4.0,0.086289455343448,0.2176103583287245,0.07280808747659903,0.19082722822764892
B0044,61,1.2906172590904164,1.686525555152074,76.52521215274686,14,75,3.412152763562302,2.699098319484438,4.168865124534303,1.4697668050498653,-0.9036459257898942,1.0001270037964975,8.104364904391632,11.286420953867148,5144.109,4.0,0.086289455343448,0.2176103583287245,0.07280808747659903,0.19082722822764892
B0044,62,1.2752011253442166,1.686525555152074,75.61113565392917,13,75,3.411365387592042,2.692387025960113,4.14775004325363,1.4553630172935175,-0.893479421104461,1.000377670213083,8.021367388918382,10.532008688910055,5142.891,4.0,0.084693672840073,0.230488456454893,0.07836825233995628,0.18874626801463007
B0044,63,1.268607265737458,1.686525555152074,75.22016265108226,12,75,3.4151055404827564,2.684075358151804,4.16768084822256,1.4836054900707554,-0.8950327018530826,1.0013725571006211,8.012944452376887,10.49676940873906,5109.734,4.0,0.084693672840073,0.230488456454893,0.07836825233995628,0.18874626801463007
B0044,64,1.2565759973225976,1.686525555152074,74.50678665875847,11,75,3.4139726333379956,2.687825351809013,4.167944485512648,1.480119133703635,-0.8916525424860515,1.0005394687347553,7.944197776199544,10.219372011443095,5078.937,4.0,0.084693672840073,0.230488456454893,0.07836825233995628,0.18874626801463007
B0044,65,1.2486254509320869,1.686525555152074,74.03537095051598,10,75,3.410670178184504,2.6932435794466025,4.167775501643388,1.4745319221967854,-0.8905662435522527,1.0005198847037151,7.904886527570053,10.307592528834146,5051.672,4.0,0.084693672840073,0.230488456454893,0.07836825233995628,0.18874626801463007
B0036,1,1.001982588175331,1.001982588175331,100.0,246,247,3.3100621558905616,2.692363558999662,3.848136609578083,1.155773050578421,-1.9773749348609408,2.0038601695058262,24.89207373300309,25.25510878948548,1819.406,24.0,0.102986752659365,0.1308088982207626,0.20056996778007158,0.1305667418284615
B0036,2,1.8011007566288924,1.001982588175331,179.75369810655116,245,247,3.4631992414146664,2.685636595881031,4.176656530010924,1.4910199341298935,-1.9856445663953957,2.00280826348544,25.959062630105592,26.547068220384585,3260.531,24.0,0.102986752659365,0.1308088982207626,0.20056996778007158,0.1305667418284615
B0036,3,1.8044229856020628,1.001982588175331,180.08526364595045,244,247,3.4699576163352273,2.662489466857697,4.183288040976774,1.5207985741190773,-1.9861546605764795,2.004317840985689,25.802571879383937,26.495839445842005,3265.75,24.0,0.102986752659365,0.1308088982207626,0.20056996778007158,0.1305667418284615
B0036,4,1.804388833772829,1.001982588175331,180.08185522053103,243,247,3.4705857000702847,2.6573808763123017,4.184161485400415,1.5267806090881137,-1.987051011427963,2.006820885715504,25.60229945293067,26.383869073507284,3264.109,24.0,0.102986752659365,0.1308088982207626,0.20056996778007158,0.1305667418284615
B0036,5,1.7989248871784247,1.001982588175331,179.53654169324162,242,247,3.4698672359538234,2.663543957344219,4.18413822475754,1.5205942674133208,-1.9874522127800511,2.009500231963076,25.340807182068417,26.038513721787695,3253.531,24.0,0.102986752659365,0.1308088982207626,0.20056996778007158,0.1305667418284615
B0036,6,1.792996521672392,1.001982588175331,178.9448781677478,241,247,3.463667726287472,2.6678994227263173,4.184490871998835,1.5165914492725179,-1.9875372326723815,2.010118970470753,25.066700521969093,25.52893924273116,3242.578,24.0,0.102986752659365,0.1308088982207626,0.20056996778007158,0.1305667418284615
B0036,7,1.7885507985621891,1.001982588175331,178.50118551653128,240,247,3.4626756481952135,2.6568692251182435,4.18002707662199,1.523157851503746,-1.987391854073237,2.010514808331086,24.87901399238054,25.434898613415253,3234.625,24.0,0.1012609541587629,0.1291598306694328,0.201539321440873,0.13015016672649327
B0036,8,1.7890856930727703,1.001982588175331,178.5545691298688,239,247,3.466538555244564,2.682881821919537,4.184814968147981,1.5019331462284438,-1.9874986659392755,2.0087014787729163,24.962178834594535,25.49992828339642,3235.36,24.0,0.1012609541587629,0.1291598306694328,0.201539321440873,0.13015016672649327
B0036,9,1.7893137312833287,1.001982588175331,178.5773278297953,238,247,3.465990459572376,2.643495320901669,4.184936056128164,1.541440735226495,-1.9873121102019284,2.0083926934667744,24.97176766201835,25.538807420659257,3236.125,24.0,0.1012609541587629,0.1291598306694328,0.201539321440873,0.13015016672649327
B0036,10,1.7860759459480868,1.001982588175331,178.2541899456193,237,247,3.466849428071611,2.6529146015025358,4.185159966585472,1.532245365082936,-1.9871920484366135,2.0080365229044976,24.904899107239256,25.42021899627584,3230.25,24.0,0.1012609541587629,0.1291598306694328,0.201539321440873,0.13015016672649327
B0036,11,1.7836324249650817,1.001982588175331,178.0103213383359,236,247,3.467879751690846,2.664007043795248,4.185259470361049,1.521252426565801,-1.986994298783672,2.01068659468518,24.82894570331574,25.3761734466722,3226.078,24.0,0.1012609541587629,0.1291598306694328,0.201539321440873,0.13015016672649327
B0036,12,1.782972873807272,1.001982588175331,177.9444967256537,235,247,3.4680189335962623,2.652869862545629,4.180678430986266,1.5278085684406366,-1.9872186588415872,2.008652299030336,25.10525347823647,25.609167303887254,3224.5,24.0,0.1013931483466459,0.1263893482577175,0.20152549969277597,0.12714778216865202
B0036,13,1.7813775963259668,1.001982588175331,177.78528462954228,234,247,3.470195201959518,2.668361985066912,4.185452668161143,1.517090683094231,-1.986822691116423,2.0085875375423945,24.951154809529978,25.488141454729305,3222.188,24.0,0.1013931483466459,0.1263893482577175,0.20152549969277597,0.12714778216865202
B0036,14,1.7785359545932946,1.001982588175331,177.50168272206335,233,247,3.471307979909313,2.6856316852084854,4.185644073979811,1.5000123887713253,-1.9870379004309504,2.007649933368399,24.904434158959226,25.39250622395775,3216.546000000002,24.0,0.1013931483466459,0.1263893482577175,0.20152549969277597,0.12714778216865202
B0036,15,1.7759043090943398,1.001982588175331,177.23903888673013,232,247,3.4716713367418284,2.683085255855837,4.1855690457286165,1.5024837898727794,-1.9869312681166182,2.008607853673341,24.887170444449442,25.45190297763985,3211.859,24.0,0.1013931483466459,0.1263893482577175,0.20152549969277597,0.12714778216865202
B0036,16,1.7780426649905914,1.001982588175331,177.45245136729483,231,247,3.474226898019182,2.682117615527785,4.185513751822039,1.5033961362942536,-1.986804032971213,2.0086196509255365,25.527212929862493,26.00580839279124,3215.859,24.0,0.1013931483466459,0.1263893482577175,0.20152549969277597,0.12714778216865202
B0036,17,1.7830029333591657,1.001982588175331,177.94749673306384,230,247,3.4759464645675298,2.659668132739057,4.18175155698921,1.5220834242501526,-1.9866252110882103,2.0076953086780285,26.409994049975936,26.845307972510515,3225.125,24.0,0.1025167815502021,0.1254868623452591,0.20600643947609604,0.12617094282928165
B0036,18,1.7883000424613875,1.001982588175331,178.47615952269058,229,247,3.4817927176696424,2.6726649868851067,4.18601707914653,1.5133520922614232,-1.9868092429179043,2.008081368217133,27.24956363748299,27.81505202908745,3234.343,24.0,0.1025167815502021,0.1254868623452591,0.20600643947609604,0.12617094282928165
B0036,19,1.779294712578026,1.001982588175331,177.5774083877272,228,247,3.4752876993515778,2.650694350880205,4.185429868468947,1.5347355175887416,-1.9866026335678093,2.008162082198497,25.79213906476866,26.20275128566912,3218.25,24.0,0.1025167815502021,0.1254868623452591,0.20600643947609604,0.12617094282928165
B0036,20,1.7709235500451854,1.001982588175331,176.74194850732297,227,247,3.47360641557491,2.6668651734647586,4.183946382168659,1.5170812087039005,-1.9863244377080878,2.0075377155882173,25.237865068781456,25.704404765618435,3203.5,24.0,0.1025167815502021,0.1254868623452591,0.20600643947609604,0.12617094282928165
B0036,21,1.7659050180801104,1.001982588175331,176.24108831031953,226,247,3.474225056890293,2.699376305602087,4.184483195811819,1.4851068902097322,-1.9862809909576005,2.0083438501355797,24.99097283085835,25.46083879423276,3194.39,24.0,0.1025167815502021,0.1254868623452591,0.20600643947609604,0.12617094282928165
B0036,22,1.7826929241469245,1.001982588175331,177.9165571522867,225,247,3.476093760887936,2.627373237504619,4.166505229896513,1.5391319923918942,-1.9858147027956174,2.0057770721024144,32.80125252337081,37.62543555779899,3225.219,24.0,0.1022622571762007,0.1253183569242175,0.20509775740352196,0.12594429776461635
B0036,23,1.7964662072920203,1.001982588175331,179.29116019505793,224,247,3.478693083596387,2.6486517814110364,4.181691190398081,1.5330394089870447,-1.9840774818957672,2.004156260870839,31.56958368042232,36.14360152332376,3252.985,24.0,0.1025951411216539,0.1237198229831826,0.2079823215340003,0.12488302985724169
B0036,24,1.7909083533422898,1.001982588175331,178.73647451335844,223,247,3.4750535971066037,2.6240374089622858,4.184954917937507,1.560917508975221,-1.9825278870850223,2.0004115908491005,30.90999308530252,35.625609247013934,3245.25,24.0,0.1025951411216539,0.1237198229831826,0.2079823215340003,0.12488302985724169
B0036,25,1.78518002808874,1.001982588175331,178.16477543184232,222,247,3.473958373265381,2.626618792448541,4.186460975475055,1.5598421830265137,-1.982424743717115,2.0072075263014764,30.76520980990786,35.57170100720283,3235.031,24.0,0.1025951411216539,0.1237198229831826,0.2079823215340003,0.12488302985724169
B0036,26,1.7811343176546524,1.001982588175331,177.76100489911727,221,247,3.473907031933396,2.6336670386490053,4.186163586614144,1.5524965479651383,-1.9820980837755804,2.0011835530290827,30.827871356237775,35.70160875626844,3228.141,24.0,0.1025951411216539,0.1237198229831826,0.2079823215340003,0.12488302985724169
B0036,27,1.7755577789223569,1.001982588175331,177.2044544362544,220,247,3.4760652075601257,2.663548100827095,4.186271381082588,1.522723280255493,-1.9821566894712763,1.9997810779112133,31.04477819361822,35.94641088579465,3217.875,24.0,0.1025951411216539,0.1237198229831826,0.2079823215340003,0.12488302985724169
B0036,28,1.776885870616115,1.001982588175331,177.33700082073565,219,247,3.4762696586688855,2.645759955186599,4.182325498451744,1.5365655432651453,-1.9821407736423282,2.001353888897329,31.495558048290054,36.334410213773005,3220.219,24.0,0.1020481146391911,0.1239919497346756,0.20786419197238984,0.1256827366989176
B0036,29,1.7713083410378214,1.001982588175331,176.78035146932817,218,247,3.4773296157781552,2.682232775431839,4.185344353963488,1.5031115785316485,-1.9819851541329787,2.002938928489475,31.22858520243483,35.97981353599547,3210.234,24.0,0.1020481146391911,0.1239919497346756,0.20786419197238984,0.1256827366989176
B0036,30,1.7713348840874137,1.001982588175331,176.7830005223063,217,247,3.4741834201518116,2.636976729427503,4.186613141003604,1.5496364115761008,-1.981820086973132,2.0014781325623847,30.77808307184711,35.59540889841283,3210.546,24.0,0.1020481146391911,0.1239919497346756,0.20786419197238984,0.1256827366989176
B0036,31,1.766084286640505,1.001982588175331,176.25897969511107,216,247,3.4723504122251145,2.625473231549502,4.185053437368516,1.5595802058190142,-1.9817861525113654,2.0000787195640046,30.558421734854203,35.45428075393079,3200.969,24.0,0.1020481146391911,0.1239919497346756,0.20786419197238984,0.1256827366989176
B0036,32,1.7592793663412327,1.001982588175331,175.5798341311483,215,247,3.4751627339527484,2.6876812013759497,4.184793481944206,1.4971122805682566,-1.9817252941957082,1.9998831268277344,30.72558468538039,35.64366066127881,3188.625,24.0,0.1020481146391911,0.1239919497346756,0.20786419197238984,0.1256827366989176
B0036,33,1.7610368813762425,1.001982588175331,175.75523788124838,214,247,3.476326267904414,2.68500337747393,4.182513698980909,1.497510321506979,-1.9817660120442022,2.000169457336012,31.23295964013785,36.101132129359335,3191.735,24.0,0.1021270310722576,0.1232897893999445,0.21011345994495517,0.12499190408199932
B0036,34,1.760242767365706,1.001982588175331,175.67598360877818,213,247,3.475057563311369,2.6519664988321767,4.185287638546102,1.5333211397139253,-1.9816902385826145,2.00085802240166,31.072817634800376,35.918627450147724,3190.313,24.0,0.1021270310722576,0.1232897893999445,0.21011345994495517,0.12499190408199932
B0036,35,1.7555899416034395,1.001982588175331,175.21162167103836,212,247,3.472743253213143,2.6336440877825646,4.1849685069062055,1.5513244191236408,-1.981485223109768,2.001185036651928,30.6408857593701,35.53291026153138,3182.156,24.0,0.1021270310722576,0.1232897893999445,0.21011345994495517,0.12499190408199932
B0036,36,1.7545602176655593,1.001982588175331,175.10885302515248,211,247,3.4724597721649664,2.627746605322606,4.186322425483099,1.5585758201604931,-1.98155009393224,2.0031177298192384,30.615000516436165,35.58661163053266,3180.156,24.0,0.1021270310722576,0.1232897893999445,0.21011345994495517,0.12499190408199932
B0036,37,1.7499108336094895,1.001982588175331,174.6448345770339,210,247,3.4727100432360887,2.635679662070204,4.184832493551693,1.5491528314814889,-1.9813008900975513,2.00104997373674,30.62198587167864,35.60387176093939,3171.953,24.0,0.1021270310722576,0.1232897893999445,0.21011345994495517,0.12499190408199932
B0036,38,1.7610225525303758,1.001982588175331,175.7538078318607,209,247,3.4792060334218475,2.6450931525551966,4.182846104868844,1.5377529523136473,-1.9813367014782532,1.9993340625649576,32.233363947568954,37.150900989394586,3192.172,24.0,0.102312808475618,0.1227784604308282,0.21042807879659264,0.12383892089640634
B0036,39,1.7624094574337117,1.001982588175331,175.89222390013407,208,247,3.483370799287766,2.6704116794436663,4.185109686462477,1.5146980070188105,-1.9812253431229576,2.000008736535748,32.95844838713035,37.80882382148786,3194.735,24.0,0.102312808475618,0.1227784604308282,0.21042807879659264,0.12383892089640634
B0036,40,1.7536170397120676,1.001982588175331,175.01472185315185,207,247,3.481411230676488,2.6837393111584085,4.184971879756314,1.5012325685979055,-1.9811725960467894,1.999145364864924,32.33796562819801,36.91705917872692,3178.75,24.0,0.102312808475618,0.1227784604308282,0.21042807879659264,0.12383892089640634
B0036,41,1.746204477519168,1.001982588175331,174.27493233181912,206,247,3.4750001030504976,2.654784886935533,4.184935582810448,1.5301506958749154,-1.981126497626356,2.0009460733693505,31.201004004004968,36.08766208839117,3165.359,24.0,0.102312808475618,0.1227784604308282,0.21042807879659264,0.12383892089640634
B0036,42,1.7406176172769725,1.001982588175331,173.71735176024757,205,247,3.4729861560107773,2.650821200008131,4.184405459993748,1.5335842599856169,-1.981010008821274,2.000441618004775,30.844212128034435,35.833124475553674,3155.25,24.0,0.102312808475618,0.1227784604308282,0.21042807879659264,0.12383892089640634
B0036,43,1.750690404425682,1.001982588175331,174.72263740768108,204,247,3.4793522768122993,2.676194561155316,4.173893175797129,1.4976986146418132,-1.9808915610510243,1.9997650450659448,32.19294879984907,37.01706025174733,3173.766,24.0,0.1018814962807889,0.1240098116051723,0.20728373268818195,0.12589246468591436
B0036,44,1.765112055153915,1.001982588175331,176.16194891852237,203,247,3.486359894946784,2.679442027657799,4.18216296627966,1.5027209386218607,-1.9811169585618567,2.00201926010616,33.061467350604964,37.72356956982813,3199.485,24.0,0.1027164415837004,0.121698467010417,0.20965982323932536,0.1215283496109665
B0036,45,1.763188826756488,1.001982588175331,175.97000662130847,202,247,3.4833864674331436,2.656640378340114,4.185045339068736,1.5284049607286225,-1.9811266494742925,2.001610275127748,32.35366819628823,36.98324646085538,3196.015,24.0,0.1027164415837004,0.121698467010417,0.20965982323932536,0.1215283496109665
B0036,46,1.985492952897096,1.001982588175331,198.15643268939382,201,247,3.521360251690921,2.697143455219266,4.290021871695731,1.592878416476465,-1.9836817212075872,2.002785284914044,34.70040609904863,39.35953919640877,3595.281,24.0,0.1027164415837004,0.121698467010417,0.20965982323932536,0.1215283496109665
B0036,47,1.765355730813324,1.001982588175331,176.18626826920618,200,247,3.481761447167762,2.661271238713629,4.182247008545814,1.520975769832185,-1.9822350506501858,2.002300585252637,32.421923396380706,37.02707505372143,3198.0,24.0,0.1040227495138019,0.1243788336879979,0.2088339169993101,0.12679672443200662
B0036,48,1.7571880383127276,1.001982588175331,175.3711151321172,199,247,3.4797578588851743,2.6908838763824483,4.184685800633224,1.4938019242507754,-1.9820268271645947,2.001465969186636,31.609192155405946,36.34456840908186,3183.516,24.0,0.1040227495138019,0.1243788336879979,0.2088339169993101,0.12679672443200662
B0036,49,1.7573770661844437,1.001982588175331,175.38998051699983,198,247,3.4759650916373124,2.6365640724626367,4.184560765856749,1.5479966933941123,-1.9820222805220724,2.001496102641748,31.31596403602263,36.1535770040422,3183.797,24.0,0.1040227495138019,0.1243788336879979,0.2088339169993101,0.12679672443200662
B0036,50,1.7617376127979814,1.001982588175331,175.8251723721276,197,247,3.4781154314639453,2.6235919177171154,4.186186804679722,1.5625948869626067,-1.9821008022150315,2.0024012820224604,31.998588265349394,37.00649086775502,3191.516,24.0,0.1040227495138019,0.1243788336879979,0.2088339169993101,0.12679672443200662
B0036,51,1.7606892547636663,1.001982588175331,175.72054400366224,196,247,3.4830514284703322,2.66145718134933,4.184681735978706,1.5232245546293757,-1.981813383736276,2.002520901659237,32.98892411466723,37.85686718856992,3189.985,24.0,0.1040227495138019,0.1243788336879979,0.2088339169993101,0.12679672443200662
B0036,52,1.760669562156983,1.001982588175331,175.71857863950163,195,247,3.4809173250237535,2.640601067759597,4.182356069295079,1.5417550015354826,-1.9819214923373463,2.001235039662058,32.83558656237567,37.45005504798,3189.734,24.0,0.1032775943747973,0.1229352636573638,0.20924133103686995,0.12304121828998167
B0036,53,1.752963802649152,1.001982588175331,174.949527400611,194,247,3.4789400787918914,2.6732282064652693,4.1845961576838935,1.5113679512186242,-1.9816763209778734,2.0006531469147206,31.97863874379167,36.77795934417618,3176.016,24.0,0.1032775943747973,0.1229352636573638,0.20924133103686995,0.12304121828998167
B0036,54,1.750535708024147,1.001982588175331,174.7071983767677,193,247,3.4777534118948465,2.668754575341305,4.184643118766144,1.5158885434248388,-1.9818237973110902,2.0032893275629737,31.7958885352369,36.644215074090106,3171.36,24.0,0.1032775943747973,0.1229352636573638,0.20924133103686995,0.12304121828998167
B0036,55,1.7500761995337284,1.001982588175331,174.6613384490762,192,247,3.4766647808370212,2.658195971284472,4.184427133733743,1.5262311624492706,-1.9816263251080133,2.002146271467598,31.804649399184477,37.138598100953445,3170.843,24.0,0.1032775943747973,0.1229352636573638,0.20924133103686995,0.12304121828998167
B0036,56,1.7465957802278385,1.001982588175331,174.31398517697713,191,247,3.4791247798630294,2.684649370373972,4.184330747490862,1.49968137711689,-1.98151142532868,2.002911547065684,32.18425444090601,37.11821986816654,3164.672,24.0,0.1032775943747973,0.1229352636573638,0.20924133103686995,0.12304121828998167
B0036,57,1.753614286788707,1.001982588175331,175.01444710552718,190,247,3.4818392989655798,2.668665957651981,4.182320523596824,1.5136545659448433,-1.9814622792671595,2.000461299971232,33.27019350164624,38.21028860245779,3177.453,24.0,0.1042910923115587,0.1229516511727095,0.2093274983522225,0.12463771743363185
B0036,58,1.750725029920349,1.001982588175331,174.7260931059213,189,247,3.4813626313858914,2.6672344803975685,4.1847408536372885,1.51750637323972,-1.9813436819375347,2.0031635045230707,32.91813190932092,37.5096400873081,3172.375,24.0,0.1042910923115587,0.1229516511727095,0.2093274983522225,0.12463771743363185
B0036,59,1.743305349081011,1.001982588175331,173.9855931284866,188,247,3.473301690187071,2.627654590987336,4.184091920673459,1.5564373296861227,-1.981529747622425,2.0017017371036148,31.48100878915281,36.38797733722857,3158.406,24.0,0.1042910923115587,0.1229516511727095,0.2093274983522225,0.12463771743363185
B0036,60,1.733662505277619,1.001982588175331,173.02321674418712,187,247,3.47367585218267,2.6888969070187216,4.184211671090554,1.4953147640718325,-1.9810876831465265,2.0016383842160304,31.127100398792322,36.0550831310012,3141.578,24.0,0.1042910923115587,0.1229516511727095,0.2093274983522225,0.12463771743363185
B0036,61,1.7319207051538927,1.001982588175331,172.8493813757604,186,247,3.4715154587275445,2.6648936078550007,4.184175746614407,1.5192821387594067,-1.9812349777399687,2.0017049702320837,30.925481627228724,35.91912656959304,3138.187,24.0,0.1042910923115587,0.1229516511727095,0.2093274983522225,0.12463771743363185
B0036,62,1.7428604522751463,1.001982588175331,173.94119147808718,185,247,3.476844269698795,2.652977190328466,4.181891771142459,1.5289145808139928,-1.9812570591809957,2.001207887684657,32.53816915596416,37.598391918046985,3157.969,24.0,0.1035779067064479,0.1234676083250016,0.20748676058602153,0.12526644902432765
B0036,63,1.743306971099712,1.001982588175331,173.98575500941348,184,247,3.4828021334350594,2.69728379874788,4.184541597131144,1.487257798383264,-1.9809166553606607,2.0007340815697723,33.5082870689835,38.473409883226125,3159.281,24.0,0.1035779067064479,0.1234676083250016,0.20748676058602153,0.12526644902432765
B0036,64,1.738524506272696,1.001982588175331,173.50845481643057,183,247,3.478717992363499,2.666438804228148,4.1846109764992505,1.5181721722711026,-1.981005969530254,2.0010982344783117,32.72223824057796,37.37835847467748,3150.375,24.0,0.1035779067064479,0.1234676083250016,0.20748676058602153,0.12526644902432765
B0036,65,1.7295622663746972,1.001982588175331,172.6140041539376,182,247,3.47116141622232,2.644225504233063,4.184012676032451,1.5397871717993885,-1.9809786114709511,2.002809251194904,31.339643544788586,36.32515383321495,3134.078,24.0,0.1035779067064479,0.1234676083250016,0.20748676058602153,0.12526644902432765
B0036,66,1.7273036765742085,1.001982588175331,172.38859207321454,181,247,3.469009856426531,2.6270672485920983,4.184121216441852,1.557053967849754,-1.981059447271351,2.002674380722973,31.09122546658414,36.17136327433497,3129.797,24.0,0.1035779067064479,0.1234676083250016,0.20748676058602153,0.12526644902432765
B0036,67,1.7449370491071912,1.001982588175331,174.14844027228295,180,247,3.475700880273514,2.681073460503821,4.17154857381778,1.4904751133139595,-1.98101776318219,2.0008253955001223,32.074525923461515,36.94271187003511,3161.89,24.0,0.1015257349852554,0.125723168422026,0.20514523806794152,0.1263155897460267
B0036,68,1.7642432071133691,1.001982588175331,176.0752360304144,179,247,3.4820950413929173,2.6173518629094725,4.182622974222649,1.565271111313176,-1.9810749842802888,2.0015065236323597,33.167208512161885,37.96104323229247,3196.859,24.0,0.1032940105887217,0.1229881545844585,0.20731887436194382,0.1238168794506977
B0036,69,1.7504882032049596,1.001982588175331,174.70245729446268,178,247,3.480244357608362,2.6882522902609858,4.184454856344911,1.4962025660839253,-1.9809975649315257,2.002256958212359,32.14047774193924,36.73214755581345,3171.906,24.0,0.1032940105887217,0.1229881545844585,0.20731887436194382,0.1238168794506977
B0036,70,1.7442710815479925,1.001982588175331,174.0819752890529,177,247,3.473582906957752,2.639398647353621,4.184476537283623,1.5450778899300022,-1.9807582643680772,2.001756985222924,31.245399132402053,36.08238955313576,3160.842999999993,24.0,0.1032940105887217,0.1229881545844585,0.20731887436194382,0.1238168794506977
B0036,71,1.7365413923373951,1.001982588175331,173.31053581477283,176,247,3.4722242034096427,2.6623791019309224,4.184024889589791,1.5216457876588687,-1.9805282406081717,2.0013369678430784,30.941808328244683,35.84834420893077,3147.141,24.0,0.1032940105887217,0.1229881545844585,0.20731887436194382,0.1238168794506977
B0036,72,1.733223093105756,1.001982588175331,172.97936247196236,175,247,3.4700774937906473,2.6561014633579925,4.184261427009467,1.5281599636514747,-1.9804746484714413,2.0049715818869926,30.729579296950984,35.70394071930231,3141.203,24.0,0.1032940105887217,0.1229881545844585,0.20731887436194382,0.1238168794506977
B0036,73,1.73860622908762,1.001982588175331,173.5166109277132,174,247,3.4765508294649767,2.6878503046332485,4.182041097453936,1.494190792820688,-1.98039190119071,2.0012836292683827,32.241219078736684,37.23120350609712,3151.047,24.0,0.1032207839837861,0.124259090332115,0.20772850766572748,0.12566223087345746
B0036,74,1.7432134953746192,1.001982588175331,173.97642593262154,173,247,3.478023823464381,2.606635521236163,4.183342596486669,1.5767070752505057,-1.980509113557296,2.0018795801112828,33.273484981762124,38.21827936701842,3159.172,24.0,0.1032207839837861,0.124259090332115,0.20772850766572748,0.12566223087345746
B0036,75,1.7332698214832971,1.001982588175331,172.9840260637346,172,247,3.4748978056910036,2.684954312438798,4.184140679167282,1.499186366728484,-1.9805025193431718,2.0029462861761083,31.82186022608825,36.626274908995,3141.047,24.0,0.1032207839837861,0.124259090332115,0.20772850766572748,0.12566223087345746
B0036,76,1.7298906291663272,1.001982588175331,172.64677546109453,171,247,3.468132135397358,2.62963250026716,4.184248094436303,1.5546155941691433,-1.9804477654001489,2.000410764991185,30.953485299150877,36.01597323994527,3135.0310000000027,24.0,0.1032207839837861,0.124259090332115,0.20772850766572748,0.12566223087345746
B0036,77,1.7204403348841348,1.001982588175331,171.70361592980947,170,247,3.4677152773874327,2.676552998785705,4.183757537025025,1.5072045382393204,-1.9802957447258616,2.0017891626777025,30.594113322212998,35.64214686208444,3117.984,24.0,0.1032207839837861,0.124259090332115,0.20772850766572748,0.12566223087345746
B0036,78,1.724420729012913,1.001982588175331,172.1008677559142,169,247,3.464870080840597,2.62514939238803,4.18290280302208,1.5577534106340503,-1.980207910561322,2.002006842786516,30.621050708667628,35.82141559167005,3125.328,24.0,0.1028892540502402,0.1256748253839231,0.2065972963482995,0.1263625185626021
B0036,79,1.7214872814061166,1.001982588175331,171.80810342633256,168,247,3.4658543618027586,2.628502877540015,4.183818903348512,1.555316025808497,-1.9800833052331595,2.002435123952101,30.73760557478901,35.84687241575459,3120.172,24.0,0.1028892540502402,0.1256748253839231,0.2065972963482995,0.1263625185626021
B0036,80,1.7197448773569262,1.001982588175331,171.63420778485605,167,247,3.463489697714707,2.619866867748,4.183839437859511,1.563972570111511,-1.980268967910438,2.000876302512133,30.475687104433288,35.6948403215532,3116.641,24.0,0.1028892540502402,0.1256748253839231,0.2065972963482995,0.1263625185626021
B0036,81,1.7164304142145894,1.001982588175331,171.30341729194214,166,247,3.4657104202129614,2.6612878285284127,4.183940441185628,1.5226526126572155,-1.980057929657538,2.001371004807907,30.665478038053948,35.819676472043525,3110.844,24.0,0.1028892540502402,0.1256748253839231,0.2065972963482995,0.1263625185626021
B0036,82,1.711202925329962,1.001982588175331,170.78170274856402,165,247,3.4645909946616267,2.6699917743429817,4.184066892064025,1.5140751177210432,-1.9800230190313004,2.0017748549858165,30.48169086494209,35.629734084261784,3101.406,24.0,0.1028892540502402,0.1256748253839231,0.2065972963482995,0.1263625185626021
B0036,83,1.7102343231599222,1.001982588175331,170.68503418551003,164,247,3.4629772764216105,2.6688661295694205,4.181908017913433,1.5130418883440129,-1.9800140007357074,2.0016093124428225,30.501790386236014,35.66196676336087,3099.563,24.0,0.1023155434535772,0.1251981335588939,0.205899935081585,0.12689241456472866
B0036,84,1.713096882151029,1.001982588175331,170.97072368000715,163,247,3.4616288821771044,2.6222751020303923,4.1838810012271175,1.5616058991967252,-1.980072672691808,2.000651458121082,30.48295279202987,35.75183992747387,3104.64,24.0,0.1023155434535772,0.1251981335588939,0.205899935081585,0.12689241456472866
B0036,85,1.7103708617208135,1.001982588175331,170.698661025188,162,247,3.4628964155593924,2.643376209522438,4.183938680731157,1.5405624712087191,-1.9799210298032588,2.001660451447316,30.592002581671938,35.77783462667514,3099.875,24.0,0.1023155434535772,0.1251981335588939,0.205899935081585,0.12689241456472866
B0036,86,1.7064617296121434,1.001982588175331,170.3085213007254,161,247,3.4611295820153054,2.6362266436030413,4.183997413375148,1.5477707697721068,-1.9796449702564978,2.0021616961773727,30.424569049276556,35.713721223369035,3093.25,24.0,0.1023155434535772,0.1251981335588939,0.205899935081585,0.12689241456472866
B0036,87,1.7029429979110946,1.001982588175331,169.9573443698511,160,247,3.4632231738970973,2.6753943315026825,4.183680554471844,1.5082862229691618,-1.9797208473969017,2.003300958949492,30.570652220376168,35.725860691702124,3086.688,24.0,0.1023155434535772,0.1251981335588939,0.205899935081585,0.12689241456472866
B0036,88,1.7072612643840062,1.001982588175331,170.388316576741,159,247,3.4594353969848526,2.626280067476453,4.182869408506432,1.5565893410299796,-1.9798193556242383,2.000588867008761,30.460459721443804,35.768527567848494,3094.281,24.0,0.1029340973647276,0.1264013238476249,0.20620745896427223,0.1274111974655308
B0036,89,1.7038637196766078,1.001982588175331,170.04923436638188,158,247,3.4619323762511636,2.6699754309728454,4.18373987583806,1.5137644448652146,-1.9796708243361156,2.0009417894069323,30.547691944309644,35.84926876193408,3088.328,24.0,0.1029340973647276,0.1264013238476249,0.20620745896427223,0.1274111974655308
B0036,90,1.7079617948422274,1.001982588175331,170.45823101103244,157,247,3.4640211108291785,2.6485692977117936,4.183750461912779,1.5351811642009854,-1.9796986341756921,2.0016782403661075,31.189572257243857,36.56783936040424,3095.687,24.0,0.1029340973647276,0.1264013238476249,0.20620745896427223,0.1274111974655308
B0036,91,1.711302283362779,1.001982588175331,170.79161889221655,156,247,3.4674082899150322,2.652784779103966,4.183786894340978,1.531002115237012,-1.9795447080949824,2.000349526256562,31.8980817857202,37.22026804863562,3102.062,24.0,0.1029340973647276,0.1264013238476249,0.20620745896427223,0.1274111974655308
B0036,92,1.714122057472244,1.001982588175331,171.0730383642455,155,247,3.467669094088933,2.61112320884266,4.183945554245884,1.5728223454032242,-1.979462057529197,2.000050219919945,32.32306890954346,37.24354714231705,3107.141,24.0,0.1029340973647276,0.1264013238476249,0.20620745896427223,0.1274111974655308
B0036,93,1.7053324925701605,1.001982588175331,170.1958210347418,154,247,3.4590063160949422,2.6171931724123265,4.182910559206333,1.5657173867940068,-1.979668515306621,2.002235017468337,30.83436798904695,36.101954503621805,3090.719,24.0,0.1016677917003621,0.12679382347294,0.20517384763461474,0.12763709939682338
B0036,94,1.6934609472531408,1.001982588175331,169.0110154845138,153,247,3.4580229191527696,2.6630699292303373,4.183616020558508,1.5205460913281703,-1.9792552718561547,2.0029223930258224,30.287043848864634,35.590895284221084,3069.812,24.0,0.1016677917003621,0.12679382347294,0.20517384763461474,0.12763709939682338
B0036,95,1.6905244127230223,1.001982588175331,168.71794307339874,152,247,3.4563349020618155,2.659720848238619,4.1835063699815285,1.5237855217429095,-1.9792443099751138,2.001361539543119,30.072000414523774,35.41708929698686,3064.437,24.0,0.1016677917003621,0.12679382347294,0.20517384763461474,0.12763709939682338
B0036,96,1.7007774858498304,1.001982588175331,169.74122164608127,151,247,3.460450149170936,2.6273527452578365,4.1862295732164165,1.55887682795858,-1.9791194191351382,2.0008765508581288,31.093661069729663,36.54228598490352,3083.25,24.0,0.1016677917003621,0.12679382347294,0.20517384763461474,0.12763709939682338
B0036,97,1.6971104467944576,1.001982588175331,169.3752433248361,150,247,3.463960681885895,2.679397409659904,4.183727110735532,1.504329701075628,-1.9791613878366452,2.00062745119498,31.60762351123511,37.06815080209899,3076.484,24.0,0.1016677917003621,0.12679382347294,0.20517384763461474,0.12763709939682338
B0036,98,1.6997924522951835,1.001982588175331,169.64291319578768,149,247,3.4630674142567415,2.6638409912727004,4.182211079560967,1.518370088288267,-1.979091763193608,2.002252540622426,31.68782676208534,36.82684422999281,3081.297,24.0,0.1042778928730599,0.1244332888046054,0.2056764972409289,0.1262842147278194
B0036,99,1.691270477395412,1.001982588175331,168.79240191941005,148,247,3.456673276206162,2.638750759665419,4.183505107711148,1.5447543480457289,-1.9790766827277793,2.002183949867592,30.64130472367544,35.92988720620677,3065.953,24.0,0.1042778928730599,0.1244332888046054,0.2056764972409289,0.1262842147278194
B0036,100,1.6857127009469863,1.001982588175331,168.23772397250613,147,247,3.455027058159508,2.6521564133104056,4.183301376056718,1.5311449627463127,-1.979038060944376,2.001526634621741,30.35775664232519,35.781290058222865,3055.828,24.0,0.1042778928730599,0.1244332888046054,0.2056764972409289,0.1262842147278194
B0036,101,1.6832093771286156,1.001982588175331,167.9878869146657,146,247,3.4563883170293215,2.6736629264226712,4.183248853903273,1.509585927480602,-1.9788327303856927,2.0011249665699338,30.46760275047683,35.83938701624516,3051.468,24.0,0.1042778928730599,0.1244332888046054,0.2056764972409289,0.1262842147278194
B0036,102,1.692886364169521,1.001982588175331,168.9536708669126,145,247,3.462072409842235,2.665966871855665,4.183494017304386,1.517527145448721,-1.9788745442826565,2.0009993271431443,31.690335464880064,37.17156479403066,3069.0,24.0,0.1042778928730599,0.1244332888046054,0.2056764972409289,0.1262842147278194
B0036,103,1.6984668174144633,1.001982588175331,169.51061200648914,144,247,3.466006130026554,2.6818321771597287,4.181646831165721,1.4998146540059922,-1.978798117850308,2.0019187157474807,32.58002111430288,37.84191340591018,3079.235,24.0,0.1044429856737314,0.1246608031757409,0.20477031040632193,0.12538413797904463
B0036,104,1.6935813413828429,1.001982588175331,169.02303107551535,143,247,3.4601239314707923,2.6354438765341697,4.183467994187793,1.5480241176536231,-1.9788051627908365,2.0007727144601377,31.69291039725797,36.94021929474592,3070.344,24.0,0.1044429856737314,0.1246608031757409,0.20477031040632193,0.12538413797904463
B0036,105,1.6830951253781283,1.001982588175331,167.97648434621436,142,247,3.453593464720813,2.633581331346773,4.1834014802387,1.5498201488919272,-1.978575532876541,2.000751773750977,30.60840039029274,35.979852438003704,3051.4839999999967,24.0,0.1044429856737314,0.1246608031757409,0.20477031040632193,0.12538413797904463
B0036,106,1.6850462226942986,1.001982588175331,168.17120802097634,141,247,3.4519795194744436,2.6164895194312585,4.18648088216282,1.5699913627315611,-1.9787606413982344,2.001600027914263,30.399652022711006,35.91143435448471,3054.812,24.0,0.1044429856737314,0.1246608031757409,0.20477031040632193,0.12538413797904463
B0036,107,1.6803098840017598,1.001982588175331,167.69851131462298,140,247,3.454434064432584,2.662037646915503,4.18650094380192,1.5244632968864167,-1.9785255298300461,2.002715175952081,30.547315574796166,36.0224357923641,3046.532,24.0,0.1044429856737314,0.1246608031757409,0.20477031040632193,0.12538413797904463
B0036,108,1.6944038437227715,1.001982588175331,169.10511856382456,139,247,3.4638257834252806,2.670589438884728,4.182814594549196,1.512225155664468,-1.978665881852144,2.0021347290579303,32.47851626978816,37.65075812929836,3071.782,24.0,0.1045320687634572,0.1256188614613827,0.20664045635572859,0.12594906685934482
B0036,109,1.6955686127180103,1.001982588175331,169.22136499454945,138,247,3.4669219935055278,2.668638829617292,4.183640043729965,1.5150012141126732,-1.978303548943712,1.9999099102761289,33.085111849545555,38.27191158762031,3074.532,24.0,0.1045320687634572,0.1256188614613827,0.20664045635572859,0.12594906685934482
B0036,110,1.6841854728350405,1.001982588175331,168.08530334863812,137,247,3.4626538753824714,2.6931351824491827,4.1835457131046185,1.4904105306554358,-1.9783071872539106,2.002549456337823,32.12056072268224,37.26845925037034,3053.656,24.0,0.1045320687634572,0.1256188614613827,0.20664045635572859,0.12594906685934482
B0036,111,1.6722180144870118,1.001982588175331,166.89092547328778,136,247,3.4554390863736857,2.6913462011853904,4.183400261585032,1.4920540603996413,-1.978252788411394,2.001711879687912,30.90915966232928,36.23919416621716,3031.953,24.0,0.1045320687634572,0.1256188614613827,0.20664045635572859,0.12594906685934482
B0036,112,1.6675976965747183,1.001982588175331,166.4298078883298,135,247,3.453636642746737,2.6988025346836504,4.183219724741507,1.4844171900578567,-1.9782840417249774,2.001654493324268,30.586499493516442,35.989930424393194,3023.5,24.0,0.1045320687634572,0.1256188614613827,0.20664045635572859,0.12594906685934482
B0036,113,1.6781873787039017,1.001982588175331,167.4866807575947,134,247,3.453072475453234,2.6523436778902467,4.182242945113323,1.5298992672230765,-1.978213800283229,2.0002866611264074,31.078305845971443,36.752805224654765,3042.703,24.0,0.1035342687005086,0.1263883086584116,0.20515582729249954,0.126383001499835
B0036,114,2.444062432078656,1.001982588175331,243.92264505608193,133,247,3.626510481777051,2.691307184686052,4.519252349646744,1.8279451649606924,-1.9837057741381123,2.0022312748692235,33.98757612493629,38.49714613607372,4424.203,24.0,0.1035342687005086,0.1263883086584116,0.20515582729249954,0.126383001499835
B0036,115,1.6913403148932205,1.001982588175331,168.79937185068755,132,247,3.466145279289297,2.6565288043863395,4.181498148571605,1.5249693441852656,-1.9781440584613479,2.0014196256892336,32.26010764297862,37.31224141481378,3066.766,24.0,0.1044183648622564,0.1238369096822156,0.20754565815759485,0.1256540480450387
B0036,116,1.6802787096613283,1.001982588175331,167.69540004893838,131,247,3.4640146950069006,2.680162151919943,4.183547797387942,1.5033856454679992,-1.978460059457357,2.001357263558416,31.42619925446257,36.59740421257035,3046.125,24.0,0.1044183648622564,0.1238369096822156,0.20754565815759485,0.1256540480450387
B0036,117,1.673147301023026,1.001982588175331,166.98367025218724,130,247,3.4626259258314476,2.686423419926791,4.183620162153654,1.4971967422268633,-1.9781834973907695,2.0017591814515625,31.20956154006514,36.44126696853565,3033.625,24.0,0.1044183648622564,0.1238369096822156,0.20754565815759485,0.1256540480450387
B0036,118,1.6704292090032429,1.001982588175331,166.71239886964426,129,247,3.4609363258654184,2.672431142055385,4.183446864929328,1.5110157228739434,-1.9781633628014599,2.001103261123144,31.078110221174402,36.32670051789851,3028.562,24.0,0.1044183648622564,0.1238369096822156,0.20754565815759485,0.1256540480450387
B0036,119,1.6659903350115992,1.001982588175331,166.26938977507234,128,247,3.4616449511434926,2.690675565426353,4.183128389159035,1.4924528237326817,-1.9778390299632154,2.0028682109184794,31.053614094154142,36.29811998606583,3020.984,24.0,0.1044183648622564,0.1238369096822156,0.20754565815759485,0.1256540480450387
B0036,120,1.664241575272447,1.001982588175331,166.094859822178,127,247,3.46014320685645,2.697829479340451,4.180942847373935,1.4831133680334845,-1.9780641124929104,2.000358859987671,31.060532833540666,36.31566540517328,3017.391,24.0,0.1022936021423731,0.1256250116503699,0.20486023605768544,0.12582245357942845
B0036,121,1.6668450767774965,1.001982588175331,166.3546948268751,126,247,3.4580980197093147,2.6506127411002423,4.182939031295494,1.5323262901952521,-1.9780348126637537,2.0016029724530995,30.97728291917627,36.31712206468977,3022.14,24.0,0.1022936021423731,0.1256250116503699,0.20486023605768544,0.12582245357942845
B0036,122,1.6594501560667536,1.001982588175331,165.61666596309917,125,247,3.459389982444422,2.690672074169337,4.183242834674278,1.492570760504941,-1.9777931454666962,2.001572594962202,30.93918723715448,36.228571111440864,3009.016,24.0,0.1022936021423731,0.1256250116503699,0.20486023605768544,0.12582245357942845
B0036,123,1.662412523067319,1.001982588175331,165.91231650987763,124,247,3.455631406481116,2.62722492525996,4.183686841202558,1.5564619159425979,-1.9775654046883246,2.0029223519412267,30.926289651305336,36.35810336081934,3014.672,24.0,0.1022936021423731,0.1256250116503699,0.20486023605768544,0.12582245357942845
B0036,124,1.66035260832257,1.001982588175331,165.70673262358474,123,247,3.4549175745634897,2.6243035932050947,4.183358354217051,1.5590547610119567,-1.9777096278151205,2.0012842672903166,30.863054927475556,36.29901438256062,3010.703,24.0,0.1022936021423731,0.1256250116503699,0.20486023605768544,0.12582245357942845
B0036,125,1.6610231379633236,1.001982588175331,165.77365291228702,122,247,3.4567232383364708,2.6669662761212,4.182728484057378,1.515762207936178,-1.977833418220376,2.001199210852871,31.038017243387284,36.42868217427085,3011.75,24.0,0.1029038380520534,0.1259509151830685,0.20618249592455118,0.12742589634563428
B0036,126,1.6575187557321611,1.001982588175331,165.42390808912157,121,247,3.4566056806279244,2.657342749492438,4.183421219857983,1.5260784703655452,-1.977513435934886,2.002800542011826,31.04050751190746,36.39664144336581,3005.734,24.0,0.1029038380520534,0.1259509151830685,0.20618249592455118,0.12742589634563428
B0036,127,1.6507877959674548,1.001982588175331,164.75214394430105,120,247,3.457263997632369,2.6914302974482167,4.183196106021016,1.491765808572799,-1.9773123626836613,2.000941324904744,30.957302786226403,36.31743524658528,2993.75,24.0,0.1029038380520534,0.1259509151830685,0.20618249592455118,0.12742589634563428
B0036,128,1.653257006211014,1.001982588175331,164.998576394595,119,247,3.4540018182289085,2.641029666264374,4.183209699462281,1.5421800331979068,-1.9773999985000372,2.000552819210372,30.945276932009087,36.40596657880105,2998.125,24.0,0.1029038380520534,0.1259509151830685,0.20618249592455118,0.12742589634563428
B0036,129,1.6494214846772686,1.001982588175331,164.6157831625559,118,247,3.454729708764956,2.6663067674348446,4.183138406019062,1.5168316385842178,-1.9775454272489617,2.0053749047084093,30.888914324823496,36.28093983069052,2990.859,24.0,0.1029038380520534,0.1259509151830685,0.20618249592455118,0.12742589634563428
B0036,130,1.6678591915666705,1.001982588175331,166.45590564641844,117,247,3.4602322781016106,2.652024511951085,4.182486390609512,1.5304618786584268,-1.977556174123632,2.001066605318924,32.321489418619095,37.95295717388789,3024.453,24.0,0.1040856806622729,0.1250605555562223,0.2062519524798909,0.1257407717451914
B0036,131,1.670862764324967,1.001982588175331,166.75566861572972,116,247,3.4653467037084007,2.650846498933422,4.183464386226038,1.5326178872926155,-1.9769835735935626,2.002186569861677,33.23510488083581,38.41829396059596,3030.765,24.0,0.1040856806622729,0.1250605555562223,0.2062519524798909,0.1257407717451914
B0036,132,1.6658118164053368,1.001982588175331,166.2515732373032,115,247,3.4612961227490118,2.636443131108017,4.1834582213062665,1.5470150901982493,-1.9774113966642073,2.0017749202505266,32.672384089467116,37.82488704281872,3020.813,24.0,0.1040856806622729,0.1250605555562223,0.2062519524798909,0.1257407717451914
B0036,133,1.6532998517617,1.001982588175331,165.00285247196317,114,247,3.4568319834213184,2.6573768263158466,4.183218486473692,1.525841660157845,-1.9773199609696597,2.000716988237041,31.627875999689845,36.92206046060923,2998.156,24.0,0.1040856806622729,0.1250605555562223,0.2062519524798909,0.1257407717451914
B0036,134,1.6468787023528522,1.001982588175331,164.3620080616286,113,247,3.4542748719327436,2.661750337550587,4.183226539078387,1.5214762015277996,-1.9771073220010116,2.001325557175692,31.234092745007935,36.61884081007243,2986.766,24.0,0.1040856806622729,0.1250605555562223,0.2062519524798909,0.1257407717451914
B0036,135,1.6718953249703756,1.001982588175331,166.858720371079,112,247,3.459039144301172,2.676647507144037,4.174285560234163,1.4976380530901263,-1.9761775564887945,2.001284732598154,31.95070753872921,37.26760229905419,3032.328,24.0,0.1037414869532509,0.1274068576635496,0.20397661908325873,0.12773442295238918
B0036,136,1.6807743463585727,1.001982588175331,167.74486564874957,111,247,3.466556169993412,2.683234032060573,4.181276067644604,1.4980420355840312,-1.9775382652377456,2.008795403935178,32.94223311807837,38.25722659181597,3047.703,24.0,0.1046730875946324,0.1242465770677705,0.20495012228558446,0.1256455611900905
B0036,137,1.6737717086703074,1.001982588175331,167.0459874675411,110,247,3.4591810827626084,2.622356052772389,4.18302191595724,1.560665863184851,-1.977527154273711,2.0031957722825595,31.941852555671353,37.22999793294153,3034.968,24.0,0.1046730875946324,0.1242465770677705,0.20495012228558446,0.1256455611900905
B0036,138,1.6605773762487392,1.001982588175331,165.72916494215212,109,247,3.4577876655294553,2.6656468752025866,4.183316981130492,1.5176701059279054,-1.976966455996094,2.002178261848821,31.44720711271493,36.750095375605376,3011.7339999999967,24.0,0.1046730875946324,0.1242465770677705,0.20495012228558446,0.1256455611900905
B0036,139,1.655987781146086,1.001982588175331,165.27111355914244,108,247,3.454417180570097,2.6416903037262225,4.183031434193402,1.5413411304671794,-1.9771854714072983,2.0011693562380435,31.12482497372082,36.46133969406453,3002.922,24.0,0.1046730875946324,0.1242465770677705,0.20495012228558446,0.1256455611900905
B0036,140,1.646862318389844,1.001982588175331,164.36037290716564,107,247,3.4527482715790674,2.6595878021770023,4.182347238057592,1.52275943588059,-1.9768884059107226,2.000533909313961,30.75545169222773,36.121581178683655,2986.718,24.0,0.1046730875946324,0.1242465770677705,0.20495012228558446,0.1256455611900905
B0036,141,1.6574621175432849,1.001982588175331,165.41825547703584,106,247,3.460599249296477,2.687257575540443,4.181133837276345,1.493876261735902,-1.9767960110088922,2.0017889891565974,32.32491302674166,37.62901534109348,3006.203,24.0,0.1046814165790936,0.1249707755636301,0.20729702929424068,0.1257543486438964
B0036,142,1.6603991175216894,1.001982588175331,165.71137434088286,105,247,3.463474146193779,2.6749338603361448,4.18258237874211,1.507648518405965,-1.9766590715947012,2.002031476486703,32.9527098749988,38.17206500603514,3011.609,24.0,0.1046814165790936,0.1249707755636301,0.20729702929424068,0.1257543486438964
B0036,143,1.6460789092837111,1.001982588175331,164.28218700699352,104,247,3.458931693641407,2.6883490982654625,4.182469644453435,1.4941205461879723,-1.9763441035961147,2.00172153934365,31.963338156822644,37.0744174656725,2985.953,24.0,0.1046814165790936,0.1249707755636301,0.20729702929424068,0.1257543486438964
B0036,144,1.6408366462659327,1.001982588175331,163.75899797360674,103,247,3.4515443093644445,2.6341133806914536,4.182289875103196,1.5481764944117424,-1.976398819741924,2.000574694144919,31.192560893948695,36.55596040748888,2976.312999999994,24.0,0.1046814165790936,0.1249707755636301,0.20729702929424068,0.1257543486438964
B0036,145,1.63444089202816,1.001982588175331,163.12068805552525,102,247,3.451340191696518,2.6535520046660226,4.182381246517502,1.5288292418514793,-1.9763560129084317,2.0014919406194838,31.011896164180595,36.35822055804636,2964.75,24.0,0.1046814165790936,0.1249707755636301,0.20729702929424068,0.1257543486438964
B0036,146,1.6374039186504212,1.001982588175331,163.41640443395625,101,247,3.4541105051819967,2.682065697865543,4.18080325573756,1.4987375578720172,-1.9764726236625383,2.001201969879881,31.59342641124915,37.04815005782166,2969.953,24.0,0.1043656977117543,0.1259321049999877,0.20739717810824007,0.12668648428472484
B0036,147,1.64738207540524,1.001982588175331,164.41224576618833,100,247,3.456542656900933,2.623022825320866,4.18244856617256,1.5594257408516943,-1.9761971299509842,2.000826197482675,32.451352345308976,37.78142773101782,2988.453,24.0,0.1043656977117543,0.1259321049999877,0.20739717810824007,0.12668648428472484
B0036,148,1.6545646441622357,1.001982588175331,165.1290814519337,99,247,3.462836576734922,2.638877668106794,4.182854046942437,1.5439763788356435,-1.9764358998879015,2.0019806638375117,33.70907658061942,38.98412239569435,3001.235,24.0,0.1043656977117543,0.1259321049999877,0.20739717810824007,0.12668648428472484
B0036,149,1.640896560729935,1.001982588175331,163.7649775649399,98,247,3.455642847223531,2.6345026369215763,4.182728439067422,1.5482258021458462,-1.9764723723079625,2.001594188579669,32.3628652503866,37.65911041193654,2976.234,24.0,0.1043656977117543,0.1259321049999877,0.20739717810824007,0.12668648428472484
B0036,150,1.6265229979339637,1.001982588175331,162.3304653323325,97,247,3.453765407751183,2.6856425973144904,4.182876278594965,1.4972336812804747,-1.9762622330108464,2.0004095548319234,31.558941182174713,36.92167189475025,2950.39,24.0,0.1043656977117543,0.1259321049999877,0.20739717810824007,0.12668648428472484
B0036,151,1.6217349144630455,1.001982588175331,161.85260438670096,96,247,3.4500406564088526,2.68786797873656,4.180649883777921,1.4927819050413609,-1.9761878164815234,2.000900382690503,31.135887556686384,36.59954969750561,2941.719,24.0,0.1029259409333536,0.1267294347433985,0.20324714483906897,0.12916859726946794
B0036,152,1.6248200059639546,1.001982588175331,162.16050310044278,95,247,3.447400483446299,2.6302060684262494,4.182879997125387,1.552673928699138,-1.976390548245151,2.0016097915484665,31.04112225235265,36.62217023847058,2946.969,24.0,0.1029259409333536,0.1267294347433985,0.20324714483906897,0.12916859726946794
B0036,153,1.61880119736137,1.001982588175331,161.5598131609554,94,247,3.449026045033965,2.6641914790243417,4.182616597040702,1.51842511801636,-1.9763256382870515,2.0020912722122786,31.054879323980543,36.59089881260896,2936.171,24.0,0.1029259409333536,0.1267294347433985,0.20324714483906897,0.12916859726946794
B0036,154,1.6137350490334217,1.001982588175331,161.05420074934912,93,247,3.450376630404453,2.689303373660729,4.182506766966863,1.4932033933061346,-1.975971961224962,2.001445817763721,31.10833607101402,36.59234456560626,2927.281,24.0,0.1029259409333536,0.1267294347433985,0.20324714483906897,0.12916859726946794
B0036,155,1.612012823654141,1.001982588175331,160.88231898218018,92,247,3.447000121773302,2.65147651386545,4.182535478785295,1.5310589649198447,-1.9758050203647282,2.000167970309902,30.944663670795183,36.48018480302178,2924.422,24.0,0.1029259409333536,0.1267294347433985,0.20324714483906897,0.12916859726946794
B0036,156,1.6671032556887178,1.001982588175331,166.380461633032,91,247,3.4669760884346075,2.6896892125914618,4.1690491680104165,1.4793599554189547,-1.9763325577592548,2.003950808278935,32.6791979812127,38.23567263982747,3023.859,24.0,0.103615310969762,0.1280595563839769,0.2007587571955763,0.12814469311774002
B0036,157,1.6850133383886254,1.001982588175331,168.16792609711246,90,247,3.4736386683731344,2.6628469651561684,4.181271830692525,1.5184248655363568,-1.9764828677632524,2.0015010947067746,33.03296653786076,37.930952706812825,3056.172,24.0,0.1042563220427105,0.1246626993645387,0.205742657367578,0.12649973449139335
B0036,158,1.6786654987614698,1.001982588175331,167.53439815939495,89,247,3.467958204671299,2.626900680068646,4.1830606408887965,1.5561599608201506,-1.9762113672371753,1.9999016673464969,32.14080730031082,37.19257582780181,3045.078,24.0,0.1042563220427105,0.1246626993645387,0.205742657367578,0.12649973449139335
B0036,159,1.6729763502191373,1.001982588175331,166.96660899724068,88,247,3.4632760700749996,2.6081515730092875,4.182456210343196,1.574304637333909,-1.976450670496227,2.000618099416812,31.54659714469647,36.76201438343683,3034.25,24.0,0.1042563220427105,0.1246626993645387,0.205742657367578,0.12649973449139335
B0036,160,1.666489034299654,1.001982588175331,166.31916102798036,87,247,3.4628276335315356,2.635733198142088,4.182764774519028,1.54703157637694,-1.976336702286546,2.003239061725877,31.32211217550974,36.54833629882202,3022.609,24.0,0.1042563220427105,0.1246626993645387,0.205742657367578,0.12649973449139335
B0036,161,1.6698420840710908,1.001982588175331,166.65380254880188,86,247,3.4646012546935614,2.629018498984386,4.183320176415955,1.5543016774315688,-1.9761771069613194,2.002639753916218,31.944476209251814,37.37954300419149,3028.828,24.0,0.1042563220427105,0.1246626993645387,0.205742657367578,0.12649973449139335
B0036,162,1.6746744228027035,1.001982588175331,167.13608026386802,85,247,3.467937221948995,2.6266603184816235,4.180963257164536,1.5543029386829126,-1.9760041905736137,2.003823480038933,32.95970790517297,38.17965570439169,3037.875,24.0,0.1051440682725413,0.1239624732439577,0.20514981584445743,0.12404106153097985
B0036,163,1.6665045335145643,1.001982588175331,166.3207078826955,84,247,3.462497796397771,2.602450788874241,4.182710427278442,1.580259638404201,-1.975873938296025,2.0015896507781563,31.94954978552722,37.06880928199277,3023.187,24.0,0.1051440682725413,0.1239624732439577,0.20514981584445743,0.12404106153097985
B0036,164,1.652222084834727,1.001982588175331,164.89528903326755,83,247,3.4597555835668237,2.662872873818505,4.182466447324255,1.51959357350575,-1.976044015388604,2.0013924851522065,31.016509562928245,36.3207199175235,2996.922,24.0,0.1051440682725413,0.1239624732439577,0.20514981584445743,0.12404106153097985
B0036,165,1.6462718275099526,1.001982588175331,164.30144065755775,82,247,3.4575027462160053,2.6641259048235493,4.182351343336321,1.5182254385127716,-1.9757551706068877,2.00099190176043,30.717850318637232,36.10688426616758,2986.469,24.0,0.1051440682725413,0.1239624732439577,0.20514981584445743,0.12404106153097985
B0036,166,1.642399234692521,1.001982588175331,163.91494763231626,81,247,3.4593887120996203,2.6980994427054057,4.182757605057146,1.4846581623517405,-1.9758263113357128,2.000855609900936,30.879779806825745,36.31248307899438,2979.219,24.0,0.1051440682725413,0.1239624732439577,0.20514981584445743,0.12404106153097985
B0036,167,1.651178607099992,1.001982588175331,164.79114772911223,80,247,3.459697403340653,2.649240292513478,4.180861110367055,1.531620817853577,-1.9759776263748132,2.0021284907747647,31.650221324336044,37.07549861586275,2995.047,24.0,0.1036160578605324,0.1263508501388481,0.20519720908867375,0.1274729379670713
B0036,168,1.6481683120281931,1.001982588175331,164.49071385857155,79,247,3.464129590458387,2.691344905562854,4.182794520703595,1.4914496151407413,-1.9757190023217348,2.000822145661288,32.06625589927076,37.414877687125575,2989.828,24.0,0.1036160578605324,0.1263508501388481,0.20519720908867375,0.1274729379670713
B0036,169,1.6478887725428395,1.001982588175331,164.46281522154408,78,247,3.460169463632063,2.6312837349184783,4.182556061512275,1.5512723265937969,-1.975704650691821,2.0017549416670004,31.895952062496796,37.09639528593206,2989.391,24.0,0.1036160578605324,0.1263508501388481,0.20519720908867375,0.1274729379670713
B0036,170,1.635843650915682,1.001982588175331,163.26068638524438,77,247,3.4561756716228116,2.6584363442335084,4.182810830291452,1.524374486057944,-1.9757629054586399,2.000542886554803,30.985495506316067,36.36605166703309,2967.2810000000027,24.0,0.1036160578605324,0.1263508501388481,0.20519720908867375,0.1274729379670713
B0036,171,1.6332362811945516,1.001982588175331,163.00046532432967,76,247,3.452053305545746,2.623199819387988,4.182635286848819,1.5594354674608306,-1.9757208321303017,2.001933129636368,30.72140290899611,36.234238027710575,2962.609,24.0,0.1036160578605324,0.1263508501388481,0.20519720908867375,0.1274729379670713
B0036,172,1.629926467682987,1.001982588175331,162.6701388744867,75,247,3.4498706612134633,2.633671931011382,4.180865480888278,1.5471935498768965,-1.9753838232885894,2.000836252082105,30.525764579406868,36.13330283566238,2957.016,24.0,0.1032709787470331,0.1271079763657862,0.2044517580892075,0.12794691785041473
B0036,173,1.6387862629287224,1.001982588175331,163.55436534212117,74,247,3.4562888987795763,2.613160298710749,4.182371604193263,1.569211305482514,-1.9753747226034408,2.0005565957229483,31.861104818689885,37.40631592104371,2973.281,24.0,0.1032709787470331,0.1271079763657862,0.2044517580892075,0.12794691785041473
B0036,174,1.6359654863840771,1.001982588175331,163.27284582492257,73,247,3.4606240664312637,2.664776371262019,4.182870580087216,1.5180942088251967,-1.9753588071492805,2.001606404211715,32.31201872670814,37.77076533558071,2968.016,24.0,0.1032709787470331,0.1271079763657862,0.2044517580892075,0.12794691785041473
B0036,175,1.631137043967566,1.001982588175331,162.79095697041623,72,247,3.456019242182233,2.632939371611515,4.1827611176443975,1.5498217460328827,-1.975257971644178,1.999731674892746,31.79301024802491,37.14813436098321,2959.281,24.0,0.1032709787470331,0.1271079763657862,0.2044517580892075,0.12794691785041473
B0036,176,1.6220189720888465,1.001982588175331,161.8809539437844,71,247,3.450712115143618,2.628283415842944,4.182395237195288,1.5541118213523442,-1.9752191259041323,2.0012097377908966,31.01748043918613,36.53239990681521,2942.797000000006,24.0,0.1032709787470331,0.1271079763657862,0.2044517580892075,0.12794691785041473
B0036,177,1.6416044978422155,1.001982588175331,163.83563119910832,70,247,3.457628617948717,2.638269533539896,4.174632559195338,1.536363025655442,-1.974872083562542,1.9999922943569637,32.52627247756125,37.81511547301817,2978.89,24.0,0.1039364275415278,0.1275792356995124,0.20325934268475282,0.12884523091535688
B0036,178,1.6253090231457803,1.001982588175331,162.20930805849264,69,247,3.453055943057908,2.666855394758346,4.180584396863127,1.513729002104781,-1.9750892690302664,2.00062580916902,30.971239918679984,36.404593910301536,2948.891,24.0,0.104962660264592,0.1270114071122995,0.20609124074259869,0.12868343825576828
B0036,179,1.6196134522239485,1.001982588175331,161.64087792916237,68,247,3.450668341610227,2.645771603606621,4.182361662503121,1.5365900588965,-1.9750429933939881,2.0014979554620878,30.76463270446893,36.31178502135717,2938.547,24.0,0.104962660264592,0.1270114071122995,0.20609124074259869,0.12868343825576828
B0036,180,1.6124236174774371,1.001982588175331,160.92331708216156,67,247,3.450902810317066,2.6749192828697232,4.1825612222864805,1.5076419394167573,-1.9749799926549043,2.0001940144005674,30.660177115279623,36.180551238597374,2925.484,24.0,0.104962660264592,0.1270114071122995,0.20609124074259869,0.12868343825576828
B0036,181,1.6077701029913394,1.001982588175331,160.45888640831402,66,247,3.4500594839606094,2.6772635289500464,4.18253016588314,1.5052666369330936,-1.9747546184485705,2.001710053938121,30.586674094126863,36.10348020899565,2917.297,24.0,0.104962660264592,0.1270114071122995,0.20609124074259869,0.12868343825576828
B0036,182,1.6088077531981582,1.001982588175331,160.56244611275045,65,247,3.449110812692783,2.651409246777448,4.1821683496152,1.5307591028377519,-1.9749280525665507,2.001450125981973,30.83253477381729,36.39815845242428,2918.938,24.0,0.104962660264592,0.1270114071122995,0.20609124074259869,0.12868343825576828
B0036,183,1.6083556258734268,1.001982588175331,160.51732284114203,64,247,3.4458169090139847,2.6359845840555653,4.180085195716553,1.5441006116609879,-1.9747449903353,2.0003216371109183,30.68860522383244,36.34867749615663,2918.25,24.0,0.1033269608287819,0.1280562076841714,0.19936790204104562,0.12822635211144812
B0036,184,1.606820251901154,1.001982588175331,160.36408924303444,63,247,3.4453799620249113,2.6203632515294,4.18247008024948,1.56210682872008,-1.9747270429184276,2.000496172241536,30.620490468656016,36.30340414585353,2915.4839999999967,24.0,0.1033269608287819,0.1280562076841714,0.19936790204104562,0.12822635211144812
B0036,185,1.601770977206713,1.001982588175331,159.86016085605158,62,247,3.445133112798374,2.6353503124760125,4.182402126830995,1.5470518143549827,-1.9748519715505966,2.000440096213439,30.598226708173872,36.26566178605087,2906.015,24.0,0.1033269608287819,0.1280562076841714,0.19936790204104562,0.12822635211144812
B0036,186,1.594911734692208,1.001982588175331,159.17559381911371,61,247,3.4458558996634645,2.665160202735034,4.182271283338991,1.5171110806039567,-1.9743987343803497,2.002385208107432,30.522404975221356,36.17313667131571,2894.14,24.0,0.1033269608287819,0.1280562076841714,0.19936790204104562,0.12822635211144812
B0036,187,1.5938139125387372,1.001982588175331,159.06602882602635,60,247,3.4444897117952333,2.6439462094074133,4.182247103438741,1.538300894031328,-1.9743953769070435,2.000686110880547,30.572012594415884,36.20038317528244,2892.031,24.0,0.1033269608287819,0.1280562076841714,0.19936790204104562,0.12822635211144812
B0036,188,1.5920273129504596,1.001982588175331,158.8877223754591,59,247,3.4452529094036595,2.680823910703161,4.182668785784587,1.5018448750814262,-1.9745565504466334,2.001943170893987,30.525594309542488,36.12974352283867,2888.719,24.0,0.1038631855399398,0.1292125368644082,0.2007917187745757,0.12989869985554175
B0036,189,1.5847361549778751,1.001982588175331,158.1600492543261,58,247,3.4433682977623126,2.6584332895177942,4.182325389472558,1.5238920999547636,-1.9743485288471663,2.000646231962556,30.460152624234137,36.15128962766672,2875.641,24.0,0.1038631855399398,0.1292125368644082,0.2007917187745757,0.12989869985554175
B0036,190,1.5763429363936798,1.001982588175331,157.32238813294077,57,247,3.444044633354945,2.68581364438656,4.181890851070748,1.496077206684188,-1.9740794817151763,2.0006735329251524,30.42634729502671,36.06503580876304,2860.7810000000027,24.0,0.1038631855399398,0.1292125368644082,0.2007917187745757,0.12989869985554175
B0036,191,1.5720229174642286,1.001982588175331,156.89124102714942,56,247,3.4436657042772842,2.686590802386354,4.1819812339971225,1.4953904316107685,-1.9739791964844613,2.000079772723629,30.477932880980596,36.12802521407918,2852.844,24.0,0.1038631855399398,0.1292125368644082,0.2007917187745757,0.12989869985554175
B0036,192,1.5729874285512353,1.001982588175331,156.98750129138844,55,247,3.4414697554582165,2.656968060548768,4.182031710997783,1.5250636504490145,-1.9739892815959978,2.00109190486848,30.473709628947084,36.26774799217623,2854.64,24.0,0.1038631855399398,0.1292125368644082,0.2007917187745757,0.12989869985554175
B0036,193,1.596985400389019,1.001982588175331,159.38255007975965,54,247,3.4563046908197936,2.676038889381632,4.1803143719336,1.5042754825519675,-1.9743635806531243,2.0025068680909213,33.14386747805384,38.43630283495838,2897.844,24.0,0.1065741956779839,0.1252361437262971,0.20429925301641613,0.12604969135555805
B0036,194,1.595726023703856,1.001982588175331,159.25686159973762,53,247,3.452089547010762,2.6188084347235887,4.182098322143219,1.56328988741963,-1.9739686530082492,2.0019322952392344,32.934539010545976,38.52063845392343,2896.063,24.0,0.1065741956779839,0.1252361437262971,0.20429925301641613,0.12604969135555805
B0036,195,1.579500338340559,1.001982588175331,157.63750358346263,52,247,3.4477573593842226,2.645949573946669,4.182097383940862,1.5361478099941928,-1.9740791048008222,1.999949850664628,31.954024468442526,37.489412293667954,2866.234,24.0,0.1065741956779839,0.1252361437262971,0.20429925301641613,0.12604969135555805
B0036,196,1.5629469877520186,1.001982588175331,155.9854438786443,51,247,3.4451953986146564,2.6883439532038187,4.181667072254369,1.49332311905055,-1.973680146390149,2.000910525563825,31.19189073934152,36.78751789975617,2836.609,24.0,0.1065741956779839,0.1252361437262971,0.20429925301641613,0.12604969135555805
B0036,197,1.5591129431541175,1.001982588175331,155.60279804795346,50,247,3.4432584336378484,2.67894320816739,4.182118777318184,1.5031755691507942,-1.9737323749924904,2.0009899510970475,30.99297651094941,36.62637340717898,2829.516,24.0,0.1065741956779839,0.1252361437262971,0.20429925301641613,0.12604969135555805
B0025,1,1.847011162956716,1.847011162956716,100.0,195,196,3.400080836543819,1.9182683747066007,4.196965327364252,2.278696952657651,-1.0680263652396946,4.027931217882849,33.13281956573637,41.81748104839704,6515.422000000006,24.0,0.0504980686897653,0.0774432313466362,0.2111591442709731,0.07968782304648436
B0025,2,1.8485654344528384,1.847011162956716,100.08415062817673,194,196,3.4067357604110753,1.8939610306669548,4.202556431495687,2.308595400828732,-1.0683949803553137,4.0283470601196845,32.848310333012144,41.50441060959557,6516.219,24.0,0.0504980686897653,0.0774432313466362,0.2111591442709731,0.07968782304648436
B0025,3,1.847111177186175,1.847011162956716,100.0054149228475,193,196,3.407792325190085,1.82462740970999,4.202713117217314,2.3780857075073243,-1.071886802134967,4.028306841028089,33.07297579198606,41.67077619357013,6489.5,24.0,0.0504980686897653,0.0774432313466362,0.2111591442709731,0.07968782304648436
B0025,4,1.8489837601535537,1.847011162956716,100.10679941932132,192,196,3.425685226676254,1.9612044915457985,4.203084581094102,2.241880089548304,-1.069881568315977,4.028897912512196,33.12836651135456,41.58349706133725,6471.25,24.0,0.0504980686897653,0.0774432313466362,0.2111591442709731,0.07968782304648436
B0025,5,1.837012071856044,1.847011162956716,99.4586339649044,191,196,3.4102415310941074,1.7869386268841287,4.200058863569411,2.413120236685282,-1.0696478002906964,4.029600870864891,33.20066590827124,41.82908827830225,6466.672,24.0,0.0504980686897653,0.0774432313466362,0.2111591442709731,0.07968782304648436
B0025,6,1.817549211247137,1.847011162956716,98.40488502178752,190,196,3.3956511580583038,1.9399607811955053,4.178122904439056,2.238162123243551,-1.0609975004031984,4.02823190197934,32.8030291471027,41.15307253815554,6410.672,24.0,0.0487078560405399,0.0736334992008756,0.2099082503962776,0.07304012731279105
B0025,7,1.839863822522073,1.847011162956716,99.61303209325484,189,196,3.3987545550856617,1.7632585904014149,4.198227921922519,2.434969331521104,-1.070055639766417,4.0284426372332245,32.70663040910488,41.167510218490015,6474.156,24.0,0.0482804259796978,0.0721569924368534,0.20913733987979782,0.07305647489035302
B0025,8,1.8430595619731431,1.847011162956716,99.78605429881392,188,196,3.4107861698937034,1.7411634552856723,4.201052747751877,2.4598892924662046,-1.0673189298080559,4.028591260100669,32.88774741633189,41.40744159178738,6460.75,24.0,0.0482804259796978,0.0721569924368534,0.20913733987979782,0.07305647489035302
B0025,9,1.8401871729536057,1.847011162956716,99.63053877854281,187,196,3.4362212866947472,1.990361763373611,4.2014816169511375,2.2111198535775265,-1.0619524466901569,4.028787836120025,32.85054388832057,41.089112912518665,6448.907,24.0,0.0482804259796978,0.0721569924368534,0.20913733987979782,0.07305647489035302
B0025,10,1.8281265632888255,1.847011162956716,98.97755898574755,186,196,3.429899192703782,1.8524105657072527,4.201461223125712,2.3490506574184593,-1.0617949104462785,4.029715142311533,33.21344988692114,41.56081694228564,6447.125,24.0,0.0482804259796978,0.0721569924368534,0.20913733987979782,0.07305647489035302
B0025,11,1.8253563336445804,1.847011162956716,98.8275745297895,185,196,3.406197718925981,1.7970500760271888,4.190430872833885,2.3933807968066967,-1.0616392954595641,4.027391825734414,32.54793058844526,41.027186904575295,6431.219,24.0,0.0487839475735373,0.071169333870136,0.2098188359458537,0.07148410924195042
B0025,12,1.8214180552626156,1.847011162956716,98.61435013456385,184,196,3.431364532702854,1.9099130781506344,4.197641122625931,2.2877280444752963,-1.0590758191027096,4.027595208325832,32.95568065114475,41.20659187421087,6442.203,24.0,0.0476113403897874,0.0700800727152683,0.20810946721393384,0.0703253298577478
B0025,13,1.830315627968932,1.847011162956716,99.09607828460237,183,196,3.437199999112006,1.934448897147264,4.200877212432817,2.2664283152855536,-1.0596169539874956,4.028474225036271,33.31259035127085,41.45812420664237,6427.079,24.0,0.0476113403897874,0.0700800727152683,0.20810946721393384,0.0703253298577478
B0025,14,1.8175491643824844,1.847011162956716,98.40488248446378,182,196,3.4349851634526334,1.8425883947903756,4.20189282071032,2.3593044259199445,-1.0597552847363263,4.029721928809883,33.27639301328207,41.50830652935,6417.156,24.0,0.0476113403897874,0.0700800727152683,0.20810946721393384,0.0703253298577478
B0025,15,1.810901200296979,1.847011162956716,98.04495157452477,181,196,3.4358715577304486,1.828585254411004,4.200832471783116,2.372247217372112,-1.059854592361014,4.028724169575779,33.13052620279671,41.36968179986157,6398.907,24.0,0.0476113403897874,0.0700800727152683,0.20810946721393384,0.0703253298577478
B0025,16,1.8083032603084237,1.847011162956716,97.90429514316912,180,196,3.437200278486185,1.8355395996102943,4.200683407820828,2.365143808210534,-1.0604451363745762,4.030782136338009,33.262538649813465,41.46226760798129,6384.75,24.0,0.0476113403897874,0.0700800727152683,0.20810946721393384,0.0703253298577478
B0025,17,1.7928016149381063,1.847011162956716,97.06501243166119,179,196,3.388736246577245,1.949278391612896,4.176908127442872,2.2276297358299764,-1.061164896269225,4.027991609867125,33.4559068625216,41.32045149274522,6284.063,24.0,0.0478278314357151,0.0695340942491581,0.20835467783191375,0.06900913836388997
B0025,18,1.812563150045885,1.847011162956716,98.13493206745505,178,196,3.3997812429989795,1.7363301713780446,4.198430576015103,2.4621004046370585,-1.0644657893096274,4.027755663691591,33.359161719231366,41.29100352861782,6370.937000000005,24.0,0.0487151021823557,0.0704168042049264,0.2085504219420935,0.07071171610379201
B0025,19,1.807772607491239,1.847011162956716,97.87556479070416,177,196,3.4092528162288933,1.7105280581137303,4.201378297006623,2.4908502388928926,-1.0636693462251967,4.028543330165215,33.19907517017467,41.08913600776219,6359.812,24.0,0.0487151021823557,0.0704168042049264,0.2085504219420935,0.07071171610379201
B0025,20,1.8048055175003967,1.847011162956716,97.7149220154817,176,196,3.413290161572333,1.6755342791432477,4.201267329262803,2.5257330501195554,-1.063944284256531,4.027516600690674,33.10915637159371,41.02067280816404,6346.156,24.0,0.0487151021823557,0.0704168042049264,0.2085504219420935,0.07071171610379201
B0025,21,1.800538555899242,1.847011162956716,97.48390220971484,175,196,3.418321145613461,1.6704419000715314,4.201007650907643,2.5305657508361117,-1.0644931821377202,4.02700237666114,32.8730319628199,40.73588950026045,6328.172,24.0,0.0487151021823557,0.0704168042049264,0.2085504219420935,0.07071171610379201
B0025,22,1.7942356098033032,1.847011162956716,97.14265109968642,174,196,3.422800244593675,1.7016507714607274,4.200640308563649,2.498989537102922,-1.0611486398597036,4.027487021545032,32.8903015920882,40.76227622359968,6326.062,24.0,0.0487151021823557,0.0704168042049264,0.2085504219420935,0.07071171610379201
B0025,23,1.807409052434889,1.847011162956716,97.85588136573946,173,196,3.4103062616510487,1.8891035060983297,4.199028873312285,2.309925367213955,-1.057828326267502,4.029754792125187,32.07013291213046,39.71112605386658,6352.843,24.0,0.048428360930816,0.07150751057033,0.2101177259974245,0.07258517447780198
B0025,24,1.7902504816962077,1.847011162956716,96.9268901889231,172,196,3.4104689136383888,1.756482386846181,4.200691577023061,2.4442091901768803,-1.0619681305424282,4.028900600933191,32.18349666127279,39.797043058510575,6309.172000000006,24.0,0.048428360930816,0.07150751057033,0.2101177259974245,0.07258517447780198
B0025,25,1.7961223845359495,1.847011162956716,97.24480395996615,171,196,3.4208452515825636,1.8323981556137667,4.199965507353377,2.36756735173961,-1.0623591353414312,4.028134432056257,32.133961271398654,39.64019141128942,6284.297,24.0,0.048428360930816,0.07150751057033,0.2101177259974245,0.07258517447780198
B0025,26,1.7912236690350776,1.847011162956716,96.9795800350046,170,196,3.426965494192803,1.89712686584404,4.200628533399999,2.3035016675559588,-1.0638074812423732,4.028496319452566,32.19734869129393,39.75344188854835,6265.969,24.0,0.048428360930816,0.07150751057033,0.2101177259974245,0.07258517447780198
B0025,27,1.7854822365303245,1.847011162956716,96.6687301267906,169,196,3.4343195510923628,1.9934958310371556,4.200021709929957,2.2065258788928013,-1.0603658561835867,4.030782393095651,32.128660226085096,39.57317189988566,6266.641,24.0,0.048428360930816,0.07150751057033,0.2101177259974245,0.07258517447780198
B0025,28,1.7677890780323615,1.847011162956716,95.7107955537456,168,196,3.379891621690332,1.9679550948765452,4.179880908916163,2.2119258140396174,-1.0606190479243294,4.027217905704875,32.16680073898097,39.45687787991913,6198.75,24.0,0.047853306064257,0.0690392693292135,0.2096735081424163,0.07115412508088356
B0026,1,1.8132504303869896,1.8132504303869896,100.0,341,342,3.404890220315493,1.98069037313681,4.185453870728775,2.204763497591965,-1.0495360191773455,4.027935564812271,32.764485625071856,40.711455499237935,6515.422000000006,24.0,0.0912075811726714,0.11624466028643,0.19666013340496874,0.11709508218161321
B0026,2,1.8149760087078304,1.8132504303869896,100.09516491996489,340,342,3.418631404129339,1.9296821070764223,4.191986600147927,2.262304493071505,-1.0501897262481417,4.029362314258353,32.560591865941106,40.56984371986605,6516.219,24.0,0.0912075811726714,0.11624466028643,0.19666013340496874,0.11709508218161321
B0026,3,1.8135354175561995,1.8132504303869896,100.01571692273907,339,342,3.4453022579697716,2.169258771295841,4.19141376026019,2.0221549889643486,-1.0474152615120336,4.027846247982629,32.70948277164228,40.42073541309615,6489.5,24.0,0.0912075811726714,0.11624466028643,0.19666013340496874,0.11709508218161321
B0026,4,1.815149273310334,1.8132504303869896,100.10472039005329,338,342,3.4281919482774947,1.898741105703338,4.188502919522219,2.289761813818881,-1.0511342688931857,4.028749226179444,32.89402601565415,40.839359753382105,6471.25,24.0,0.0912075811726714,0.11624466028643,0.19666013340496874,0.11709508218161321
B0026,5,1.81429130140682,1.8132504303869896,100.05740359976687,337,342,3.433945869545595,1.9095478812878095,4.191429313781171,2.2818814324933614,-1.051239794627214,4.028704122042971,32.88851048708752,40.762597974826,6466.672,24.0,0.0912075811726714,0.11624466028643,0.19666013340496874,0.11709508218161321
B0026,6,1.3863373424430123,1.8132504303869896,76.45592242584692,336,342,3.2986715430208906,2.044256084427152,3.986547462246525,1.942291377819373,-0.8176606997984733,4.028710959917574,31.60887613480477,39.78739652537364,6410.672,24.0,0.0901691939902538,0.1101986159586315,0.20132116252846116,0.11228665309109599
B0026,7,1.8165277958816064,1.8132504303869896,100.18074533112986,335,342,3.395711592779412,1.8584184081271529,4.1842030048921135,2.3257845967649606,-1.051071206615797,4.028058491701451,32.4909596779559,40.12859054534907,6474.156,24.0,0.0907301345515442,0.1115298534496224,0.19878504469840014,0.11228876541970069
B0026,8,1.8085638576011065,1.8132504303869896,99.7415374783679,334,342,3.4209107644287986,1.9288388497995343,4.189253474215399,2.2604146244158647,-1.048981367462035,4.028495234172356,32.63416073863936,40.39287009990307,6460.75,24.0,0.0907301345515442,0.1115298534496224,0.19878504469840014,0.11228876541970069
B0026,9,1.804936077644182,1.8132504303869896,99.54146693675219,333,342,3.4290052342029878,1.935441772448038,4.190404777859946,2.2549630054119083,-1.0490946281054965,4.027850787866815,32.646683898798194,40.37811271633581,6448.907,24.0,0.0907301345515442,0.1115298534496224,0.19878504469840014,0.11228876541970069
B0026,10,1.8049315924982108,1.8132504303869896,99.54121958283481,332,342,3.4422746572295977,2.084244057146889,4.188068725985081,2.1038246688381923,-1.0429437842976168,4.03024351282461,32.95341147758712,40.6345527951007,6447.125,24.0,0.0907301345515442,0.1115298534496224,0.19878504469840014,0.11228876541970069
B0026,11,1.717679232699393,1.8132504303869896,94.7292885700736,331,342,3.391747147883427,1.896444377630184,4.137907749692748,2.2414633720625643,-1.002108129626011,4.0277523093513175,32.14122281811957,40.0980220096873,6431.219,24.0,0.0902485480590142,0.110233058144547,0.19946300022442998,0.11224216250725928
B0026,12,1.809804813280106,1.8132504303869896,99.80997566308872,330,342,3.433128893119263,2.039907733440496,4.186123854255208,2.1462161208147124,-1.046478428570111,4.028862296598938,32.73498021932445,40.34748376711444,6442.203,24.0,0.0896150617063206,0.1090494719882374,0.20425685522423026,0.11030557215338864
B0026,13,1.806556213274488,1.8132504303869896,99.63081673660086,329,342,3.4445618404708633,2.1312634408664395,4.1900980869893365,2.058834646122897,-1.0467914868488972,4.027646271570473,33.077725434853896,40.65512551876581,6427.079,24.0,0.0896150617063206,0.1090494719882374,0.20425685522423026,0.11030557215338864
B0026,14,1.7938155707698509,1.8132504303869896,98.92817565122591,328,342,3.435084142217923,1.8782785619868927,4.18806162606315,2.3097830640762576,-1.0469850347811238,4.029328017656563,33.067457381369145,40.78648924035223,6417.156,24.0,0.0896150617063206,0.1090494719882374,0.20425685522423026,0.11030557215338864
B0026,15,1.799304949381792,1.8132504303869896,99.23091257713249,327,342,3.4457210478614795,1.9640553148703688,4.1883484559434,2.224293141073031,-1.0475275600281526,4.029272047274109,32.902717226956746,40.64545029611132,6398.907,24.0,0.0896150617063206,0.1090494719882374,0.20425685522423026,0.11030557215338864
B0026,16,1.7842197448470132,1.8132504303869896,98.39896988008542,326,342,3.4449342432242034,1.9028600928182504,4.18723267594963,2.28437258313138,-1.0476470565655591,4.028750889542927,33.04143942038261,40.753548433947245,6384.75,24.0,0.0896150617063206,0.1090494719882374,0.20425685522423026,0.11030557215338864
B0026,17,1.6818819918515189,1.8132504303869896,92.7550857656527,325,342,3.348388974288582,2.066791178782658,4.116319031433004,2.0495278526503458,-0.99787222854682,4.027668196882973,33.28920270851618,40.90407080657346,6284.063,24.0,0.0894381163858258,0.108700830215644,0.20392425497785388,0.1110451301621168
B0026,18,1.8007519383961936,1.8132504303869896,99.31071341380415,324,342,3.4115903895548496,2.1735697218309302,4.182977160580856,2.009407438749926,-1.05175253436239,4.027827958238032,33.31828122927918,40.76016987388447,6370.937000000005,24.0,0.0898555538406385,0.109081841929317,0.20572985240571368,0.10887322010615855
B0026,19,1.795972684272296,1.8132504303869896,99.04713955528989,323,342,3.4077180188358045,1.869998135001252,4.188680037627242,2.3186819026259906,-1.0581306387784024,4.02962982115965,33.24546150252619,40.86760057065783,6359.812,24.0,0.0898555538406385,0.109081841929317,0.20572985240571368,0.10887322010615855
B0026,20,1.7931026940553298,1.8132504303869896,98.88886079969882,322,342,3.416993809879986,1.834360851438286,4.189566172290167,2.355205320851881,-1.0584303641401285,4.028266984927104,33.19381621015531,40.8457724786952,6346.156,24.0,0.0898555538406385,0.109081841929317,0.20572985240571368,0.10887322010615855
B0026,21,1.8010267542068712,1.8132504303869896,99.3258693903903,321,342,3.4279308915459796,1.8588013920189888,4.191202777072821,2.3324013850538323,-1.058835499937123,4.029480151507068,32.950371591621256,40.61328442378913,6328.172,24.0,0.0898555538406385,0.109081841929317,0.20572985240571368,0.10887322010615855
B0026,22,1.7824572301269948,1.8132504303869896,98.30176793321246,320,342,3.4504230620169447,2.1656553710973343,4.18738502716279,2.021729656065456,-1.048570222149277,4.028789778263289,32.98142836772341,40.55411444614823,6326.062,24.0,0.0898555538406385,0.109081841929317,0.20572985240571368,0.10887322010615855
B0026,23,1.7959303030608789,1.8132504303869896,99.04480224927264,319,342,3.4243550860962872,2.161441726851442,4.187376898822461,2.0259351719710192,-1.0522245912177104,4.028805091889541,32.285643510120714,39.89740047610024,6352.843,24.0,0.0894500574420642,0.109309064317628,0.20475795136798855,0.11001175426609643
B0026,24,1.7783142127341005,1.8132504303869896,98.07328226330915,318,342,3.419928142613709,1.8357784756785411,4.187719914558781,2.3519414388802398,-1.0562946339613315,4.028118554798276,32.40988062398286,40.148009555945954,6309.172000000006,24.0,0.0894500574420642,0.109309064317628,0.20475795136798855,0.11001175426609643
B0026,25,1.771719092984802,1.8132504303869896,97.70956417788777,317,342,3.4304184604928114,1.7730752055194368,4.187714468300498,2.414639262781061,-1.0562794361681302,4.032124737768037,32.395070835603484,40.16428171644192,6284.297,24.0,0.0894500574420642,0.109309064317628,0.20475795136798855,0.11001175426609643
B0026,26,1.7790749489536772,1.8132504303869896,98.11523654644778,316,342,3.4416415585585702,1.803496921850417,4.188634886565279,2.385137964714862,-1.0570022650761444,4.029296562552747,32.48055490141574,40.34822918896084,6265.969,24.0,0.0894500574420642,0.109309064317628,0.20475795136798855,0.11001175426609643
B0026,27,1.7733229782464677,1.8132504303869896,97.79801777672814,315,342,3.448941537538792,1.8019162984387032,4.188731148597371,2.3868148501586672,-1.0532958143214939,4.029143714811075,32.39831599080119,40.155136061235744,6266.641,24.0,0.0894500574420642,0.109309064317628,0.20475795136798855,0.11001175426609643
B0026,28,1.768754111010884,1.8132504303869896,97.5460466667801,314,342,3.3679598202717265,2.094755756018166,4.16813557610843,2.073379820090264,-1.061746365944055,4.028758416480095,32.5316653403438,40.01460073648428,6198.75,24.0,0.0894079114965533,0.1093666292348382,0.20081248457928957,0.10835592218031108
B0031,1,1.6666751942525773,1.6666751942525773,100.0,89,90,3.3729664490249562,2.4944372580491163,4.116561748956975,1.6221244909078583,-3.8333672232532003,3.976879354793832,52.655011353024406,60.84632469517393,1572.359,43.0,0.0401245199497282,0.0537630391590788,0.17017489447429138,0.05493927482293103
B0031,2,1.8328583629543171,1.6666751942525773,109.97093910528048,88,90,3.410655663961355,2.470379105199965,4.206499027366964,1.7361199221669987,-3.8451016770532584,3.977675278876834,53.97231092767106,61.81769411336386,1723.281,43.0,0.0401245199497282,0.0537630391590788,0.17017489447429138,0.05493927482293103
B0031,3,1.8139835002945135,1.6666751942525773,108.83845314011509,87,90,3.411724207737072,2.432998201540817,4.206542652746716,1.773544451205899,-3.8650342644443447,3.977818121218368,53.99108510894419,61.82805706187581,1705.906,43.0,0.0401245199497282,0.0537630391590788,0.17017489447429138,0.05493927482293103
B0031,4,1.8044387333514835,1.6666751942525773,108.26577005369582,86,90,3.414079984476593,2.455290559392926,4.206636701109276,1.75134614171635,-3.863745544431601,3.977299190367607,53.996608338848425,61.95644236061217,1697.688,43.0,0.0401245199497282,0.0537630391590788,0.17017489447429138,0.05493927482293103
B0031,5,1.802147684291295,1.6666751942525773,108.12830781341715,85,90,3.412679097550016,2.379788594335936,4.206755471453542,1.8269668771176062,-3.8849374979545646,3.978022092833197,53.954262670522155,62.099570509363424,1686.094,43.0,0.0401245199497282,0.0537630391590788,0.17017489447429138,0.05493927482293103
B0031,6,1.7715647509798835,1.6666751942525773,106.2933412034337,84,90,3.3963237722822415,2.3704531055353044,4.172458299789621,1.802005194254317,-3.8380587255136756,3.9767159781784978,53.973288387308486,62.03750729435005,1678.563,43.0,0.0407187291433026,0.0511267959963077,0.16712078151110457,0.05345598423199555
B0031,7,1.8139928165779544,1.6666751942525773,108.83901211426152,83,90,3.4200798093339357,2.479852487101495,4.2067410088524975,1.7268885217510026,-3.906047424985772,3.977184383768344,53.88993125496473,61.84294867967338,1677.469,43.0,0.0407187291433026,0.0511267959963077,0.16712078151110457,0.05345598423199555
B0031,8,1.8013261041198854,1.6666751942525773,108.07901325535072,82,90,3.4200087266691894,2.4765516954388933,4.2068100656143335,1.7302583701754402,-3.905358988025778,3.977097467401381,53.87262295937195,61.8379476525885,1666.093,43.0,0.0407187291433026,0.0511267959963077,0.16712078151110457,0.05345598423199555
B0031,9,1.7883722583933568,1.6666751942525773,107.30178648847983,81,90,3.417702003194436,2.359674470455269,4.206952621072369,1.8472781506170999,-3.9279761474648427,3.976862231789001,53.81893583109196,61.84646585876763,1654.328,43.0,0.0407187291433026,0.0511267959963077,0.16712078151110457,0.05345598423199555
B0031,10,1.776540165737316,1.6666751942525773,106.59186456146952,80,90,3.420480701190782,2.4195090802038206,4.206832562039922,1.787323481836101,-3.9274541286439484,3.97911043245712,53.82033376097016,61.76013798618494,1643.812,43.0,0.0407187291433026,0.0511267959963077,0.16712078151110457,0.05345598423199555
B0031,11,1.7856209131823229,1.6666751942525773,107.13670662045745,79,90,3.4123332615490005,2.3489668209281325,4.193946956737359,1.8449801358092266,-3.927239655425038,3.978347529374349,53.821133604090825,61.91960614794014,1652.266,43.0,0.0406992188064198,0.0506433251487768,0.1636592942577072,0.051421245451914704
B0031,12,1.781363403668594,1.6666751942525773,106.88125735665304,78,90,3.420910074120947,2.399709439291441,4.206655556995042,1.8069461177036006,-3.9268971976071376,3.9771521389968303,53.81794815350033,61.86471031425517,1648.672,43.0,0.0406992188064198,0.0506433251487768,0.1636592942577072,0.051421245451914704
B0031,13,1.768489838397124,1.6666751942525773,106.10884739244023,77,90,3.4216539858581876,2.4168059304515817,4.207198543313955,1.790392612862373,-3.926457770086078,3.977691809263504,53.80194299620242,61.77393480386064,1636.969,43.0,0.0406992188064198,0.0506433251487768,0.1636592942577072,0.051421245451914704
B0031,14,1.766505238291406,1.6666751942525773,105.98977199535256,76,90,3.423749066677016,2.471072287476068,4.206978754188053,1.7359064667119846,-3.925817080441477,3.977537552103438,53.75880729814269,61.64539051089847,1625.187,43.0,0.0406992188064198,0.0506433251487768,0.1636592942577072,0.051421245451914704
B0031,15,1.751740527921767,1.6666751942525773,105.10389390581514,75,90,3.4209893105313918,2.404447263605832,4.20675228195214,1.8023050183463076,-3.9255513820662964,3.978111649265431,53.78850848662172,61.88870329111738,1622.016,43.0,0.0406992188064198,0.0506433251487768,0.1636592942577072,0.051421245451914704
B0031,16,1.7352349314055016,1.6666751942525773,104.1135631819174,74,90,3.40095456627701,2.405938768821008,4.168980783747018,1.7630420149260098,-3.852591436358121,3.977751186219502,53.8368863785077,61.98674236534618,1638.422,43.0,0.0405054986733422,0.0506972665386652,0.16466652133660226,0.05101153394416791
B0031,17,1.7782778274549178,1.6666751942525773,106.6961237310782,73,90,3.421591713831319,2.386904670931757,4.207227268504839,1.8203225975730821,-3.925749357747081,3.97681234987642,53.773379186088945,61.73655452780071,1646.438,43.0,0.0405054986733422,0.0506972665386652,0.16466652133660226,0.05101153394416791
B0031,18,1.7649894859707391,1.6666751942525773,105.89882732143565,72,90,3.420573981542695,2.365034266156857,4.207303258469689,1.8422689923128317,-3.9249912249362797,3.976912066880602,53.77386924606414,61.82230520583519,1634.765,43.0,0.0405054986733422,0.0506972665386652,0.16466652133660226,0.05101153394416791
B0031,19,1.762591283533551,1.6666751942525773,105.75493591143218,71,90,3.422624599533156,2.4186775515647607,4.207353806036226,1.788676254471465,-3.9244475102493666,3.978688647773789,53.754659591825344,61.70265737807168,1622.016,43.0,0.0405054986733422,0.0506972665386652,0.16466652133660226,0.05101153394416791
B0031,20,1.744314576121582,1.6666751942525773,104.65833907750827,70,90,3.4201177255120836,2.360775838409723,4.206667054740019,1.8458912163302963,-3.9241185399534726,3.97903376287443,53.766677549195336,61.83339482415222,1616.25,43.0,0.0405054986733422,0.0506972665386652,0.16466652133660226,0.05101153394416791
B0031,21,1.7628373753518478,1.6666751942525773,105.7697013449819,69,90,3.4199667649637617,2.4505597087782616,4.198651200144167,1.7480914913659054,-3.924417903030087,3.9780140451348855,53.731744909320135,61.71886225058171,1622.218,43.0,0.0406114182602961,0.0500869798267196,0.16298698914102064,0.0520025491723495
B0031,22,1.747857930947971,1.6666751942525773,104.87093927931173,68,90,3.4203305433739613,2.3428829070219703,4.207348617133544,1.8644657101115736,-3.9240126202473213,3.9779736389102816,53.77927288646249,61.9456150656118,1619.656,43.0,0.0406114182602961,0.0500869798267196,0.16298698914102064,0.0520025491723495
B0031,23,1.7441167338864991,1.6666751942525773,104.6464686041392,67,90,3.422863512888695,2.411955819284382,4.2072481474909695,1.7952923282065876,-3.9232971090768873,3.9784996176795904,53.77940592279519,61.68681561807962,1605.484,43.0,0.0406114182602961,0.0500869798267196,0.16298698914102064,0.0520025491723495
B0031,24,1.7268422932817389,1.6666751942525773,103.61000747096038,66,90,3.4198002859215846,2.3413222526109294,4.207149488755062,1.8658272361441322,-3.92291737914847,3.978808047093823,53.7498055148608,61.72142337926525,1600.75,43.0,0.0406114182602961,0.0500869798267196,0.16298698914102064,0.0520025491723495
B0031,25,1.7203093493042263,1.6666751942525773,103.21803283786805,65,90,3.4194705619732524,2.328244465576847,4.2072173595407625,1.8789728939639154,-3.9226738819129343,3.9775428897202,53.75572683773813,61.922368397426354,1595.0,43.0,0.0406114182602961,0.0500869798267196,0.16298698914102064,0.0520025491723495
B0031,26,1.7394245516699778,1.6666751942525773,104.36493911160807,64,90,3.4145994489347067,2.318164845471509,4.196145238330935,1.8779803928594259,-3.9229572377699213,3.9805743604314334,53.754287656200816,61.87504931919781,1612.422,43.0,0.0417265396435138,0.0519167957925598,0.16456930562155414,0.05442178653721425
B0031,27,1.7367384416372014,1.6666751942525773,104.2037733342545,63,90,3.4248774653161553,2.4548236850102603,4.2069462617112805,1.7521225767010202,-3.922700094183036,3.979162923764102,53.711431807207,61.49120341342234,1598.969,43.0,0.0417265396435138,0.0519167957925598,0.16456930562155414,0.05442178653721425
B0031,28,1.716963468448543,1.6666751942525773,103.0172810136841,62,90,3.420974185160828,2.3584309858697914,4.207372373768093,1.8489413878983019,-3.9220779649294735,3.978306860506898,53.69342764953342,61.70751319442212,1592.187,43.0,0.0417265396435138,0.0519167957925598,0.16456930562155414,0.05442178653721425
B0031,29,1.7127773558366357,1.6666751942525773,102.76611554207076,61,90,3.4245085053170605,2.4660401403368404,4.206841499612997,1.7408013592761566,-3.9213702793706045,3.977319747335911,53.61958378565316,61.49432037699378,1577.484,43.0,0.0417265396435138,0.0519167957925598,0.16456930562155414,0.05442178653721425
B0031,30,1.7061083466554066,1.6666751942525773,102.36597703852628,60,90,3.423217374797564,2.442554361335084,4.207073830058116,1.764519468723032,-3.9210732675731483,3.978351078081253,53.633628437869824,61.505904797603456,1571.547,43.0,0.0417265396435138,0.0519167957925598,0.16456930562155414,0.05442178653721425
B0031,31,1.713732696207521,1.6666751942525773,102.82343567104249,59,90,3.4217612690112014,2.455972935605985,4.202288246181564,1.746315310575579,-3.9208447863377685,3.977915936469046,53.64298219337473,61.58650298757853,1578.484,43.0,0.0407109362186436,0.0509479362355607,0.165325073995713,0.05243728443808954
B0031,32,1.7093475797926974,1.6666751942525773,102.56033003234661,58,90,3.420095731247544,2.3451886335989784,4.2068098855652165,1.861621251966238,-3.9207501433470915,3.979004823352766,53.640194623026446,61.66803036509911,1574.469,43.0,0.0407109362186436,0.0509479362355607,0.165325073995713,0.05243728443808954
B0031,33,1.690100045411559,1.6666751942525773,101.40548387830819,57,90,3.418207639268387,2.3048157078228537,4.207132897125494,1.9023171893026407,-3.9202672088226542,3.978994022429637,53.65373339276206,61.83745125268187,1568.281,43.0,0.0407109362186436,0.0509479362355607,0.165325073995713,0.05243728443808954
B0031,34,1.6946883343387664,1.6666751942525773,101.68077980537484,56,90,3.4190055604969225,2.327904771892418,4.207018144824621,1.8791133729322032,-3.919741625648533,3.977360849056161,53.65355338521763,61.7791359328034,1561.422,43.0,0.0407109362186436,0.0509479362355607,0.165325073995713,0.05243728443808954
B0031,35,1.687010991299212,1.6666751942525773,101.22014157988079,55,90,3.4200180230564365,2.3672431402232186,4.206967994384534,1.8397248541613158,-3.9196997597664827,3.98157731389867,53.647830742878845,61.63755727730526,1554.234,43.0,0.0407109362186436,0.0509479362355607,0.165325073995713,0.05243728443808954
B0031,36,1.6957069027070075,1.6666751942525773,101.74189359477745,54,90,3.41552953622903,2.32931910043758,4.198742074510769,1.8694229740731894,-3.919678832661814,3.978371819312698,53.654715008055895,61.76541153453152,1573.734,43.0,0.0407936340944221,0.0510311327121053,0.16635802485075574,0.05308542082358608
B0031,37,1.687696889615565,1.6666751942525773,101.26129526829702,53,90,3.4189014427486333,2.313616978242905,4.206906802432806,1.8932898241899005,-3.9194105864839486,3.979278165023497,53.66098543950281,61.71412204720752,1566.578,43.0,0.0407936340944221,0.0510311327121053,0.16635802485075574,0.05308542082358608
B0031,38,1.6819617127259294,1.6666751942525773,100.91718641556955,52,90,3.423353784322714,2.464103908062826,4.20664698001037,1.7425430719475439,-3.9186527397651205,3.979799695817293,53.59867010741405,61.46370523914892,1550.047,43.0,0.0407936340944221,0.0510311327121053,0.16635802485075574,0.05308542082358608
B0031,39,1.6750033888978846,1.6666751942525773,100.49968912203329,51,90,3.4227287920309317,2.450218643464606,4.206935457661614,1.756716814197008,-3.9185184747583235,3.978467204430153,53.628910349751585,61.45868723262231,1543.64,43.0,0.0407936340944221,0.0510311327121053,0.16635802485075574,0.05308542082358608
B0031,40,1.6672987794846676,1.6666751942525773,100.03741492249006,50,90,3.422760457985402,2.4650879684691613,4.207096999865798,1.7420090313966368,-3.918145386509849,3.9775318525247543,53.61379694880726,61.44540062417477,1536.781,43.0,0.0407936340944221,0.0510311327121053,0.16635802485075574,0.05308542082358608
B0049,1,0.8583727215167135,0.8583727215167135,100.0,36,37,3.053366988981642,1.992540128455469,3.8462292855248927,1.8536891570694238,-1.9911008133050878,2.020967008916884,13.052857746525287,16.380725919820748,1713.235,4.0,0.0433385417036897,0.1579440267453546,0.06752332595991381,0.13304552729679486
B0049,2,1.4209057149417377,0.8583727215167135,165.53481713993062,35,37,3.2129415422375103,1.9882559316714203,4.162219408853582,2.173963477182162,-1.83826156002667,2.0153014084095795,12.628005551626734,20.824132297943244,3170.984,4.0,0.0433385417036897,0.1579440267453546,0.06752332595991381,0.13304552729679486
B0049,3,1.372852133389263,0.8583727215167135,159.93659851672396,34,37,3.184979657873478,1.999572792895172,4.191097729318615,2.191524936423443,-1.9024015568068964,2.014855437456021,12.625179528928726,22.127142494646403,3135.344,4.0,0.0433385417036897,0.1579440267453546,0.06752332595991381,0.13304552729679486
B0049,4,1.3643742487429145,0.8583727215167135,158.94892912394914,33,37,3.3418301077163903,1.9713959702644483,4.191581344098992,2.2201853738345436,-1.7343383193976387,2.01601295143096,11.462796138822771,17.45530915998414,3049.781,4.0,0.0433385417036897,0.1579440267453546,0.06752332595991381,0.13304552729679486
B0049,5,2.378643730568756,0.8583727215167135,277.11082504646447,32,37,3.2625681004485227,1.9735165526751877,4.462470916200919,2.488954363525732,-2.0045868396237765,2.016781837557893,14.669814873687034,20.096309819317955,4565.859,4.0,0.0433385417036897,0.1579440267453546,0.06752332595991381,0.13304552729679486
B0049,6,1.0605357965671216,0.8583727215167135,123.55189884100619,31,37,3.4447754613409876,1.9779063196102415,4.176096603328684,2.198190283718443,-0.8640775471976619,2.0159486718933524,10.159724053383584,20.530529696550808,5428.594,4.0,0.0638173707029388,0.1426082664508583,0.0925768071152801,0.15795709656681883
B0049,7,1.0069932376659496,0.8583727215167135,117.31421705557337,30,37,3.2264301040985295,1.999505796022011,4.192152439213644,2.192646643191633,-1.6316825774505053,2.0165552728134664,12.747809437833528,19.605507267281187,2646.797,4.0,0.0638173707029388,0.1426082664508583,0.0925768071152801,0.15795709656681883
B0049,8,0.9298775334359536,0.8583727215167135,108.33027543010614,29,37,3.226587700876868,1.9998676881173485,4.19193811929599,2.192070431178642,-1.5413805979962574,2.0160269331983307,12.859387226194555,21.578292345131203,2705.594,4.0,0.0638173707029388,0.1426082664508583,0.0925768071152801,0.15795709656681883
B0049,9,0.9232377029483808,0.8583727215167135,107.55673844306857,28,37,3.2214892828227866,1.9942412611094629,4.191932999195206,2.1976917380857435,-1.5480032557315486,2.015682931257663,12.77865014417398,21.333411676684342,2627.828,4.0,0.0638173707029388,0.1426082664508583,0.0925768071152801,0.15795709656681883
B0049,10,0.9053279121173716,0.8583727215167135,105.47025661739227,27,37,3.3410764354812947,1.9887929829692836,4.190969695803424,2.20217671283414,-1.2679865452905723,2.015748607797613,11.60077882051404,18.65094643921925,2981.312,4.0,0.0638173707029388,0.1426082664508583,0.0925768071152801,0.15795709656681883
B0049,11,0.8595848360639872,0.8583727215167135,100.14121074876796,26,37,3.064645703434,1.99394963168183,4.171684324757671,2.177734693075841,-1.9918699549524492,2.016079035961751,12.462166006182779,21.206691637037263,1941.797,4.0,0.0638173707029388,0.1426082664508583,0.1809667523640217,0.1602431392269326
B0049,12,0.8369614294820705,0.8583727215167135,97.50559500576742,25,37,3.2359600944959555,1.997025505884536,4.190637849743496,2.19361234385896,-1.4315359583206417,2.016783294487201,12.68524460660397,21.329570135453707,2663.625,4.0,0.0638173707029388,0.1426082664508583,0.1809667523640217,0.1602431392269326
B0049,13,0.8456824187653132,0.8583727215167135,98.5215859692073,24,37,3.306834813693079,1.990570708799589,4.1898267739177975,2.1992560651182087,-1.282717511127997,2.0153368862843237,12.070917134385256,18.615958800969327,2862.25,4.0,0.0638173707029388,0.1426082664508583,0.1809667523640217,0.1602431392269326
B0049,14,0.8071214007577537,0.8583727215167135,94.02924633154691,23,37,3.027048731210282,1.9874243707218109,4.190571685709423,2.203147314987612,-1.99132682330145,2.0158427443639826,12.931744232686027,22.131760657764843,1894.485,4.0,0.0638173707029388,0.1426082664508583,0.1809667523640217,0.1602431392269326
B0049,15,0.7820744360746734,0.8583727215167135,91.11128726140973,22,37,3.0458944536011447,1.989251737206632,4.18826381558764,2.199012078381008,-1.9900791687971107,2.015178417335196,12.53100572898693,21.0797561027406,1799.25,4.0,0.0638173707029388,0.1426082664508583,0.1809667523640217,0.1602431392269326
B0049,16,0.7953019444133349,0.8583727215167135,92.65228547897762,21,37,3.0556096413337333,1.9868911872895965,4.162762870031206,2.17587168274161,-1.9889148395636458,2.015693117280659,12.33551372934191,19.66472404691272,1741.204,4.0,0.0638173707029388,0.1426082664508583,0.2640070024080922,0.1659627599648179
B0049,17,0.7752051154719997,0.8583727215167135,90.3110147888018,20,37,2.9848405470772863,1.996058976050717,4.1692630784027385,2.173204102352021,-1.9909739596230231,2.017126618248215,13.187367445445181,22.347809168975328,1899.218,4.0,0.0638173707029388,0.1426082664508583,0.2640070024080922,0.1659627599648179
B0049,18,0.7711865903845158,0.8583727215167135,89.84285859199451,19,37,3.216101228170252,1.9811242583835047,4.186817701935873,2.2056934435523687,-1.4760043090484107,2.016129985116996,12.73854385905339,19.41196098209977,2305.25,4.0,0.0638173707029388,0.1426082664508583,0.2640070024080922,0.1659627599648179
B0049,19,0.7585098914517947,0.8583727215167135,88.36602939938902,18,37,3.0487042882213067,1.991234767471124,4.188353148421002,2.197118380949878,-1.9881249898325228,2.0162046577360044,12.43174282130699,19.074608803884857,1690.594,4.0,0.0638173707029388,0.1426082664508583,0.2640070024080922,0.1659627599648179
B0049,20,0.7349386490499009,0.8583727215167135,85.61999124940631,17,37,2.97408172255637,1.992352748796434,4.161361064351189,2.1690083155547546,-1.9893873144726053,2.01581049777552,13.382353818734753,22.607671167433093,1800.421,4.0,0.0638173707029388,0.1426082664508583,0.40381977987218576,0.17479859064796333
B0049,21,0.7366758033690756,0.8583727215167135,85.82236887344185,16,37,3.0444695632884358,1.9960897948919885,4.186507738215053,2.190417943323065,-1.9869251503871834,2.0160585309963657,12.300881528020009,19.003281636478988,1633.25,4.0,0.0638173707029388,0.1426082664508583,0.40381977987218576,0.17479859064796333
B0049,22,0.7093946599203638,0.8583727215167135,82.64412907564083,15,37,2.977231196667954,1.9999963944412724,4.188359485457034,2.1883630910157614,-1.9884870151283096,2.0163487950701438,13.146013541941878,22.10154579807187,1737.172,4.0,0.0638173707029388,0.1426082664508583,0.40381977987218576,0.17479859064796333
B0049,23,0.7186465009220309,0.8583727215167135,83.72196400326055,14,37,3.0221149151314726,1.9911540027307004,4.185414346041184,2.1942603433104835,-1.9864544147288472,2.0153902683188014,12.419820365387574,19.702963463668752,1614.406,4.0,0.0638173707029388,0.1426082664508583,0.40381977987218576,0.17479859064796333
B0049,24,0.6913885231046639,0.8583727215167135,80.54642299012083,13,37,2.9634989615749228,1.9924291348754952,4.187572397568079,2.195143262692584,-1.9877745412866725,2.016217383011093,13.214727037699832,22.293655276575564,1708.86,4.0,0.0638173707029388,0.1426082664508583,0.40381977987218576,0.17479859064796333
B0050,1,0.8631448527758341,0.8631448527758341,100.0,9,10,3.058057702902254,2.1766233079901336,3.818275498868238,1.6416521908781045,-1.9678823415208642,2.0138841954536875,14.106047002561935,17.700710235479104,1713.235,4.0,0.0761757019999664,0.1650538224128641,0.03534420807208913,0.15453494460220973
B0050,2,1.648789607776492,0.8631448527758341,191.02119446974174,8,10,3.249035054994234,2.17499719337362,4.158856235580694,1.9838590422070737,-2.000046726807743,2.014864087482442,12.882473241826203,19.05864532227174,3170.984,4.0,0.0761757019999664,0.1650538224128641,0.03534420807208913,0.15453494460220973
B0050,3,1.601636485397804,0.8631448527758341,185.55825018790472,7,10,3.276984379936998,2.1911951483218752,4.183088539012577,1.9918933906907021,-2.0001495312287836,2.0155624547698805,12.442013542177062,20.111233999456417,3135.344,4.0,0.0761757019999664,0.1650538224128641,0.03534420807208913,0.15453494460220973
B0050,4,1.5517564797427017,0.8631448527758341,179.7793817286084,6,10,3.2890741542906974,2.1942759978640183,4.1834218050176215,1.9891458071536032,-1.999381685199029,2.016192178653311,12.067451252934292,20.278735817853075,3049.781,4.0,0.0761757019999664,0.1650538224128641,0.03534420807208913,0.15453494460220973
B0050,5,2.6401491157387014,0.8631448527758341,305.8755557943841,5,10,3.3355734950869853,2.178400890970668,4.542426686314755,2.3640257953440873,-2.0055567331475808,2.018766969100753,15.239769089136006,24.96276210259813,5428.594,4.0,-4986.050426740892,1862.2309458669624,2810.4092798006523,3.0606046140212917
B0050,6,1.359027658891632,0.8631448527758341,157.45070535044746,4,10,3.2573285012561177,2.1918281570306326,4.180885798287954,1.9890576412573213,-1.9976916428210447,2.016882367193576,12.391726056611569,19.265522316221983,2646.797,4.0,-4986.050426740892,1862.2309458669624,2810.4092798006523,3.0606046140212917
B0050,7,1.3742172692238257,0.8631448527758341,159.2105038690095,3,10,3.2495783074004967,2.1945981119604814,4.184295530413868,1.9896974184533867,-1.9978786539081472,2.016230384723665,12.491970904185653,18.66332781758057,2705.594,4.0,-4986.050426740892,1862.2309458669624,2810.4092798006523,3.0606046140212917
B0050,8,1.3528030430821978,0.8631448527758341,156.729549939578,2,10,3.267575856775779,2.1871747097810523,4.186758460479898,1.9995837506988456,-1.9973459914842018,2.0165268325750443,12.223956310303723,19.24741197475352,2627.828,4.0,-4986.050426740892,1862.2309458669624,2810.4092798006523,3.0606046140212917
B0050,9,1.3607406193458431,0.8631448527758341,157.64916108458087,1,10,3.1510598793508446,2.1918823058659096,4.185256536983114,1.9933742311172042,-1.9987818593787239,2.017293825164074,13.386384235573518,22.784422727870645,2981.312,4.0,-4986.050426740892,1862.2309458669624,2810.4092798006523,3.0606046140212917
B0050,10,0.5268786924650971,0.8631448527758341,61.04174644275287,0,10,3.5669768532640593,0.3203299638987588,4.160830604206153,3.8405006403073947,-0.981190437842449,2.014695797616069,9.39503756076183,13.887369323051947,1941.797,4.0,0.102682232070076,0.1690229975991349,0.014817601095604595,0.16421387189870834
B0050,11,1.4002714246164416,0.8631448527758341,162.22901869984315,0,10,3.252056715450036,2.184263094213456,4.184284380356375,2.0000212861429185,-1.9975116671519328,2.0203138964301943,12.718196082251707,17.779357290699473,2663.625,4.0,0.102682232070076,0.1690229975991349,0.014817601095604595,0.16421387189870834
B0050,12,1.4289274755270829,0.8631448527758341,165.54897720025997,0,10,3.0874838435029104,2.1762467490120763,4.184699738172036,2.0084529891599594,-1.9977018363826191,2.0182354363143165,14.939082954475598,22.23552363801744,2862.25,4.0,0.102682232070076,0.1690229975991349,0.014817601095604595,0.16421387189870834
B0050,13,0.5736933387569048,0.8631448527758341,66.46547643908592,0,10,3.2035526569134523,2.1260336204243564,3.795648723658772,1.6696151032344155,-1.2349850771455337,2.0132843977975976,12.119721382650447,18.15521296792552,1799.25,4.0,0.102682232070076,0.1690229975991349,0.014817601095604595,0.16421387189870834
B0050,14,1.179168781562907,0.8631448527758341,136.61308154370087,0,10,3.210764993027875,0.1927377074618698,4.062962069472706,3.8702243620108367,-1.9854902626239654,2.017632920268886,12.058448732368104,19.262784970646152,2305.25,4.0,0.1080963797632516,0.1913368939378321,0.17540327653336907,0.18100270662875062
B0051,1,0.6434735598158292,0.6434735598158292,100.0,73,74,3.1549295868000704,2.469359676853076,3.8000325140227753,1.3306728371696992,-1.4446529772433485,1.9904601456447133,13.521306814955082,17.933039751399626,1713.235,4.0,0.0638844452297328,0.1650552657421569,0.049352876414006354,0.15322911045407195
B0051,2,1.293180461998278,0.6434735598158292,200.96870217455458,72,74,3.3515013948204975,2.494398109831089,4.166332642660912,1.6719345328298227,-1.542691727192151,1.99003056135952,12.329416092737752,17.97953483271074,3170.984,4.0,0.0638844452297328,0.1650552657421569,0.049352876414006354,0.15322911045407195
B0051,3,1.2288940261191657,0.6434735598158292,190.9781695569421,71,74,3.4103353813308237,2.493737690186406,4.197817181186768,1.7040794910003623,-1.4746378269373634,1.9907652212254523,11.786163300295161,16.976273689395825,3135.344,4.0,0.0638844452297328,0.1650552657421569,0.049352876414006354,0.15322911045407195
B0051,4,1.2039031789717949,0.6434735598158292,187.09442845116558,70,74,3.399036037954353,2.484825203522635,4.201090648817504,1.7162654452948694,-1.5006800020025486,1.990224766082128,11.79177216318508,18.15291521418941,3049.781,4.0,0.0638844452297328,0.1650552657421569,0.049352876414006354,0.15322911045407195
B0051,5,2.330873478782131,0.6434735598158292,362.23298428132125,69,74,3.35046347393405,2.481006838176381,4.4605398643795535,1.9795330262031725,-1.896821592318448,1.9923919648262227,14.855344209164883,20.74350641722436,4565.859,4.0,0.0638844452297328,0.1650552657421569,0.049352876414006354,0.15322911045407195
B0051,6,1.0092808819126011,0.6434735598158292,156.84885051088514,68,74,3.5507869816186806,2.4989144012367213,4.183564695802171,1.6846502945654498,-0.7374819898351749,1.990655656298888,9.407360590589006,19.42896460124537,5428.594,4.0,0.0793182123358629,0.1850923141282679,0.1294384182371777,0.17568556504040445
B0051,7,0.9565659895125322,0.6434735598158292,148.6566114365778,67,74,3.3747303939191564,2.4909800416005967,4.201222601303239,1.710242559702642,-1.4120917458916038,1.9928667511122289,12.00427347710193,18.9541455757646,2646.797,4.0,0.0793182123358629,0.1850923141282679,0.1294384182371777,0.17568556504040445
B0051,8,0.901956291365404,0.6434735598158292,140.1699071557122,66,74,3.4288897043375743,2.494677278512384,4.202406487867388,1.707729209355004,-1.2823219733883886,1.9902384975692375,11.420322251577586,17.468709072861763,2705.594,4.0,0.0793182123358629,0.1850923141282679,0.1294384182371777,0.17568556504040445
B0051,9,0.8897906666138162,0.6434735598158292,138.27928949691207,65,74,3.391239374171384,2.4990630530936326,4.204413406598424,1.7053503535047914,-1.3407891208749412,1.990706372919536,11.80356781146328,19.153660408464766,2627.828,4.0,0.0793182123358629,0.1850923141282679,0.1294384182371777,0.17568556504040445
B0051,10,0.8830717036634559,0.6434735598158292,137.23511870731767,64,74,3.458540277576628,2.49110131411956,4.203308441652878,1.7122071275333175,-1.1389566244625628,1.990986162648124,10.939133221658826,16.52477794467856,2981.312,4.0,0.0793182123358629,0.1850923141282679,0.1294384182371777,0.17568556504040445
B0051,11,0.8431270354481757,0.6434735598158292,131.0274559982682,63,74,3.331880238029603,2.487899627353052,4.187936112831865,1.7000364854788135,-1.6577316261962292,1.9921565534257668,11.883224057630693,17.11375752268931,1941.797,4.0,0.0752560606873869,0.1902290927957217,0.09439004515453825,0.1686689167088908
B0051,12,0.826559103449663,0.6434735598158292,128.45269099887108,62,74,3.4455112582421257,2.4928843010694406,4.204131585576503,1.7112472845070625,-1.2024628091563312,1.9907118191391828,11.104558398908889,17.63739523383682,2663.625,4.0,0.0752560606873869,0.1902290927957217,0.09439004515453825,0.1686689167088908
B0051,13,0.8352681546837963,0.6434735598158292,129.80613452444905,61,74,3.4313160640623783,2.4993609910440835,4.20261624712583,1.7032552560817464,-1.168347837338951,1.99014628502916,11.406827135294929,18.52236923892433,2862.25,4.0,0.0752560606873869,0.1902290927957217,0.09439004515453825,0.1686689167088908
B0051,14,0.8025719464987874,0.6434735598158292,124.72492991452427,60,74,3.3091927488307733,2.498094046924129,4.204441713018145,1.706347666094016,-1.665118160522683,1.9918526087146264,12.198436592525173,18.39923327528304,1894.485,4.0,0.0752560606873869,0.1902290927957217,0.09439004515453825,0.1686689167088908
B0051,15,0.7839218784699513,0.6434735598158292,121.82658735726768,59,74,3.321646649287508,2.495501924298458,4.205629455017258,1.7101275307187995,-1.6832381832629877,1.9915285938625495,11.825318185585296,17.275372082939334,1799.25,4.0,0.0752560606873869,0.1902290927957217,0.09439004515453825,0.1686689167088908
B0051,16,0.7910763493036002,0.6434735598158292,122.93843892047668,58,74,3.2949705809839465,2.490477437469913,4.18869211223692,1.6982146747670068,-1.7405566859787576,1.990859718937767,11.835979280716879,16.60444518809659,1741.204,4.0,0.0781802277846298,0.1646760292726133,0.06721723955740225,0.16596186387005282
B0051,17,0.7654538269480236,0.6434735598158292,118.95653135571051,57,74,3.3300145239416707,2.491598912047876,4.1821997161959255,1.6906008041480494,-1.5726949110278066,1.994157229105373,12.009985166510232,17.682518901037938,1899.218,4.0,0.0781802277846298,0.1646760292726133,0.06721723955740225,0.16596186387005282
B0051,18,0.773177347633947,0.6434735598158292,120.15681698798015,56,74,3.391911995963896,2.4869071541416994,4.194584498935661,1.7076773447939613,-1.314248973317158,1.9911277842699449,11.689546036688197,16.94512387438401,2305.25,4.0,0.0781802277846298,0.1646760292726133,0.06721723955740225,0.16596186387005282
B0051,19,0.7605293776416485,0.6434735598158292,118.1912397238703,55,74,3.267971796503206,2.499952602276462,4.197406401996851,1.697453799720389,-1.7652832229320168,1.990804461946515,11.987366110206718,17.545176388637014,1690.594,4.0,0.0781802277846298,0.1646760292726133,0.06721723955740225,0.16596186387005282
B0051,20,0.7376430319247004,0.6434735598158292,114.63455190541532,54,74,3.2933938275360117,2.4997210982004625,4.189508964301152,1.6897878661006893,-1.639295567416511,1.990688448137932,12.368454802055908,18.870237090882178,1800.421,4.0,0.0822217340232647,0.1594446953812804,0.06862519925840026,0.1691844992343815
B0051,21,0.739179500257907,0.6434735598158292,114.87332913406266,53,74,3.271485849685164,2.491516785323916,4.19596724295681,1.7044504576328938,-1.755416228780336,1.9935500054668205,11.81014948809308,16.8501327260127,1633.25,4.0,0.0822217340232647,0.1594446953812804,0.06862519925840026,0.1691844992343815
B0051,22,0.7014575429842594,0.6434735598158292,109.01109024355655,52,74,3.30778530525047,2.496222014851971,4.190531975284901,1.6943099604329297,-1.6005657555126516,1.993456926596487,12.09457421285805,18.12397455517185,1737.172,4.0,0.0822217340232647,0.1594446953812804,0.06862519925840026,0.1691844992343815
B0051,23,0.7047349480541781,0.6434735598158292,109.52042042813426,51,74,3.2841455177779646,2.488325882818304,4.178476681914968,1.690150799096664,-1.688137636758635,1.9932734131292416,11.79702749942571,16.26047891418261,1614.406,4.0,0.0822217340232647,0.1594446953812804,0.06862519925840026,0.1691844992343815
B0051,24,0.677848893570423,0.6434735598158292,105.3421517061917,50,74,3.3119152698386265,2.495715251425015,4.1919700049548565,1.6962547535298413,-1.5784322210682304,1.9937534992241324,12.079392114792578,18.15350870977148,1708.86,4.0,0.0822217340232647,0.1594446953812804,0.06862519925840026,0.1691844992343815
B0006,1,2.035337591005598,2.035337591005598,100.0,101,102,3.556946061827572,2.4757677568281857,4.179823027658306,1.70405527083012,-1.990533350635129,2.015537581193984,32.14277785992152,39.16298653238707,3690.234,24.0,0.0612335902100034,0.0785415394665875,0.33601213164584715,0.07995207246589005
B0006,2,2.025140246031412,2.035337591005598,99.49898508143076,100,102,3.56147580138708,2.35152551190002,4.177288238505559,1.8257627266055394,-1.9902775421457088,2.0149020169266376,32.29307515705474,39.2462026826329,3672.344,24.0,0.0612335902100034,0.0785415394665875,0.33601213164584715,0.07995207246589005
B0006,3,2.013326371345464,2.035337591005598,98.91854698908898,99,102,3.5667524696413215,2.440479715106544,4.1781213228923,1.7376416077857564,-1.9899467848963859,2.014434345552428,32.24414709253608,38.999202460252846,3651.641,24.0,0.0612335902100034,0.0785415394665875,0.33601213164584715,0.07995207246589005
B0006,4,2.0132846655407413,2.035337591005598,98.91649790372313,98,102,3.5687953371516272,2.479155853900392,4.1785623580417175,1.6994065041413253,-1.9896009282099438,2.0142051662535234,32.14711742429942,38.84362777186652,3631.563,24.0,0.0612335902100034,0.0785415394665875,0.33601213164584715,0.07995207246589005
B0006,5,2.000528337624771,2.035337591005598,98.28975529491258,97,102,3.563970503289941,2.280187848173442,4.17824995156942,1.898062103395978,-1.9895483606575701,2.013995769332238,32.06687277315468,38.97798888258284,3629.172,24.0,0.0612335902100034,0.0785415394665875,0.33601213164584715,0.07995207246589005
B0006,6,2.0138990759931645,2.035337591005598,98.9466850557287,96,102,3.5735512387791406,2.4392842568466446,4.193216523251186,1.7539322664045414,-1.9901040351037365,2.0151519685741275,32.03447836207717,38.83989920742278,3652.281,24.0,0.0612335902100034,0.0785415394665875,0.33601213164584715,0.07995207246589005
B0006,7,2.013101105626967,2.035337591005598,98.907479256665,95,102,3.571139134378589,2.2812068449406446,4.193732603145628,1.9125257582049837,-1.9900886222380374,2.0145081864690626,32.11157496697371,39.04610837498471,3650.828,24.0,0.0612335902100034,0.0785415394665875,0.33601213164584715,0.07995207246589005
B0006,8,1.96878982627284,2.035337591005598,96.73038197560736,94,102,3.5681507462163036,2.366410527029613,4.176826628115461,1.8104161010858482,-1.9891170520197212,2.0146816699579064,32.112576242471775,38.87507521022778,3572.453,24.0,0.0612335902100034,0.0785415394665875,0.33601213164584715,0.07995207246589005
B0006,9,1.9681661764334244,2.035337591005598,96.69974087497759,93,102,3.5692834155812436,2.436020049578708,4.176369138969733,1.740349089391025,-1.9892116643905464,2.015071955488147,32.03566207329278,38.7260539826455,3550.594,24.0,0.0612335902100034,0.0785415394665875,0.33601213164584715,0.07995207246589005
B0006,10,1.9572307917560536,2.035337591005598,96.16246466459876,92,102,3.563388513484579,2.1864377487643725,4.176897989902666,1.9904602411382935,-1.989191243247005,2.0155176072270926,31.99527968872302,38.98629728904917,3551.25,24.0,0.0612335902100034,0.0785415394665875,0.33601213164584715,0.07995207246589005
B0006,11,1.9455991514129352,2.035337591005598,95.59098009149795,91,102,3.566658719765511,2.3406023605912454,4.177579509962451,1.8369771493712053,-1.9891317699701738,2.014079047237871,31.874127571841353,38.65978861919643,3530.25,24.0,0.0612335902100034,0.0785415394665875,0.33601213164584715,0.07995207246589005
B0006,12,1.934750504484113,2.035337591005598,95.05796547137972,90,102,3.5687035970122842,2.4263021374140443,4.177996110793395,1.7516939733793508,-1.9887805507702205,2.0134697854511865,32.120959708576166,38.84979195732924,3491.016,24.0,0.0612335902100034,0.0785415394665875,0.33601213164584715,0.07995207246589005
B0006,13,1.9232799539368028,2.035337591005598,94.49439554578115,89,102,3.569207084156356,2.475369770000704,4.176316409477926,1.7009466394772224,-1.9887320866401275,2.0148749194363664,32.11021168908644,38.75128344015104,3470.281,24.0,0.0612335902100034,0.0785415394665875,0.33601213164584715,0.07995207246589005
B0006,14,1.911889930948487,2.035337591005598,93.93478209204011,88,102,3.5659271296109383,2.342364523655007,4.177992455010172,1.8356279313551656,-1.9887200290368634,2.0144081790374893,31.989061278918154,38.76853764058789,3470.0,24.0,0.0612335902100034,0.0785415394665875,0.33601213164584715,0.07995207246589005
B0006,15,1.9010667141979305,2.035337591005598,93.40301690486008,87,102,3.5612417270649486,2.188400081882664,4.177439981618572,1.989039899735908,-1.9887874042287874,2.014472686005532,31.878814448635442,38.84686112344348,3450.297,24.0,0.0612335902100034,0.0785415394665875,0.33601213164584715,0.07995207246589005
B0006,16,1.8891989948061456,2.035337591005598,92.81993331989462,86,102,3.557881987836072,2.1206980945954057,4.17561570814845,2.054917613553044,-1.9885910895930397,2.0146756268214814,31.767450711024402,38.8658897816528,3429.407,24.0,0.0612335902100034,0.0785415394665875,0.33601213164584715,0.07995207246589005
B0006,17,1.878278372248849,2.035337591005598,92.2833824005014,85,102,3.56282437243777,2.369981457799298,4.177602520456299,1.8076210626570006,-1.9884892463229662,2.015931347705288,31.78991634963658,38.647578733807656,3409.484,24.0,0.0612335902100034,0.0785415394665875,0.33601213164584715,0.07995207246589005
B0006,18,1.8675697161520208,2.035337591005598,91.75724579573613,84,102,3.5591953280168633,2.247991649924625,4.176354539745044,1.928362889820419,-1.9883474274444874,2.01432419683381,31.82883467218067,38.79218188173866,3390.422,24.0,0.0612335902100034,0.0785415394665875,0.33601213164584715,0.07995207246589005
B0006,19,1.8675892574453767,2.035337591005598,91.75820589657847,83,102,3.5580906165580983,2.4115317107898875,4.177450270459645,1.7659185596697577,-1.9774549866256104,2.015920256743369,31.890449470827843,38.77022223929529,3390.281,24.0,0.0612335902100034,0.0785415394665875,0.33601213164584715,0.07995207246589005
B0006,20,1.979626548250818,2.035337591005598,97.26281070025072,82,102,3.565899462157853,2.203355846859377,4.174584178175673,1.9712283313162957,-1.9892347833261184,2.0202081897757225,31.51177053595285,37.54320599748628,3591.734,24.0,0.0612335902100034,0.0785415394665875,0.33601213164584715,0.07995207246589005
B0006,21,1.9575499080884025,2.035337591005598,96.17814345585968,81,102,3.570814209348872,2.35887751155593,4.175224020262452,1.816346508706522,-1.9890474874073771,2.014116181004981,31.874488497680712,37.90362577530197,3552.297,24.0,0.06062991544979,0.0780240937829042,0.30161194370042665,0.07714005465217644
B0006,22,1.9458150170787551,2.035337591005598,95.6015859814876,80,102,3.5666817833633124,2.218672914041916,4.177217300859919,1.9585443868180028,-1.988682950523383,2.014039356997488,31.53911453638972,37.6701605139887,3531.578,24.0,0.0608598716542857,0.078402402030253,0.19341157465397973,0.0798379249809882
B0006,23,1.9242461121680092,2.035337591005598,94.54186473396278,79,102,3.5668392745025836,2.339723057947995,4.176681511062203,1.8369584531142076,-1.9885447318884861,2.014851230713757,31.220866832188786,37.34166959188387,3492.907,24.0,0.0600645081818017,0.0780709338220486,0.21363253709953722,0.07846912344647368
B0006,24,1.945981133142164,2.035337591005598,95.60974757905957,78,102,3.5710519693928755,2.399750820894273,4.190384318239257,1.790633497344984,-1.9885639445355097,2.013606338093071,31.119005145018026,37.28979017254232,3511.594,24.0,0.0591313085340746,0.0779557075787303,0.16774837955559785,0.07905047151133707
B0006,25,1.901407930553079,2.035337591005598,93.41978151219875,77,102,3.5666308474029793,2.491410879472442,4.176973413125379,1.6855625336529365,-1.9880563928902786,2.014324216253238,31.033244078156734,37.16794481484507,3431.9370000000054,24.0,0.0605969875451187,0.0793818256613338,0.20439016239021393,0.07960562665250781
B0006,26,1.878674213680085,2.035337591005598,92.3028308415357,76,102,3.5527392240854914,2.1387303309558976,4.173452155236546,2.034721824280648,-1.9772969675547487,2.0138293357975146,31.001249222460967,37.51577848501052,3431.125,24.0,0.0604355089729667,0.0794940929426612,0.4034991414801868,0.08126616457657086
B0006,27,1.8683061328264217,2.035337591005598,91.79342734506018,75,102,3.5560959755046615,2.346064498302046,4.1764585468168685,1.8303940485148225,-1.9771693646864965,2.022139165928567,30.92143474404136,37.24165964092258,3412.406,24.0,0.0598822703747387,0.0787121835729847,0.22205648790034394,0.08045797782092591
B0006,28,1.8560244070083,2.035337591005598,91.19000283836428,74,102,3.5504500858303394,2.327337743316428,4.17626102066065,1.8489232773442223,-1.9660385076397233,2.019521715890847,30.929360248207214,37.27233216178077,3410.688,24.0,0.0605872148226689,0.0798953392291199,0.2423978228194892,0.08175167351215044
B0006,29,1.8451997961855775,2.035337591005598,90.65816915777204,73,102,3.546007083640312,2.486311723336632,4.172855540858831,1.6865438175221987,-1.9445990482746272,2.0145859231710013,31.00810965793079,37.2071345030198,3410.718,24.0,0.0609083651903455,0.0797490751361702,0.4311834132701521,0.08236134459449819
B0006,30,1.857228890885317,2.035337591005598,91.24918141799353,72,102,3.554257954720065,2.292166351092089,4.188187801734904,1.8960214506428152,-1.9769156942357176,2.01454229289152,30.96779499306422,37.49607769896255,3392.719,24.0,0.0603691524730691,0.0801450681587133,0.20130526248721853,0.08076729146655712
B0006,31,1.9247760889090637,2.035337591005598,94.56790349742869,71,102,3.555857469677978,2.434300686181212,4.189991619197343,1.755690933016131,-1.9997552547832569,2.015096988943597,31.10097217303459,37.25007396118109,3470.672,24.0,0.0620914468566786,0.0816430296477719,0.20346901701956632,0.08261013655584272
B0006,32,1.8822317526092551,2.035337591005598,92.47761948322794,70,102,3.5537306734803207,2.472619908000758,4.186982490201218,1.7143625822004598,-1.9884344406296768,2.0246589334484746,31.307368922041046,37.39699052067588,3414.109,24.0,0.0623200318333744,0.0802116916237253,0.19257996476106867,0.08181948694069908
B0006,33,1.855276687885587,2.035337591005598,91.15326597829659,69,102,3.5452650003621513,2.403422072720937,4.186483106541616,1.7830610338206792,-1.977131099996694,2.014540253971324,31.131339987164562,37.2852066420257,3395.219,24.0,0.0618912233003596,0.0812080578761546,0.1899997105021355,0.0824201388508948
B0006,34,1.839250891718188,2.035337591005598,90.36588818710268,68,102,3.538408778928339,2.4006679782182205,4.187721936001791,1.787053957783571,-1.965705768920947,2.01409107585058,30.828713779105055,37.080390421974414,3386.0,24.0,0.0617164212906492,0.0815016521658017,0.19432222615457503,0.08205919957725637
B0006,35,1.8185396073994429,2.035337591005598,89.34830346748316,67,102,3.5297688311332673,2.3194299432177345,4.184171356892756,1.8647414136750218,-1.9542494702422435,2.0132183154407977,30.761533072057244,36.98024266357476,3368.187,24.0,0.0619987848117648,0.0813876104403678,0.19238416885145143,0.08202387686272036
B0006,36,1.8134770059567056,2.035337591005598,89.09956824708976,66,102,3.5300676840423306,2.340173173498008,4.186779863144672,1.8466066896466637,-1.9490605727432448,2.014277570695985,31.303056929415803,37.59874124546701,3368.266,24.0,0.0625040605488016,0.0816912469233858,0.1948070001025831,0.08072066587864413
B0006,37,1.7971018450305436,2.035337591005598,88.29502550201761,65,102,3.5248882875629555,2.382960351080877,4.186482965601712,1.8035226145208352,-1.9373547119632697,2.014866249205715,31.06432144678013,37.33680914521836,3358.719,24.0,0.0620138868647238,0.0813161008134317,0.19366243579305192,0.08177420837209383
B0006,38,1.7810046294120476,2.035337591005598,87.50413873759919,64,102,3.5190926887152725,2.351855540704836,4.184741677172267,1.8328861364674314,-1.9312604088713479,2.014036681172477,30.96654665282149,37.39499820465976,3339.5,24.0,0.0618301921741058,0.0812043516055386,0.1950928198815821,0.08145854884314761
B0006,39,1.7710130422682329,2.035337591005598,87.01323309187394,63,102,3.5151810230271,2.3535104841115886,4.186114015167315,1.8326035310557267,-1.925413982519257,2.013562007420154,30.826455697992966,37.35233964342659,3331.265,24.0,0.0628269465788076,0.0834715784465107,0.19768187542896098,0.08348698438417064
B0006,40,1.7604712448170945,2.035337591005598,86.4952945691579,62,102,3.514029112834162,2.3948058223938364,4.186378094589789,1.7915722721959524,-1.9198444871883995,2.0146073733834746,31.080769482413952,37.58677381866742,3321.188,24.0,0.0634981757133398,0.0838548867166324,0.19705229772350544,0.08513250424543901
B0006,41,1.7502913788006589,2.035337591005598,85.99513842496731,61,102,3.514139684003936,2.4418858444380294,4.185742966026202,1.743857121588173,-1.9087331589392134,2.0156412315711094,31.69428781742534,38.20704456989348,3321.844,24.0,0.0609451399361485,0.082015904986437,0.19600723929959604,0.08391121159972469
B0006,42,1.7394925037732578,2.035337591005598,85.46456919285944,60,102,3.509578354212467,2.391848815367812,4.18499542353586,1.7931466081680485,-1.90276801874341,2.014135597110891,31.875581783696685,38.340431886092745,3311.828,24.0,0.0639175801612165,0.0821657170874893,0.19599491820328774,0.08305330121400918
B0006,43,1.7546766553637203,2.035337591005598,86.21059538809914,59,102,3.5110708693292705,2.3166154227865463,4.175622772952551,1.8590073501660043,-1.9093247566511207,2.013918427729744,31.543288143901563,38.521539672721865,3327.391,24.0,0.0622366404518175,0.0822751953989806,0.19469665333685507,0.08288147783095129
B0006,44,1.7659390941842177,2.035337591005598,86.76394038945261,58,102,3.5159179315855056,2.4110989960643794,4.191704957733779,1.7806059616693997,-1.930637216793332,2.0164764928559697,31.420983409991024,38.03707160241571,3312.078,24.0,0.0622366404518175,0.0822751953989806,0.19469665333685507,0.08288147783095129
B0006,45,1.7337887419624838,2.035337591005598,85.18433254632082,57,102,3.50585340727078,2.4510125175432287,4.185468369564667,1.7344558520214384,-1.907114151507875,2.014424639912736,31.15837149963786,37.9342856877206,3293.172,24.0,0.062031064463088,0.0831917770388853,0.19541172457914865,0.08218707840362195
B0006,46,1.713325912040734,2.035337591005598,84.17895486292434,56,102,3.5010379345914444,2.471216186082459,4.184201889006967,1.7129857029245086,-1.8953541357988335,2.013684034338365,31.156614216998822,37.88470784051604,3275.328,24.0,0.0625064903803401,0.0842684807349334,0.1986714458702645,0.08511418892977486
B0006,47,1.7024077813673466,2.035337591005598,83.64252637451848,55,102,3.4974076626364967,2.470968641396993,4.185838836583766,1.7148701951867733,-1.8892713805954209,2.015243276008703,31.206611383963256,38.065368726791895,3265.016,24.0,0.0626153327274759,0.0839721783477321,0.19675279014224142,0.0859959402617005
B0006,48,1.82371946178183,2.035337591005598,89.60279954741002,54,102,3.5388872766749144,2.4288023941361625,4.1729165619005535,1.744114167764391,-1.9819359924929794,2.014822027548639,33.61169282822636,39.788440481350335,3328.937,24.0,0.0626153327274759,0.0839721783477321,0.19675279014224142,0.0859959402617005
B0006,49,1.8081284050314708,2.035337591005598,88.83678132914206,53,102,3.5327430295356828,2.3551430866643166,4.186982012423103,1.8318389257587864,-1.9653277079992455,2.014147642384201,32.85630077141311,39.21290317800791,3329.266,24.0,0.0645724621588098,0.0803422930093306,0.1921764148274686,0.0818701190217183
B0006,50,1.7757610945034283,2.035337591005598,87.246513912519,52,102,3.521214759733266,2.365933525789291,4.186537777937825,1.820604252148534,-1.9470636598230844,2.013545732341586,32.210981559158874,38.66937823121345,3301.579,24.0,0.063686158466937,0.0823636397717541,0.1929828976310153,0.08190020250003646
B0006,51,1.7447409841836798,2.035337591005598,85.72243699983238,51,102,3.5093111439506677,2.3481961394586457,4.182282350256796,1.8340862107981502,-1.9241628426386395,2.0143501433980724,31.965090081650274,38.5170065164806,3283.563,24.0,0.062912097899097,0.0821410228199839,0.19840136962696242,0.0836247856885995
B0006,52,1.729207034132373,2.035337591005598,84.95922454210778,50,102,3.50716091973708,2.46945948630322,4.185961817428056,1.7165023311248357,-1.9124470439353745,2.013955993405398,31.744801840189538,38.29250529949152,3275.125,24.0,0.0636674117210705,0.0829695672555505,0.1971630028161472,0.08486485798852182
B0006,53,1.7081086552553244,2.035337591005598,83.92262113192731,49,102,3.500928918686389,2.4666715880697576,4.1836566973224585,1.7169851092527009,-1.8950209973545986,2.0143598768040447,31.876564068962466,38.52091685291118,3265.656,24.0,0.0645458692805633,0.083905581872106,0.19976218321409983,0.08605515287894214
B0006,54,1.6975954237461768,2.035337591005598,83.40608610817466,48,102,3.4973019898820894,2.448293126278513,4.184390004467988,1.7360968781894752,-1.8837082435178907,2.0146981664689427,32.24289319481841,38.95436345473558,3266.093,24.0,0.0644173077672933,0.0833208029616876,0.19705182784082229,0.08417827199142709
B0006,55,1.6820634524029463,2.035337591005598,82.64297086813447,47,102,3.4929038301187156,2.4745215382882586,4.184732708741646,1.7102111704533876,-1.871665199438006,2.0150505202774576,32.07305565938816,38.73136385469604,3257.594,24.0,0.0651736293468639,0.0847815533935232,0.20067072036502093,0.08640036963516447
B0006,56,1.6714768322295086,2.035337591005598,82.1228301199745,46,102,3.4886592248223183,2.469127855241356,4.185835940524748,1.716708085283392,-1.8654809345089407,2.016431910751689,32.030140929891196,38.74827601131975,3248.593,24.0,0.0635951595633681,0.0841849219613237,0.200923823436059,0.085255759904678
B0006,57,1.6607591387047655,2.035337591005598,81.59624948921793,45,102,3.4822930804774015,2.4177173347922416,4.185703389994729,1.7679860552024875,-1.8592903578575999,2.013961242413253,31.984935871368258,38.84227056628921,3238.766,24.0,0.0652854750072916,0.0860504140343909,0.2038038786752599,0.0886442781550388
B0006,58,1.651121015038069,2.035337591005598,81.12271017518528,44,102,3.477575664197982,2.3775131079338427,4.184887437252902,1.8073743293190594,-1.848156298789804,2.0142789765419598,32.23677365476226,39.22138199620832,3240.14,24.0,0.0665339625700584,0.0867482199337119,0.20196804946320396,0.08799828403248863
B0006,59,1.640134925619093,2.035337591005598,80.58294274458679,43,102,3.4787436506489255,2.443723814618984,4.1845671326128535,1.7408433179938694,-1.8415742473538441,2.0170700253976435,32.56097148037261,39.46651089916252,3230.109,24.0,0.0663411253427209,0.087205582998911,0.20281942667199157,0.0891568614034768
B0006,60,1.629199941616544,2.035337591005598,80.04568622012263,42,102,3.4740152461288862,2.4324278256917147,4.184590722398005,1.7521628967062899,-1.8297533943331723,2.0153270924031044,32.48984985901219,39.352653481724175,3229.7810000000027,24.0,0.0659099619111797,0.0871283409737494,0.20562883280722155,0.08907008469402604
B0006,61,1.6088496302961666,2.035337591005598,79.04583678923177,41,102,3.4718387718772696,2.494085641889116,4.181227276564003,1.6871416346748864,-1.8170860697729954,2.0264444143525524,32.42612199208859,39.31890647034385,3212.469,24.0,0.0660562362669296,0.0875628563316522,0.2014750816529666,0.08764525308159236
B0006,62,1.6035244898969248,2.035337591005598,78.78420253146665,40,102,3.463180130644551,2.382347172890769,4.182601669503782,1.8002544966130132,-1.8111560774496664,2.014269976996697,32.29984271249387,39.47196886600465,3213.219,24.0,0.0659027425638274,0.0882085911331916,0.20317110703963862,0.08935459134896935
B0006,63,1.5989712144027983,2.035337591005598,78.56049146190021,39,102,3.463469391967206,2.406668297987779,4.183991041340736,1.7773227433529568,-1.8113056300795982,2.0248983473305704,32.610757585145336,39.74009698783903,3203.578,24.0,0.0679117207009261,0.0883150961530336,0.20602609821460954,0.09052831482668969
B0006,64,1.5876273123575604,2.035337591005598,78.0031440176547,38,102,3.46021805164007,2.4204142690378765,4.182425008087469,1.7620107390495923,-1.803802475704306,2.0134062122749032,32.25699351958767,39.03600072360686,3195.125,24.0,0.0667437733378423,0.0885796818139071,0.20592674505263922,0.09241877679869419
B0006,65,1.5829719744686166,2.035337591005598,77.77441842886215,37,102,3.462574876665621,2.4507845245525197,4.190985194174346,1.7402006696218266,-1.7982439953659044,2.014898941623113,32.47193402838835,39.16106395962828,3195.312999999994,24.0,0.0667437733378423,0.0885796818139071,0.20592674505263922,0.09241877679869419
B0006,66,1.567137636713563,2.035337591005598,76.99644735295674,36,102,3.4537077937586056,2.393032881923072,4.181860480163402,1.7888275982403297,-1.7857963808615818,2.014097659688176,32.40219271195366,39.20051799483514,3186.297,24.0,0.0664129751061175,0.0895032370200492,0.20582115546490207,0.09108039637780287
B0006,67,1.5613446139713882,2.035337591005598,76.71182514739364,35,102,3.4514035349888337,2.3938995980718403,4.183449364094532,1.7895497660226916,-1.7850748194527644,2.01648199199959,32.30987415652578,39.15878418316098,3176.438,24.0,0.066868684715673,0.089810213906633,0.20734824584559633,0.09108983781928448
B0006,68,1.551171189279042,2.035337591005598,76.2119854776846,34,102,3.450781146333252,2.4373294683003053,4.182943907496545,1.74561443919624,-1.7785916660457872,2.014359351341952,32.35440526839345,39.18225956809825,3167.593,24.0,0.0675638979208385,0.0909328266072082,0.2060155815210037,0.0921348948739833
B0006,69,1.5406741606295171,2.035337591005598,75.69624653118686,33,102,3.446105572450592,2.3705330061374523,4.182592999177517,1.812059993040065,-1.7727874712030285,2.016181081460114,32.4731363791227,39.38159156766375,3167.719,24.0,0.0676791663350139,0.0909751873219429,0.20747809787543373,0.09295942177328824
B0006,70,1.5253138744624433,2.035337591005598,74.94156650980108,32,102,3.4418152533277135,2.351294851260762,4.177556435498103,1.8262615842373413,-1.7601807681971697,2.0224281819207026,32.52334649341759,39.44712875501599,3159.077999999994,24.0,0.0679726933427561,0.0923241095524087,0.20728194473150363,0.09279381169007066
B0006,71,1.5301570318067428,2.035337591005598,75.17952002501654,31,102,3.445008015985666,2.436845595522602,4.183199732433941,1.7463541369113393,-1.7653027883569699,2.015670909853089,32.518264823491045,39.40950590627068,3148.829,24.0,0.0683335474188773,0.092016689540834,0.20876368262017153,0.09245511145988859
B0006,72,1.524656683447409,2.035337591005598,74.90927746753415,30,102,3.441164687975023,2.39030487147494,4.183585552184287,1.7932806807093464,-1.7593486488770236,2.0154336980599203,32.5437072434024,39.48443326993031,3149.094,24.0,0.0688513609338119,0.0925822548520223,0.20861216048049383,0.09514695563991436
B0006,73,1.5145492986655429,2.035337591005598,74.41268246400591,29,102,3.443620591429828,2.4892160721496315,4.183170360974043,1.6939542888244117,-1.7526167898737661,2.014176241235146,32.56222309600736,39.4416762582387,3140.547,24.0,0.069066469068733,0.0934909607320899,0.2088304414034711,0.09419764979507454
B0006,74,1.509391504602082,2.035337591005598,74.15927024943012,28,102,3.439943269617906,2.450611393803655,4.183501501534186,1.7328901077305314,-1.7516949849801622,2.0151247064734266,32.58978020040808,39.53866201326228,3131.625,24.0,0.068709147096015,0.0938773051851886,0.20941062560979912,0.09335340376609173
B0006,75,1.5039974333050703,2.035337591005598,73.89424928579004,27,102,3.43602719305159,2.4111946043456745,4.183243008796117,1.7720484044504423,-1.7510429704034998,2.0150071612077523,32.57089563557426,39.5867547936938,3121.907,24.0,0.0695259556668078,0.0941862300129836,0.2095089596156222,0.09604293731572877
B0006,76,1.4935201918040188,2.035337591005598,73.37948251946334,26,102,3.436309312279291,2.4609139768640715,4.182038001412004,1.7211240245479327,-1.7388746112390865,2.0158858292130217,32.537854347094196,39.49975288442087,3122.125,24.0,0.0682523146604836,0.093439801192804,0.2077079458873135,0.09602900703188995
B0006,77,1.4876323024497422,2.035337591005598,73.09019933714036,25,102,3.430470227771154,2.378420264362521,4.182440318401142,1.8040200540386206,-1.738622547139575,2.0170367841185635,32.656450905205084,39.9686395722832,3121.672,24.0,0.0696033038422311,0.0956134300233157,0.2082769555975576,0.0939161622913962
B0006,78,1.5302876214401704,2.035337591005598,75.18593614163545,24,102,3.4417311090871063,2.3844697219937414,4.189962701965466,1.8054929799717243,-1.7870762809520677,2.015207980747731,33.180785234653264,40.42668250871336,3120.86,24.0,0.0696033038422311,0.0956134300233157,0.2082769555975576,0.0939161622913962
B0006,79,1.5040760088360112,2.035337591005598,73.89810985080334,23,102,3.4355429213552537,2.448639661640692,4.181214475643097,1.732574814002405,-1.7612682208672186,2.013340550431054,32.71220835503141,40.02451449021777,3103.828,24.0,0.0694438396726104,0.0950867440401892,0.20890364419394192,0.09620926066582476
B0006,80,1.4887593608730894,2.035337591005598,73.14557385723607,22,102,3.4272336842373576,2.362869757217078,4.182157933832856,1.8192881766157778,-1.7545532300777185,2.0143052426244057,32.543943889007906,40.02167483360719,3095.094,24.0,0.0692409257238966,0.0954114747516299,0.2084399541233682,0.09370450846334107
B0006,81,1.4782779285546637,2.035337591005598,72.63060118809538,21,102,3.4307536518687556,2.479712742728869,4.1802491747767325,1.7005364320478633,-1.7364250156958492,2.01522796444188,32.6655410721976,40.07821178158415,3095.781,24.0,0.0701802370421173,0.0958005363424977,0.2086869039198083,0.09715327190148004
B0006,82,1.478459982215684,2.035337591005598,72.63954583009604,20,102,3.430880434209888,2.460990256984241,4.182775550999248,1.7217852940150076,-1.7371686757879774,2.0164424024266667,33.160922870564626,40.56578932835109,3094.328,24.0,0.0703211250156869,0.0953017663720588,0.20941006899060516,0.09730065338726661
B0006,83,1.473214844899973,2.035337591005598,72.38184227571321,19,102,3.431984614031654,2.4794507375590507,4.182970513713943,1.703519776154892,-1.7358183569582517,2.0141732645976056,33.414445545408455,40.75221353269305,3086.531,24.0,0.069307809818978,0.0945481312063891,0.20934014402603623,0.09691441970152116
B0006,84,1.4675164935067897,2.035337591005598,72.10187145326269,18,102,3.426913589626702,2.421513989921717,4.182588389688278,1.761074399766561,-1.7297302660430056,2.014533312293864,33.3541679486525,40.71162611325717,3085.625,24.0,0.0706601248975322,0.0955803390819771,0.20929105535468262,0.09685836960881168
B0006,85,1.4516292657521337,2.035337591005598,71.32130179126344,17,102,3.4220422356705154,2.392798962354417,4.180388252515709,1.7875892901612915,-1.7278671098991139,2.0150807231044525,33.13634596100404,40.58721297402195,3067.203,24.0,0.0704879656326833,0.0963748469082876,0.20869715563636218,0.097373261535919
B0006,86,1.4519237720967175,2.035337591005598,71.33577144710262,16,102,3.4202687142856667,2.410475236770924,4.182476201666448,1.7720009648955242,-1.7269073147637581,2.0151017082510445,32.92241762841388,40.37035790264624,3058.157,24.0,0.071253157527167,0.0969330859249994,0.21006322808021857,0.09987230272969196
B0006,87,1.4471484694777743,2.035337591005598,71.10115176336829,15,102,3.4248208106770663,2.4915333699239977,4.182567814531136,1.691034444607138,-1.721199593403834,2.015773418279684,33.20338483123576,40.667923693760464,3058.812,24.0,0.0729088165680429,0.0968587759009549,0.2093509132109513,0.09949786313164832
B0006,88,1.4468538105659885,2.035337591005598,71.08667461161282,14,102,3.4234990883192666,2.444861994529003,4.182606347806988,1.7377443532779853,-1.721141114732718,2.016566183590645,33.533950654066935,40.99035688395247,3058.578,24.0,0.0725103674563298,0.0966015913982298,0.20993545756870508,0.09692568891398338
B0006,89,1.4416741930284678,2.035337591005598,70.8321901683239,13,102,3.4247420964314874,2.484075539808225,4.183047552179642,1.6989720123714167,-1.7200547727480755,2.018144057635402,33.5767934055627,40.99774402817452,3049.328,24.0,0.0708879401072962,0.0974074142043939,0.20947377475659285,0.09749613664630823
B0006,90,1.5935866593100128,2.035337591005598,78.2959380474406,12,102,3.450702139255875,2.479017302613424,4.222516216835943,1.7434989142225188,-1.8210481343824243,2.0143333289759338,33.224088400657315,40.77265883698999,3177.219,24.0,0.0714147323806646,0.0961492059978541,0.20927523359949352,0.09837319223034398
B0006,91,1.5463902376915637,2.035337591005598,75.9770882494014,11,102,3.4480475429907522,2.4820670710190385,4.1909374470770855,1.708870376058047,-1.821445703423604,2.016338466932382,33.37083344726966,40.52220493430463,3082.937,24.0,0.0707515280509764,0.0904819625026011,0.20698978846634927,0.09188756167982949
B0006,92,1.51470559175661,2.035337591005598,74.42036144029748,10,102,3.4399481891896455,2.452449045714353,4.183028520369727,1.7305794746553742,-1.7899159936953069,2.0145951136219598,33.43366634309322,40.57746834859555,3074.266,24.0,0.0703041387332805,0.0930529362512398,0.20832824903345853,0.09391325568948487
B0006,93,1.4989786083335404,2.035337591005598,73.64766488653811,9,102,3.434112914501242,2.4198491932573414,4.1838942747302825,1.7640450814729411,-1.7769345930773324,2.0144018884289827,33.28676739403043,40.516963879873735,3066.0,24.0,0.0715667181492847,0.0936702392745788,0.20959352788954005,0.09655689152658391
B0006,94,1.4831110745410492,2.035337591005598,72.86806282628963,8,102,3.4325600940363916,2.4706823501191706,4.1839835007856605,1.71330115066649,-1.7640032117743045,2.015270624937178,33.14347737377552,40.34325381638243,3056.437,24.0,0.072350575651046,0.0944034597636557,0.20957770108299575,0.09490755452956377
B0006,95,1.4729664825468278,2.035337591005598,72.36963976177928,7,102,3.4270614887575657,2.413759774558071,4.183640209073579,1.7698804345155086,-1.7571701008871028,2.015800833534411,33.11021541795579,40.39341126895154,3048.219,24.0,0.0703378826342638,0.0950709227361693,0.20953385794371077,0.09542271330143247
B0006,96,1.4627604396099307,2.035337591005598,71.86819749578868,6,102,3.4273403168120415,2.4562499847243027,4.183387047926521,1.7271370632022185,-1.7502670210777267,2.015384828991305,33.18991802149879,40.46341487442664,3039.218,24.0,0.0714831606385723,0.0954683161052524,0.20978764291922422,0.09653749412852623
B0006,97,1.4518364681062514,2.035337591005598,71.33148203630158,5,102,3.423482197888437,2.401794655879554,4.18356344388626,1.7817687880067057,-1.7439614243216512,2.017707476586292,33.26265398635676,40.5818264138806,3039.047,24.0,0.0717787817997134,0.0967891593710254,0.20948313265658197,0.09941585346759124
B0006,98,1.4468670644030392,2.035337591005598,71.08732579778997,4,102,3.4220957701069374,2.4087687236133317,4.18171248971767,1.7729437661043383,-1.736850855663561,2.0198780169470747,33.299978841087025,40.61670777074496,3030.375,24.0,0.0721765905201237,0.0973154810605629,0.21070774345130874,0.09854423341365802
B0006,99,1.441380399427779,2.035337591005598,70.81775553094546,3,102,3.421883545422636,2.4308118485818704,4.1832473219705815,1.752435473388711,-1.7360045229798653,2.0197856871193367,33.31663547841367,40.63164766168104,3021.0,24.0,0.0727577393214578,0.097423700411414,0.20983809210035625,0.09956976390966256
B0006,100,1.431210744960774,2.035337591005598,70.31810109956534,2,102,3.4195777411151886,2.398886415333129,4.183049768329545,1.7841633529964165,-1.729690117077797,2.015287001210607,33.39150630507064,40.74323383889164,3021.75,24.0,0.0716119669647763,0.0961826751217128,0.20974790065700913,0.09826862067022467
B0006,101,1.4260247179525716,2.035337591005598,70.06330174681324,1,102,3.4175281789596474,2.3814379490849835,4.183092498086332,1.801654549001349,-1.7287954627467013,2.013949066691416,33.41522427488497,40.81715493531611,3012.265,24.0,0.0723628565579787,0.0980060822404009,0.20943963416381745,0.09835224816220187
B0006,102,1.420487649966195,2.035337591005598,69.79125508434085,0,102,3.4197860540725715,2.459885297095542,4.181536580807847,1.7216512837123048,-1.7216729981632184,2.015065571425412,33.39690850726103,40.72877617289365,3002.641,24.0,0.0721718794658254,0.0975442065322093,0.20871135237788893,0.0997446097075911
B0006,103,1.4207006230355006,2.035337591005598,69.80171885557206,0,102,3.4171369298988705,2.4007285025453995,4.172034399629829,1.7713058970844293,-1.7228162229694666,2.0151971595728613,33.73731993653,41.45494452672042,3012.0,24.0,0.0732751410566286,0.098167563773746,0.20985299064605453,0.10089756877854157
B0006,104,1.452255804330839,2.035337591005598,71.35208482113887,0,102,3.4305347141293625,2.472830716079143,4.188427549455566,1.715596833376423,-1.7486639022205694,2.0180838913239434,34.08965316576344,41.39678877103747,3020.11,24.0,0.0725534440098424,0.0940003961459088,0.2084670999164244,0.09534896743322983
B0006,105,1.431557632772571,2.035337591005598,70.33514435633658,0,102,3.4250844180972875,2.467318928642863,4.181499335679726,1.7141804070368631,-1.7345160724760178,2.015157068463395,33.9987286593769,41.36669473718026,3002.172000000006,24.0,0.0737422116355231,0.0968201170137169,0.20952738241852809,0.09769320244205891
B0006,106,1.415015751158943,2.035337591005598,69.52241030736464,0,102,3.4171339862792935,2.3692462667541,4.179546243153898,1.810299976399798,-1.7271570233190525,2.013917344838714,33.907397114007345,41.37787352037061,2992.703,24.0,0.0735118189600125,0.0978484060677772,0.20943895901598997,0.10002749382351596
B0006,107,1.4097311506517451,2.035337591005598,69.26276785146193,0,102,3.417521467040602,2.4482618595124874,4.18101558225098,1.7327537227384928,-1.7305179027385762,2.026182069042455,33.70518417605219,41.14095609169821,2964.468,24.0,0.0736309507218721,0.0987207477814379,0.2097203758052834,0.10097079434436662
B0006,108,1.404917318129309,2.035337591005598,69.02625512041874,0,102,3.4181623236680356,2.4598632768748825,4.182667734360821,1.722804457485939,-1.7141443638380731,2.01548065880372,33.7458832944166,41.2168813199875,2983.375,24.0,0.0748372029552812,0.098555954977838,0.2100022107350179,0.10214629048724162
B0006,109,1.395164296571563,2.035337591005598,68.54707065486149,0,102,3.4203319359051187,2.497869764845928,4.179947555799937,1.682077790954009,-1.7067823273466607,2.014398878088724,34.01657212624259,41.40391881889191,2975.297,24.0,0.0742288068586881,0.0979458341330775,0.20943104532468151,0.09977092617257673
B0006,110,1.3945343832614077,2.035337591005598,68.51612181802287,0,102,3.4192916311692465,2.472236707252471,4.182316086490744,1.7100793792382727,-1.7063596521950202,2.015379938834276,34.175023374593785,41.58657133119858,2974.9850000000006,24.0,0.0735926288328927,0.0979426342024937,0.20867815898819456,0.0986472068548274
B0006,111,1.3893171179312644,2.035337591005598,68.25978766720687,0,102,3.414352330355796,2.427874990476308,4.18300582450457,1.7551308340282619,-1.7052696591517462,2.024938600791225,33.976109677640174,41.43504077863728,2966.25,24.0,0.074289615413661,0.0978280397199374,0.20881730960690337,0.09902905653567057
B0006,112,1.3838379472327809,2.035337591005598,67.99058560840852,0,102,3.412701167144591,2.427590520023505,4.182504606082063,1.7549140860585584,-1.704626557443961,2.027018156432659,33.84150372451663,41.37436880579148,2956.359,24.0,0.0743624728927986,0.100297485432866,0.20828572778273474,0.10203213304583869
B0006,113,1.3736814238195123,2.035337591005598,67.4915763306282,0,102,3.410409522809144,2.37337869163978,4.179533028548021,1.8061543369082411,-1.6985503106996724,2.014779909755338,34.1008464215818,41.66477948989921,2956.344,24.0,0.0730881915550062,0.1002855268895236,0.20808019107632322,0.10064658864403654
B0006,114,1.3786059891863676,2.035337591005598,67.73352957654757,0,102,3.414419320260644,2.4248604132549767,4.18250512422575,1.757644710970773,-1.6982347588599789,2.0151111715849144,34.34663683304219,41.81816829502593,2956.406,24.0,0.0739056595619962,0.1003482635430065,0.2092009646775302,0.10252229620151337
B0006,115,1.3737600299108574,2.035337591005598,67.49543839713218,0,102,3.4131710032395315,2.426962848243194,4.1828227593786,1.7558599111354058,-1.6971165805711328,2.0151664181090267,34.216231530637586,41.68664700078119,2947.266,24.0,0.0740648635028462,0.0990365839748105,0.2103577738398037,0.09978500536205448
B0006,116,1.3682580583942712,2.035337591005598,67.22511609085237,0,102,3.4107019261975147,2.417287750352038,4.182413969607667,1.7651262192556296,-1.6959199401004303,2.016248522283907,34.041617020161176,41.565382893773936,2937.984,24.0,0.0743406664800701,0.1006790823074739,0.2092341326044079,0.10109632062700681
B0006,117,1.3633024037317505,2.035337591005598,66.98163536881292,0,102,3.4089059214760367,2.4185087281747166,4.182451170946608,1.7639424427718917,-1.6953163120957457,2.015018401452086,33.890212870710734,41.46394809540406,2929.125,24.0,0.0749835856113319,0.1003809603504959,0.2087416498194509,0.10247265712822995
B0006,118,1.35809661401726,2.035337591005598,66.72586503678075,0,102,3.4134080258317576,2.480937393224248,4.181305580928812,1.7003681877045635,-1.689038351243322,2.014808414619914,34.116762412437,41.6123634180086,2928.454,24.0,0.0736342258024834,0.1003434135011964,0.20871053450526367,0.10058612880446559
B0006,119,1.353269090999531,2.035337591005598,66.48867966571198,0,102,3.411221044859532,2.4078214169511205,4.1804870315884735,1.772665614637353,-1.689240311218937,2.014994164220888,34.49049358941505,42.0075404495327,2929.375,24.0,0.074956546385791,0.0986748779007716,0.20816023030574418,0.10107213625795793
B0006,120,1.3841605738237488,2.035337591005598,68.00643686533974,0,102,3.4155210852213678,2.433234589649132,4.163570261072192,1.7303356714230604,-1.7102007614808157,2.014889154962298,34.23744800906639,41.61679232360952,2946.031,24.0,0.075132937700244,0.0998851845039756,0.20893170601424402,0.10169702322780144
B0006,121,1.4051467790651473,2.035337591005598,69.03752897183544,0,102,3.4229838362549794,2.440822893388958,4.190012868765637,1.7491899753766784,-1.730244918610445,2.021897889619746,34.41428886050454,41.80245062827161,2955.438,24.0,0.075132937700244,0.0998851845039756,0.20893170601424402,0.10169702322780144
B0006,122,1.378719022627353,2.035337591005598,67.7390831241008,0,102,3.414757022019347,2.396078253891397,4.182418011462176,1.7863397575707793,-1.7152465923901479,2.013990107965066,34.16445180476377,41.653004783464006,2937.625,24.0,0.07592804413673,0.100329706643873,0.2074022901046576,0.10197931648935736
B0006,123,1.3682657783199066,2.035337591005598,67.22549538545536,0,102,3.414358716272361,2.449306948268824,4.182070839014939,1.732763890746115,-1.7013404928191733,2.0141794769710484,33.877146811272176,41.36061809844917,2929.078,24.0,0.0755087178512928,0.1011607325689791,0.20771389489735653,0.1015540380114661
B0006,124,1.3573151296618016,2.035337591005598,66.68746922672389,0,102,3.4091886698418046,2.384185417166802,4.182701902443236,1.7985164852764344,-1.7004366132157598,2.014245767720947,33.839566254190565,41.42815616511055,2918.375,24.0,0.074609599632536,0.1014589241819508,0.20845673200250603,0.10072244544768817
B0006,125,1.3524934638801596,2.035337591005598,66.45057163278422,0,102,3.411930366643558,2.4440756213040964,4.182270325485355,1.7381947041812587,-1.6873533635265772,2.013969299900083,33.818304796930946,41.343265645039,2919.812,24.0,0.0748796033565115,0.100603352458913,0.2082841823116089,0.10084156793893626
B0006,126,1.3474099151661236,2.035337591005598,66.20080723318286,0,102,3.4094417183837504,2.4296014294774677,4.182394535290608,1.75279310581314,-1.6919294969110734,2.014779898380345,33.812621135472135,41.38118673567723,2900.422,24.0,0.0752806088000432,0.1025451876366216,0.2090805120401763,0.10385722040855466
B0006,127,1.3370075130842318,2.035337591005598,65.6897174696045,0,102,3.4081896097479882,2.41022288115442,4.182061947471753,1.7718390663173325,-1.6852952939579415,2.014211676143238,33.79894614410012,41.378450473707446,2901.375,24.0,0.0749955637416601,0.1013873791642721,0.2082153837793751,0.10509087574683625
B0006,128,1.3312352966718526,2.035337591005598,65.40611751852576,0,102,3.40737851449911,2.4098927032454966,4.182288987105723,1.7723962838602265,-1.6787428835073939,2.0146307921789908,33.702723745621576,41.306600641009794,2901.187,24.0,0.076358571154978,0.1014317733775896,0.20760175140723308,0.10455663928972121
B0006,129,1.3259303781727645,2.035337591005598,65.14547680110712,0,102,3.4085862639015,2.453938411405305,4.179662143533188,1.7257237321278835,-1.6712137513430332,2.013369705800471,33.63562651984647,41.20408103671912,2891.64,24.0,0.0747768653278466,0.1028088756204259,0.20853033589194203,0.10292965051441753
B0006,130,1.321578743867529,2.035337591005598,64.93167274597319,0,102,3.404843616147767,2.3940396792395253,4.181392635232333,1.7873529559928079,-1.6768931248947172,2.0139825284473383,33.690724061796516,41.32955629442644,2882.906,24.0,0.0760112912097401,0.1020749534936402,0.20525321316226128,0.10419580398198357
B0006,131,1.321225074066109,2.035337591005598,64.91429627717592,0,102,3.4081057374178703,2.45134737470238,4.182099866234647,1.7307524915322667,-1.6701186583642826,2.01389215215322,33.71317033815573,41.300370296451625,2883.265,24.0,0.0763233749345986,0.1024320211016061,0.20835059165656852,0.1051216169452331
B0006,132,1.3156485301862682,2.035337591005598,64.64031008911138,0,102,3.4091728540380735,2.475014603796582,4.182054276922838,1.7070396731262565,-1.6634753413292604,2.013710255019385,33.65376593260612,41.2436462295636,2882.969,24.0,0.0749954456773232,0.10259630569279,0.20814639960493828,0.10396976944372549
B0006,133,1.3209025697502388,2.035337591005598,64.8984510278524,0,102,3.4110817622184233,2.4569179775419294,4.168816046299314,1.7118980687573848,-1.6645875549232958,2.0145340492151043,33.983578066068176,41.36464929786556,2891.656,24.0,0.0765591070024926,0.1030180047578761,0.20694255610642623,0.10429268001923848
B0006,134,1.3474328767273906,2.035337591005598,66.20193537828118,0,102,3.4167486246717154,2.438240626221148,4.190149239555381,1.751908613334233,-1.6918384605140158,2.01382438347875,33.816348135475515,40.89285784811417,2901.25,24.0,0.0765591070024926,0.1030180047578761,0.20694255610642623,0.10429268001923848
B0006,135,1.3260128072353616,2.035337591005598,65.14952669744675,0,102,3.4169689184247174,2.4946397780995584,4.187196878135145,1.6925571000355868,-1.6711981411684524,2.0133154561700204,33.60692030225909,40.652964511118334,2891.703,24.0,0.0765591070024926,0.1030180047578761,0.20694255610642623,0.10429268001923848
B0006,136,1.3101186784831065,2.035337591005598,64.3686179763337,0,102,3.4105763913818787,2.4367455144223555,4.18232296515852,1.7455774507361648,-1.6632769410531225,2.0139168871011672,33.47350597721994,40.58410707337388,2883.016,24.0,0.0762781646871569,0.102092852503947,0.20777480125630532,0.10303359526273868
B0006,137,1.30521620229393,2.035337591005598,64.12775001365068,0,102,3.4113335283009314,2.485868996808533,4.1822817387062585,1.6964127418977255,-1.6559085740676296,2.0142276812428177,33.20917872762011,40.322783635307104,2873.453,24.0,0.0762810507777764,0.1012304992482019,0.20722355775051454,0.10321667197246862
B0006,138,1.3004061951355774,2.035337591005598,63.89142523000749,0,102,3.4081283345557187,2.395755020190792,4.181394192711236,1.7856391725204444,-1.656100922060331,2.014080368444908,33.58088963686094,40.78032921971219,2874.031,24.0,0.0755914955823986,0.1017004816081313,0.20784643640130054,0.10454049473321451
B0006,139,1.300235735841116,2.035337591005598,63.88305024124815,0,102,3.4125732422699135,2.4504684570147006,4.182109437180301,1.7316409801656008,-1.6493259508429792,2.014831579693271,33.764008619560336,40.85731522464202,2874.234,24.0,0.0743692695675501,0.1019511695754428,0.20709899530056425,0.10523933260989198
B0006,140,1.2895066722480757,2.035337591005598,63.35591097744969,0,102,3.407693686560286,2.3942028718004007,4.181210531150237,1.787007659349836,-1.6481131076816378,2.014857985605384,33.57003564415372,40.74860220857894,2864.984,24.0,0.0755494638326417,0.1033905552179119,0.20616513720941013,0.10536598732954272
B0006,141,1.279253057384795,2.035337591005598,62.85213141239902,0,102,3.4073499608041957,2.4303844034459368,4.180183763169455,1.7497993597235184,-1.6402541382604887,2.013906118562721,33.272050895552354,40.47227623020844,2855.093,24.0,0.0754378091325998,0.1019022250061564,0.2083346076216867,0.10313840358386922
B0006,142,1.2792078171714618,2.035337591005598,62.84990867482796,0,102,3.409292163767801,2.4755630989048205,4.181641969595387,1.7060788706905665,-1.6339151095418003,2.01480412850878,33.12740933210319,40.28187574900838,2855.625,24.0,0.0752830478385875,0.1021279987143925,0.20717841035303056,0.10445078455818489
B0006,143,1.274036760902923,2.035337591005598,62.59584486293798,0,102,3.4095492354804775,2.446712151873903,4.1818501497507565,1.7351379978768535,-1.6340244573659812,2.014522533445452,33.439116773449626,40.637565231244686,2855.594,24.0,0.0750426584630513,0.1023480972991154,0.20680168835894383,0.10213574047573941
B0006,144,1.2741273923001468,2.035337591005598,62.600297755550194,0,102,3.410318915287339,2.4607112018206894,4.1817089329030335,1.720997731082344,-1.632488007933941,2.0149438038428857,33.482874768414376,40.64243349478575,2847.437,24.0,0.0749308327002681,0.103165304469953,0.20819623996187483,0.10437844661678643
B0006,145,1.263763942644078,2.035337591005598,62.091121798604966,0,102,3.409269478846638,2.46197885229738,4.178725976011113,1.7167471237137328,-1.6192610042624402,2.0150039133931816,33.22136307064441,40.38713367022122,2847.36,24.0,0.0755591813837829,0.1017155778229261,0.20806552055627978,0.10379150728116758
B0006,146,1.2581373688955233,2.035337591005598,61.8146775481072,0,102,3.4094374435069095,2.4999079970509284,4.181148894438262,1.681240897387334,-1.6178242977824624,2.015129426588159,32.985627389014255,40.15316398972329,2837.328,24.0,0.07529135855581,0.1039905059221312,0.20878624950958927,0.10533604670429421
B0006,147,1.253259864055301,2.035337591005598,61.57503647520722,0,102,3.403885091976961,2.4061574188511727,4.181246648937272,1.775089230086099,-1.6181015728870056,2.015749061229573,32.970182781539556,40.26211669866818,2837.281,24.0,0.0769588874531759,0.1027814179991246,0.2057986026178699,0.10448258508737497
B0006,148,1.2532313315493426,2.035337591005598,61.573634619019614,0,102,3.4065929107527846,2.40921365026611,4.182124874468928,1.7729112242028182,-1.61809852978642,2.014223314502266,33.31018716138479,40.65437976632703,2838.515,24.0,0.0758245422515517,0.1041063706998522,0.2074310834164002,0.1063239775851164
B0006,149,1.2480874960313575,2.035337591005598,61.32090821428379,0,102,3.4095930016592684,2.4705399687343235,4.179545017207998,1.7090050484736743,-1.6103535053387172,2.016335249580649,33.23406652671602,40.41021687551566,2828.328,24.0,0.0759119158447739,0.1049438515440013,0.20494196339606544,0.10586425037011739
B0006,150,1.2534354284944844,2.035337591005598,61.58366228941904,0,102,3.409409922814414,2.4996841687041944,4.164241788212258,1.6645576195080634,-1.611644410040853,2.01499403966668,33.117656712920734,40.49521984011741,2838.265,24.0,0.0762929715531933,0.1064712631533319,0.2039675079210322,0.10608099614700352
B0006,151,1.28980487732669,2.035337591005598,63.37056235911393,0,102,3.4195489282896943,2.4839695531514434,4.189238693156103,1.7052691400046593,-1.6420364978388977,2.0181368086516467,33.784170366860046,41.357879741754175,2864.547,24.0,0.0744494476629702,0.0976349035137695,0.2084866080992741,0.09762686705122518
B0006,152,1.2635402021758837,2.035337591005598,62.080129004624105,0,102,3.4151799904187996,2.4675402264113453,4.180842923747738,1.7133026973363927,-1.6194806393973795,2.014277449216773,33.806439563441614,41.37902988743146,2846.39,24.0,0.0752876188558989,0.1013128184675522,0.20816235862817403,0.1054091496474815
B0006,153,1.2479761706842851,2.035337591005598,61.315438588627366,0,102,3.4154594925159083,2.4946438160388325,4.18123823034649,1.6865944143076574,-1.6048643562670923,2.0138128429431967,33.63735785291911,41.20920760771975,2837.969,24.0,0.0752509146509656,0.1026311415061905,0.20467790879368916,0.10143794085929268
B0006,154,1.2321202877943334,2.035337591005598,60.53640895934027,0,102,3.4130336456755868,2.4577382116375843,4.1798277092808815,1.7220894976432972,-1.5916400783224374,2.014917756386988,33.58195933847606,41.20630554355683,2838.156,24.0,0.0757955584221838,0.1033762243070195,0.206054951604514,0.1050509121862934
B0006,155,1.2271137666213534,2.035337591005598,60.290429069070264,0,102,3.409452435657409,2.40986495422137,4.180792839927961,1.770927885706591,-1.5901105081883435,2.014930078850297,33.56245583951572,41.28239317323536,2829.843,24.0,0.0763431463339071,0.104593793917714,0.20409437839442357,0.10618907323501807
B0006,156,1.2217397581377356,2.035337591005598,60.02639382954212,0,102,3.4138496008165014,2.479418189447868,4.181365190126037,1.7019470006781692,-1.5767754479909835,2.0147963353542564,33.5111267532655,41.1595683576961,2829.625,24.0,0.0754857475272783,0.1041567019889631,0.20575018481125368,0.1040133993281606
B0006,157,1.211102678915174,2.035337591005598,59.50377393250057,0,102,3.410900672125043,2.434585389303289,4.180594670510683,1.7460092812073937,-1.575262673173442,2.015518745222527,33.53675907012135,41.230427315370186,2819.437,24.0,0.075678173941146,0.1049894160585908,0.20436881401509482,0.10511497582204107
B0006,158,1.2056159765131735,2.035337591005598,59.23420182680926,0,102,3.4105744140130074,2.425682710641569,4.181424135030176,1.7557414243886074,-1.5684640005188113,2.0147884579094577,33.498030695567785,41.21487873613708,2819.579,24.0,0.0763973061822181,0.1062555849514584,0.20229247612363954,0.10747167415261001
B0006,159,1.2008936262717274,2.035337591005598,59.002183793913154,0,102,3.409651424735992,2.417924401749313,4.181921994951423,1.7639975932021095,-1.5671286757845893,2.0146138657111945,33.516977262709986,41.27439823262361,2810.672,24.0,0.0755408955239052,0.1032519942992523,0.20552418684005816,0.10573321396933309
B0006,160,1.1905903985558337,2.035337591005598,58.49596665522202,0,102,3.412857837344254,2.4541577949851603,4.179593598747663,1.7254358037625024,-1.5537993411647464,2.0148417510809367,33.531923269271225,41.237668013317766,2811.485,24.0,0.0775855591124683,0.1047311376075346,0.20402326888947275,0.10619643267476093
B0006,161,1.185179251041941,2.035337591005598,58.23010670462684,0,102,3.4134509017056525,2.463616101176541,4.180557596235595,1.7169414950590545,-1.5521827524962775,2.013981544237104,33.567636169584304,41.24068073261839,2802.422,24.0,0.0791409953998212,0.1041059746959914,0.20299287741012703,0.10980470468582468
B0006,162,1.1796706818144624,2.035337591005598,57.95946024028492,0,102,3.414388187503409,2.470375229475307,4.181414159913002,1.7110389304376952,-1.5452652929126827,2.014023708028726,33.60493096509702,41.28133907077437,2801.625,24.0,0.0770348037702638,0.1043025357256912,0.20586224902608585,0.10785377745715709
B0006,163,1.1745952836753917,2.035337591005598,57.71009629390572,0,102,3.412419038813061,2.4357634426689945,4.180815073540562,1.7450516308715676,-1.538651770825325,2.016504705213686,33.54281440778599,41.28338645880181,2802.031,24.0,0.0755865731223018,0.1054502286771071,0.20530025132612276,0.10663826099960698
B0006,164,1.15381833159625,2.035337591005598,56.689285192545555,0,102,3.4148103057455175,2.481190011798763,4.1697037841892834,1.6885137723905204,-1.5169723774339863,2.0192733708647617,33.472459360982775,41.14919304328959,2793.39,24.0,0.0768002402725307,0.1050583889524579,0.20261662061078162,0.10618622755707353
B0006,165,1.1644009557372264,2.035337591005598,57.20922960804411,0,102,3.4166177332601,2.491537251958465,4.180283727512206,1.6887464755537414,-1.5238501013926742,2.014625681416588,33.58210389885497,41.26268252018065,2793.39,24.0,0.0777337947396853,0.1055258410926404,0.2040336042106017,0.10861746838840892
B0006,166,1.1587974947916069,2.035337591005598,56.933920933434955,0,102,3.4121341541171764,2.40904100737121,4.181170015245673,1.772129007874463,-1.5237928146868023,2.016243208356173,33.6634605108384,41.45791806300034,2792.485,24.0,0.0764975846096731,0.1066836025369429,0.20018757445247712,0.10668648491996374
B0006,167,1.1749748834769171,2.035337591005598,57.72874675283711,0,102,3.419700177568569,2.475767645530351,4.1575524997258,1.6817848541954494,-1.5391310859398721,2.013736316594881,33.730546074122294,41.11666214070682,2802.016,24.0,0.076934450861607,0.1058981228130979,0.20517824692161152,0.10856909833919816
B0006,168,1.1856752327929356,2.035337591005598,58.254475229690506,0,102,3.4234687742187893,2.4160441724133666,4.188511527828155,1.772467355414788,-1.5426703969635052,2.014876364498059,33.8912822372509,41.36263766174168,2820.39,24.0,0.076934450861607,0.1058981228130979,0.20517824692161152,0.10856909833919816
B0005,1,1.8564874208181572,1.8564874208181572,100.0,161,162,3.5298286688693397,2.612467347907089,4.191491807505295,1.5790244595982057,-1.8187019641679727,2.0180146876333027,32.572328114029,38.98218133148803,3690.234,24.0,0.0446687003661609,0.0694562730453699,0.4518508335045719,0.07007102194355712
B0005,2,1.846327249719927,1.8564874208181572,99.45272071416716,160,162,3.5373201277859714,2.587208728940726,4.189773213846608,1.6025644849058818,-1.8175598506612867,2.016820542901454,32.72523522519307,39.03339796678704,3672.344,24.0,0.0446687003661609,0.0694562730453699,0.4518508335045719,0.07007102194355712
B0005,3,1.835349194223408,1.8564874208181572,98.86138595081707,159,162,3.5437367282719,2.65191689384378,4.188186735991303,1.5362698421475236,-1.8164865418840956,2.016573862170142,32.64286193755933,38.81879668981741,3651.641,24.0,0.0446687003661609,0.0694562730453699,0.4518508335045719,0.07007102194355712
B0005,4,1.8352625275821128,1.8564874208181572,98.85671763794174,158,162,3.5436661072601456,2.592947964776547,4.188461118855572,1.5955131540790246,-1.8255891938692528,2.0159359571668354,32.51487646204882,38.7623045063458,3631.563,24.0,0.0446687003661609,0.0694562730453699,0.4518508335045719,0.07007102194355712
B0005,5,1.8346455082120416,1.8564874208181572,98.82348178817772,157,162,3.5423432526672167,2.547419651124539,4.188298524761055,1.6408788736365159,-1.8261139590277584,2.017425579158831,32.38234901543077,38.66539257343368,3629.172,24.0,0.0446687003661609,0.0694562730453699,0.4518508335045719,0.07007102194355712
B0005,6,1.8356616600675493,1.8564874208181572,98.87821697485944,156,162,3.5413347346347575,2.5209480504077413,4.188815807948604,1.6678677575408627,-1.8168108743168805,2.0162347618032066,32.43418218230641,38.75169504640032,3652.281,24.0,0.0446687003661609,0.0694562730453699,0.4518508335045719,0.07007102194355712
B0005,7,1.8351461429226603,1.8564874208181572,98.85044855913478,155,162,3.5410250495075215,2.487927319492314,4.18839163793879,1.700464318446476,-1.816791144707133,2.01583310669507,32.480416444757985,38.8207012322275,3650.828,24.0,0.0446687003661609,0.0694562730453699,0.4518508335045719,0.07007102194355712
B0005,8,1.8257567905665535,1.8564874208181572,98.34468955151549,154,162,3.554133296801584,2.665204904745877,4.188927891511958,1.523722986766081,-1.8443412120754061,2.0166395518034546,32.41046186109587,38.51713023385634,3572.453,24.0,0.0446687003661609,0.0694562730453699,0.4518508335045719,0.07007102194355712
B0005,9,1.8247738529891333,1.8564874208181572,98.29174345738106,153,162,3.5529355991467955,2.603858472633368,4.189029250882121,1.5851707782487532,-1.853972745505648,2.018357230695621,32.3461408313,38.526267904657,3550.594,24.0,0.0446687003661609,0.0694562730453699,0.4518508335045719,0.07007102194355712
B0005,10,1.824613268496936,1.8564874208181572,98.28309354731991,152,162,3.5512057319376997,2.552853984885676,4.189223427076418,1.636369442190742,-1.853589933851096,2.016071837814984,32.27679750791685,38.52698128472781,3551.25,24.0,0.0446687003661609,0.0694562730453699,0.4518508335045719,0.07007102194355712
B0005,11,1.8246195526864504,1.8564874208181572,98.28343204622078,151,162,3.549292319740949,2.472448301852732,4.188916055911241,1.7164677540585087,-1.863380178294828,2.0160713863396573,32.15709350345252,38.54143406601644,3530.25,24.0,0.0446687003661609,0.0694562730453699,0.4518508335045719,0.07007102194355712
B0005,12,1.814201935767392,1.8564874208181572,97.72228539894282,150,162,3.559759220648976,2.64956413267546,4.189876247266316,1.5403121145908556,-1.8729688102878943,2.016851865845563,32.36407129853099,38.52197451768004,3491.016,24.0,0.0446687003661609,0.0694562730453699,0.4518508335045719,0.07007102194355712
B0005,13,1.8137521577549052,1.8564874208181572,97.69805803238793,149,162,3.558081969139198,2.5724981777366227,4.189286794768804,1.616788617032181,-1.8826095043160835,2.016393908986775,32.3181954403762,38.582485834057856,3470.281,24.0,0.0446687003661609,0.0694562730453699,0.4518508335045719,0.07007102194355712
B0005,14,1.8134404914735824,1.8564874208181572,97.68127007692819,148,162,3.555692244172496,2.5249886697730286,4.188837765892728,1.6638490961196997,-1.8825367876363654,2.0158117255163046,32.15709029211502,38.52029413487392,3470.0,24.0,0.0446687003661609,0.0694562730453699,0.4518508335045719,0.07007102194355712
B0005,15,1.8025980036306504,1.8564874208181572,97.09723768751648,147,162,3.562746818017503,2.694621861688723,4.189110301768517,1.494488440079794,-1.8817935155260215,2.0193509920362724,32.044070003146096,38.21358592965045,3450.297,24.0,0.0446687003661609,0.0694562730453699,0.4518508335045719,0.07007102194355712
B0005,16,1.80210690024615,1.8564874208181572,97.07078432300708,146,162,3.5614521756489204,2.64010141737067,4.18921207304098,1.5491106556703098,-1.8921861285036712,2.0164420273602586,31.931593674911532,38.1983618706913,3429.407,24.0,0.0446687003661609,0.0694562730453699,0.4518508335045719,0.07007102194355712
B0005,17,1.802579500826209,1.8564874208181572,97.09624103091468,145,162,3.5603420474985823,2.573903509838096,4.188899969428112,1.6149964595900164,-1.9027629207037406,2.016465255161054,31.941655359029298,38.31926916027133,3409.484,24.0,0.0446687003661609,0.0694562730453699,0.4518508335045719,0.07007102194355712
B0005,18,1.8030683142834096,1.8564874208181572,97.12257104811377,144,162,3.5591189041401865,2.4942396831720126,4.188779799856791,1.6945401166847782,-1.9133470605822436,2.0181069603406625,31.965008645476725,38.4787542519308,3390.422,24.0,0.0446687003661609,0.0694562730453699,0.4518508335045719,0.07007102194355712
B0005,19,1.802777624719604,1.8564874208181572,97.1069130069902,143,162,3.557886771846508,2.4556793246645583,4.189272591516219,1.7335932668516607,-1.9131602105481538,2.0170254305215485,31.966241678512723,38.54659017774874,3390.281,24.0,0.0446687003661609,0.0694562730453699,0.4518508335045719,0.07007102194355712
B0005,20,1.8470259949329195,1.8564874208181572,99.4903587398902,142,162,3.5520375235511907,2.632142800798914,4.187614060563439,1.5554712597645248,-1.8553455745575975,2.01684718332263,32.37143341978575,38.44749852224995,3591.734,24.0,0.0446687003661609,0.0694562730453699,0.4518508335045719,0.07007102194355712
B0005,21,1.847417311283644,1.8564874208181572,99.51143705942721,141,162,3.5525668436897124,2.5027764692056795,4.187628781108399,1.68485231190272,-1.8746995273150975,2.016190951623346,32.70024990461686,38.992275791716615,3552.297,24.0,0.044843430573346,0.0679720560130687,0.45510499277280775,0.0662285395065678
B0005,22,1.8361774213478947,1.8564874208181572,98.90599854098059,140,162,3.5567940383270398,2.617507742871704,4.187447226312926,1.5699394834412224,-1.8738272127883846,2.016760348146938,32.32266411829938,38.51424197364312,3531.578,24.0,0.04510114851143,0.0685283289600032,0.4534242428792688,0.07050966252351934
B0005,23,1.825780747577624,1.8564874208181572,98.34597999985365,139,162,3.5614100044534203,2.694074478000972,4.187344026387161,1.493269548386189,-1.883193546754683,2.0160230713598764,31.98795810666763,38.165816144899125,3492.907,24.0,0.0441720755771717,0.0680444951699617,0.45660830669977365,0.06796191466434792
B0005,24,1.8251136435078368,1.8564874208181572,98.31004632950898,138,162,3.5566107947817986,2.6237674644021887,4.187438187636325,1.5636707232341367,-1.873239184822504,2.01719076462715,31.894456524691385,38.16526203587147,3511.594,24.0,0.0437866281960759,0.0684502122707276,0.4569360056615555,0.06791977669467558
B0005,25,1.825581504220376,1.8564874208181572,98.33524772367372,137,162,3.5586742170266272,2.5010798299873738,4.18774138117799,1.6866615511906167,-1.9139593751505897,2.016114862565665,31.78039681801023,38.27549578575718,3431.9370000000054,24.0,0.0446393219887852,0.0683410113732366,0.45565802140424727,0.07127547199084808
B0005,26,1.814031127508391,1.8564874208181572,97.7130847840027,136,162,3.564103182686904,2.68499881852498,4.188261122540052,1.5032623040150717,-1.9030532722310995,2.016863630474281,31.688747146342205,37.98216079918311,3431.125,24.0,0.0435587857754753,0.0686823765587221,0.4542521680124122,0.0688476387040311
B0005,27,1.8147691941158937,1.8564874208181572,97.75284086310275,135,162,3.559588063594272,2.547109116468133,4.187338767288234,1.640229650820101,-1.9134590742247914,2.024643671910137,31.596747992569153,38.11100191887773,3412.406,24.0,0.0452654781826178,0.0681437253042456,0.4542462909029715,0.06946060639440439
B0005,28,1.813969388710352,1.8564874208181572,97.70975921350077,134,162,3.556833231052199,2.471314764334132,4.187560306288175,1.7162455419540428,-1.9136209099025532,2.017291134571006,31.565586498787077,38.18831137948753,3410.688,24.0,0.0444837157774346,0.0678255571971684,0.4543439900656628,0.06841397109808905
B0005,29,1.802765665167823,1.8564874208181572,97.10626880376819,133,162,3.5624410850948944,2.6613903306108773,4.18805176248713,1.5266614318762528,-1.9025819745719061,2.01713712589233,31.59124667045208,37.99854111908584,3410.718,24.0,0.0444141648591004,0.0688580524121343,0.4562992628520126,0.06548362922933951
B0005,30,1.804077040117352,1.8564874208181572,97.17690623092356,132,162,3.5591407106855666,2.541762355407921,4.187667484260542,1.645905128852621,-1.9130621638638965,2.015946028510057,31.603485399391182,38.194201649765226,3392.719,24.0,0.0445354459002964,0.0677943469911627,0.4573105475137192,0.06800564068166678
B0005,31,1.8518025516704488,1.8564874208181572,99.74764875349149,131,162,3.5573161327793144,2.628919415830567,4.2010701773378685,1.5721507615073014,-1.920618117118412,2.0167372379007014,31.91556385491565,38.45796400011448,3470.672,24.0,0.045021352455558,0.0694040818553967,0.5303943476510252,0.05844449866001039
B0005,32,1.8307038456739428,1.8564874208181572,98.61116348782738,130,162,3.561870782772737,2.6312552691827045,4.1996223345495824,1.568367065366878,-1.9298830859597569,2.0183057226929555,32.081128118597164,38.49126351534004,3414.109,24.0,0.0464625160005063,0.0699377430233672,0.21002794139525402,0.07117245277773543
B0005,33,1.8199041089501269,1.8564874208181572,98.02943389447218,129,162,3.5617586337260088,2.654880745360911,4.199853323702163,1.5449725783412518,-1.9293005284805407,2.016579511976592,31.849792632896243,38.31473393357882,3395.219,24.0,0.0477238545111998,0.0695041754421432,0.21074937427036222,0.07238581216828263
B0005,34,1.809307963702852,1.8564874208181572,97.45867078945716,128,162,3.5597307651083123,2.6749688422803803,4.199103467081427,1.5241346248010466,-1.923330987770314,2.0193879194408373,31.465690433362017,37.861934640176806,3386.0,24.0,0.0469402296332379,0.069661211991841,0.20858538251798456,0.07116973706445869
B0005,35,1.80460990458052,1.8564874208181572,97.20560906279803,127,162,3.5575937553540915,2.6159705726789904,4.199998536865001,1.5840279641860109,-1.9284469980320087,2.015814483813837,31.409348956650316,37.90665575786083,3368.187,24.0,0.0470279824320801,0.0711294674960708,0.20915797704282899,0.07189952789226783
B0005,36,1.7993770651972192,1.8564874208181572,96.92374130950107,126,162,3.5597237883937995,2.658447162110498,4.19967522099872,1.5412280588882217,-1.9231439161693824,2.019901495893039,31.902247475518077,38.34003238560517,3368.266,24.0,0.0477553802626716,0.0716707961231252,0.2102386401963015,0.07212378041653446
B0005,37,1.7884432335370462,1.8564874208181572,96.3347886703631,125,162,3.559061771422033,2.697942608427116,4.1991847248803165,1.5012421164532004,-1.9170149640438081,2.016522387288751,31.649024294808623,38.0745950590744,3358.719,24.0,0.0470229394468384,0.0697669618355563,0.21118385927623642,0.07137521572463176
B0005,38,1.7829230484252725,1.8564874208181572,96.03744299218226,124,162,3.557015527748059,2.6617272246516333,4.200012480335,1.538285255683367,-1.922048805055383,2.017112121704317,31.48874626238971,38.07252758016199,3339.5,24.0,0.046245370477528,0.0719248993978976,0.20785018173764797,0.07047181399393997
B0005,39,1.7730337158018288,1.8564874208181572,95.50475246530083,123,162,3.5562481933590964,2.699288287625812,4.1992373656547874,1.4999490780289753,-1.9162302821549881,2.018009988339822,31.329995610092634,37.80133585100446,3331.265,24.0,0.0461861033675123,0.0719378705603448,0.2107900427809316,0.07345691823448672
B0005,40,1.773037755078937,1.8564874208181572,95.50497004162604,122,162,3.5532756526091784,2.612793240883853,4.199395781118708,1.5866025402348556,-1.9220800182578983,2.017724236336294,31.569551201845574,38.39873985476869,3321.188,24.0,0.0477373701431311,0.0703395836124857,0.21021908950807405,0.0712829519369012
B0005,41,1.7678721106662054,1.8564874208181572,95.22672175646098,121,162,3.556266431640255,2.6637064901468075,4.199578698026071,1.535872207879264,-1.9162417890311958,2.016792488625222,32.111426258867944,38.74929237918251,3321.844,24.0,0.048383341548765,0.0697381270154479,0.21228154797290588,0.07444606876062951
B0005,42,1.762315070409309,1.8564874208181572,94.92739086983167,120,162,3.5563095420140822,2.6668454289754746,4.199546957512695,1.53270152853722,-1.9158809823517762,2.017255132631586,32.271676011112376,38.87275464755104,3311.828,24.0,0.0480375100392994,0.0701251142477667,0.21049528542886742,0.07299075064505454
B0005,43,1.7676172924938447,1.8564874208181572,95.21299593373236,119,162,3.558950851054106,2.684431051981017,4.194091469340824,1.5096604173598074,-1.9114406265753041,2.0159457514475405,31.842291659678658,38.503541429116005,3327.391,24.0,0.0480869600733819,0.0697134641311117,0.2108258357526761,0.07233786251120791
B0005,44,1.762668359743147,1.8564874208181572,94.9464208578551,118,162,3.5534418211598053,2.645224362345869,4.200715235801255,1.5554908734553856,-1.9158166997544155,2.021877555086194,31.759815453754253,38.27009094548294,3312.078,24.0,0.0480869600733819,0.0697134641311117,0.2108258357526761,0.07233786251120791
B0005,45,1.7517304870664143,1.8564874208181572,94.35725054869609,117,162,3.5510121537420285,2.6603527244917,4.1990980807180325,1.5387453562263325,-1.9151304155635374,2.0169903181968984,31.41911167391793,38.11684755251712,3293.172,24.0,0.0475472817403881,0.073180098911682,0.2092387434897589,0.07247066320878266
B0005,46,1.7418496047960008,1.8564874208181572,93.82501520146927,116,162,3.551317608213949,2.6926849789916263,4.199398534411534,1.5067135554199078,-1.9148485784393638,2.016185456554963,31.331626572312267,38.04152715355532,3275.328,24.0,0.0476409209894885,0.0716524732655295,0.21003731834080763,0.07425408763699001
B0005,47,1.7360913511847138,1.8564874208181572,93.51484592444021,115,162,3.549003180550162,2.670544734728978,4.199122915612965,1.528578180883987,-1.9144128654409127,2.0170647431651068,31.35934131425137,38.17980302242767,3265.016,24.0,0.0484243695317731,0.0724998374901,0.21053344696090065,0.07441730803557972
B0005,48,1.7936240148573608,1.8564874208181572,96.61385230754257,114,162,3.5597648340955175,2.605158060541757,4.190409478081396,1.5852514175396388,-1.9388813849818083,2.0168134548386294,34.31088483888259,40.71218198711114,3328.937,24.0,0.0484243695317731,0.0724998374901,0.21053344696090065,0.07441730803557972
B0005,49,1.7831890223273277,1.8564874208181572,96.0517697201241,113,162,3.5623454342368555,2.672012007453096,4.199933846791869,1.5279218393387732,-1.927509725704535,2.0165540953857675,33.43585640373787,39.88526123315293,3329.266,24.0,0.0494307456487187,0.0701407541984291,0.21064051022930994,0.07167238120579092
B0005,50,1.7673642076278957,1.8564874208181572,95.19936347583842,112,162,3.558336657621618,2.674271233724938,4.199365021329158,1.52509378760422,-1.9267185977839403,2.022483480851903,32.66698125020078,39.18287352945846,3301.579,24.0,0.0497482254301438,0.0711299384497784,0.21101252144201846,0.07250609083786938
B0005,51,1.7570177850353066,1.8564874208181572,94.64205172265513,111,162,3.5540131386228695,2.6309416727017187,4.19902365945384,1.5680819867521216,-1.9261308349663746,2.016804145903712,32.28423408691397,38.95156480403077,3283.563,24.0,0.0498848659447539,0.0719830276512561,0.21095739719359022,0.07500616949268812
B0005,52,1.7468706179837907,1.8564874208181572,94.09547290193552,110,162,3.552376095886298,2.6629725743154204,4.199432142144215,1.536459567828795,-1.9202346781375206,2.0172800396238526,32.00739178780946,38.607510759873634,3275.125,24.0,0.0492163809321789,0.0714637439793728,0.20970272318617517,0.07134395576507428
B0005,53,1.7417172507457144,1.8564874208181572,93.81788592880078,109,162,3.549618661283733,2.612942119873717,4.199640922827531,1.5866988029538143,-1.9201011498853633,2.0159193745006387,32.06387071886056,38.920359903369054,3265.656,24.0,0.0499459389365634,0.0708870426164587,0.21098534989822668,0.07208602332951469
B0005,54,1.7364225056478186,1.8564874208181572,93.53268361401416,108,162,3.54938103086703,2.615719844266148,4.199305653118061,1.5835858088519128,-1.914427810545647,2.020605919573001,32.43754560319043,39.23273115358871,3266.093,24.0,0.0489696051479402,0.0717816850521735,0.21074734342539403,0.07043028493942302
B0005,55,1.7263217239235826,1.8564874208181572,92.98860334657101,107,162,3.5472118680418956,2.6287695472774453,4.198949734540481,1.5701801872630354,-1.9083407065035893,2.017554048083073,32.16809876635083,38.9649270684008,3257.594,24.0,0.0502293760251405,0.0718319241428618,0.20964549230760166,0.0738628345357739
B0005,56,1.7158065389330133,1.8564874208181572,92.42220117908766,106,162,3.5467052098640246,2.6655106679421823,4.19834220599025,1.5328315380480677,-1.902207182631691,2.016416703030436,32.05752645824972,38.83927283461771,3248.593,24.0,0.0497152666250807,0.0713902715439566,0.21177066770373063,0.07484572354935948
B0005,57,1.710533351135192,1.8564874208181572,92.1381600518121,105,162,3.544629653883431,2.650495153350403,4.198995776266302,1.548500622915899,-1.9020484449938708,2.0170229987437884,31.97592092807272,38.82796377704433,3238.766,24.0,0.0491321660184356,0.0724518691988788,0.21120279849135865,0.07309260732954015
B0005,58,1.706014499648521,1.8564874208181572,91.89475137389714,104,162,3.5436291614253204,2.643236235233877,4.19916986492694,1.555933629693063,-1.8964907679062355,2.016783933430818,32.21689335291319,39.14007944734004,3240.14,24.0,0.0492096832252982,0.073040250995097,0.20997328981894792,0.07405101436588424
B0005,59,1.7003110272642588,1.8564874208181572,91.587532896664,103,162,3.5444946147995258,2.656450207001938,4.199246833083063,1.5427966260811248,-1.895971437908019,2.0199829306240717,32.55632993697177,39.349611598028886,3230.109,24.0,0.0495063161655938,0.07251082944035,0.21065621167468043,0.07338196266240618
B0005,60,1.6945798601797897,1.8564874208181572,91.27882263985315,102,162,3.5409201846556857,2.626177688152069,4.19925518864016,1.5730775004880915,-1.8899648799839277,2.016448312230377,32.40048085325998,39.29444535878087,3229.7810000000027,24.0,0.0486517627795967,0.0720176209117095,0.21228492311203706,0.07527048471607631
B0005,61,1.6849029086609286,1.8564874208181572,90.75757205607076,101,162,3.541195668799061,2.6582230344240045,4.199610827671791,1.5413877932477869,-1.8893703824420507,2.026465491633473,32.29371860868794,39.10487658009542,3212.469,24.0,0.0491657556837128,0.0731699361800272,0.21056295328968735,0.07430087366449806
B0005,62,1.6744741591159715,1.8564874208181572,90.19582574806932,100,162,3.540671044783382,2.695100237338448,4.1994453812630566,1.5043451439246085,-1.8776883243431417,2.017330650607364,32.136071448067796,39.0462609369598,3213.219,24.0,0.0492342734208827,0.0727712073374357,0.21092254403767224,0.07357289798453576
B0005,63,1.6745692479879102,1.8564874208181572,90.20094772578231,99,162,3.5376048790268775,2.639091813583503,4.198991968341307,1.5599001547578042,-1.8831065986697755,2.02257876070347,32.382685497234974,39.398032192832,3203.578,24.0,0.0505475864921389,0.0727086679457494,0.21076663810622284,0.07392683312549758
B0005,64,1.663716375981405,1.8564874208181572,89.61635599169331,98,162,3.538422485261741,2.6857210282450983,4.197785116892181,1.5120640886470826,-1.876359921441716,2.0158674131052456,32.30899951427638,39.10678394120843,3195.125,24.0,0.0501188147421075,0.0730104108966134,0.21088330782073483,0.07314432047223564
B0005,65,1.659013868748246,1.8564874208181572,89.36305466681351,97,162,3.53928626988912,2.69017866510873,4.201331130571617,1.5111524654628874,-1.8709550260104437,2.016878594815316,32.56636929496717,39.44448954135193,3195.312999999994,24.0,0.0501188147421075,0.0730104108966134,0.21088330782073483,0.07314432047223564
B0005,66,1.6538540573335014,1.8564874208181572,89.08512057704357,96,162,3.533690170241391,2.639895313359579,4.199339974904826,1.5594446615452475,-1.8705599868289542,2.019019155129933,32.46542951751835,39.509602016775695,3186.297,24.0,0.0497925673190261,0.073436503616202,0.21095940712106945,0.07422487992918245
B0005,67,1.642653782130131,1.8564874208181572,88.48181591266643,95,162,3.534367734544495,2.68991452927918,4.198916244859707,1.5090017155805273,-1.8640049795794804,2.0179820220655023,32.347056454418095,39.33486536224533,3176.438,24.0,0.0498653780666,0.0732133898164959,0.2099645599448242,0.07383671532310201
B0005,68,1.6378578430223698,1.8564874208181572,88.22348186450749,94,162,3.5312941932103548,2.65935818848874,4.198537488587242,1.539179300098502,-1.8636932149873204,2.0158401305926343,32.37153894064616,39.43723270017243,3167.593,24.0,0.0498119327855388,0.074596186052064,0.21123474199540151,0.07644616750613936
B0005,69,1.6327350407099108,1.8564874208181572,87.94754127611388,93,162,3.5309134771684274,2.6657030585650423,4.198943932259475,1.5332408736944325,-1.857820396301907,2.0192083553177325,32.45549347979197,39.51375235624076,3167.719,24.0,0.0485067348899718,0.0745830977634214,0.21080032299515136,0.07533107928092322
B0005,70,1.6277528915533617,1.8564874208181572,87.67917699307696,92,162,3.5287226893409893,2.642986759012803,4.199579806494986,1.5565930474821834,-1.8572160981955346,2.017754065523427,32.50017194695606,39.60170302810528,3159.077999999994,24.0,0.0500230742033395,0.0736638387977965,0.21057142361901404,0.07353822402226962
B0005,71,1.622125485521159,1.8564874208181572,87.37605584239755,91,162,3.52625493581969,2.631116911889304,4.198782234828033,1.567665322938729,-1.8568340008006832,2.016206764491147,32.50100298369444,39.68746359758208,3148.829,24.0,0.0502046904378658,0.0737188582159762,0.21291086588918992,0.0746557183603728
B0005,72,1.6113256603765849,1.8564874208181572,86.79432148624367,90,162,3.5286843243370045,2.696157404617167,4.19910517813207,1.5029477735149035,-1.8448886500218815,2.018425729441905,32.4728927422438,39.53535075538898,3149.094,24.0,0.0497585734077315,0.0746561776087558,0.21065863432856535,0.07567228793004531
B0005,73,1.6065631397488385,1.8564874208181572,86.53778753000239,89,162,3.525556939424901,2.6667596238241567,4.198510853141954,1.5317512293177975,-1.8444180038305806,2.0200094988659028,32.50480154634882,39.6502371632164,3140.547,24.0,0.0496867550378329,0.0735542582193973,0.20999710278437356,0.07134724476469267
B0005,74,1.6015142233917594,1.8564874208181572,86.26582682073706,88,162,3.5226805646793737,2.6403185448373043,4.198732430468704,1.5584138856313996,-1.8438790389835118,2.0160906793454063,32.51218336210202,39.69929058154853,3131.625,24.0,0.0499500570704977,0.0746229428074614,0.2118248124894421,0.07508588880345504
B0005,75,1.590369231400328,1.8564874208181572,85.66549999565575,87,162,3.5246734587890085,2.69892986372897,4.198799630396931,1.4998697666679615,-1.83711254029409,2.017218805788003,32.45692821941515,39.56076309770468,3121.907,24.0,0.0502825642512583,0.0736039114233682,0.2102644557591153,0.0746026966172513
B0005,76,1.5857889968242211,1.8564874208181572,85.41878490754121,86,162,3.5213155754526824,2.6682466504352997,4.198753541225669,1.530506890790369,-1.8315957075983758,2.017576881832417,32.447059186431154,39.63708096307912,3122.125,24.0,0.0499200778190466,0.074642062777058,0.211213159546635,0.07557110092505645
B0005,77,1.5849430707374117,1.8564874208181572,85.3732189598637,85,162,3.51803386486462,2.6479207279724903,4.200309982421394,1.5523892544489035,-1.8311195242792309,2.0163186530776205,32.32889654966259,39.43977047692484,3121.672,24.0,0.0500799643501363,0.0754771092928152,0.2108694158054628,0.0746299906583135
B0005,78,1.5955263892495937,1.8564874208181572,85.94329115068511,84,162,3.5236841955396794,2.6741633856529066,4.201124089732316,1.5269607040794093,-1.8432799764914718,2.016322017667326,32.84488475360107,39.83902225625452,3120.86,24.0,0.0500799643501363,0.0754771092928152,0.2108694158054628,0.0746299906583135
B0005,79,1.5747301747801037,1.8564874208181572,84.82309964083234,83,162,3.519146638240668,2.6892528956736257,4.198150316653697,1.5088974209800714,-1.829798505957538,2.016058383461316,32.31731555011648,39.41794949618613,3103.828,24.0,0.0548732021154092,0.0793440364411719,0.21221721081079112,0.08124623913700042
B0005,80,1.5649019950937946,1.8564874208181572,84.29370312695895,82,162,3.516233648608237,2.688809122993162,4.198524048997099,1.5097149260039369,-1.8236746835609148,2.0176016183677974,32.06376130177751,39.262781682151214,3095.094,24.0,0.0552404998627662,0.0800235935822896,0.2109794911035999,0.08178151154354692
B0005,81,1.5597659473370362,1.8564874208181572,84.01704907053153,81,162,3.514773138461639,2.6743555987897745,4.198840869468569,1.5244852706787944,-1.8176720770210877,2.018404141903304,32.21997626855924,39.47237839941986,3095.781,24.0,0.0550803683287425,0.0804500816192199,0.21078499202767487,0.0824181419401517
B0005,82,1.5594815668184234,1.8564874208181572,84.00173086716404,80,162,3.5132992979150073,2.6430294964336345,4.198119631667182,1.5550901352335473,-1.8179238657973993,2.016777852675889,32.7120225448885,40.03754146951368,3094.328,24.0,0.0548457849434252,0.0809952791439065,0.21097844394098192,0.08221572767195762
B0005,83,1.55468935359061,1.8564874208181572,83.74359751414075,79,162,3.514484830704665,2.6584858447131823,4.198320288264955,1.5398344435517726,-1.817160673909645,2.019500858990014,32.945022147355694,40.14273016201157,3086.531,24.0,0.0580894926860419,0.0790061137619081,0.20871606625510386,0.08027015229538884
B0005,84,1.5488741079890418,1.8564874208181572,83.43035835418966,78,162,3.5109677353595243,2.629782173759164,4.1980467610750285,1.5682645873158645,-1.8110297241968543,2.025028692484549,32.857549597381336,40.1165626728546,3085.625,24.0,0.0563999943051261,0.0818149196701257,0.2083787305544885,0.08056069767905799
B0005,85,1.538236598942558,1.8564874208181572,82.85736718133293,77,162,3.510935874957801,2.6622967647315545,4.199047008209673,1.5367502434781186,-1.8094435644526072,2.017188769565156,32.629663328789654,39.87503330866132,3067.203,24.0,0.0571591479145079,0.0808669662369406,0.21046499755953704,0.08263468498948445
B0005,86,1.527914258251028,1.8564874208181572,82.30135260370757,76,162,3.509393098217416,2.682380966742509,4.197669918520713,1.5152889517782042,-1.8026537331443495,2.0203529496154493,32.379859014262976,39.61961987024145,3058.157,24.0,0.0569987938629429,0.0825010076441602,0.2092955690747565,0.08364384164348804
B0005,87,1.5285252629756445,1.8564874208181572,82.33426447360578,75,162,3.5066782411556563,2.640189476892272,4.197600624105256,1.5574111472129841,-1.8031542757366412,2.016749317444538,32.68215852457039,40.067324667444815,3058.812,24.0,0.057915946777513,0.0817505708315127,0.21096322757688793,0.08432161005345146
B0005,88,1.522647325284378,1.8564874208181572,82.01764839394089,74,162,3.5109885623008092,2.693769409137257,4.197985718630326,1.504216309493069,-1.7965666438696486,2.016964364118414,32.99387423636739,40.24716716520102,3058.578,24.0,0.0585831887959693,0.0826941645735358,0.20952984948218245,0.08456136888458793
B0005,89,1.5174859938489869,1.8564874208181572,81.73963242800902,73,162,3.510305462695178,2.695787450704935,4.198164128530042,1.502376677825107,-1.7959771394311954,2.017715447411052,33.045397072111655,40.30253125568348,3049.328,24.0,0.0568441123963582,0.082272625759776,0.2130586704910496,0.08409644150971299
B0005,90,1.605818899130659,1.8564874208181572,86.49769888680268,72,162,3.5222215314850214,2.6920548172137724,4.222920057935785,1.530865240722013,-1.822916991757235,2.017087516284557,32.856295641052824,40.09418103142496,3177.219,24.0,0.0566720346295509,0.0829157329641766,0.20872303149519275,0.08366706850708697
B0005,91,1.5638491446744425,1.8564874208181572,84.23699116610504,71,162,3.5163492154331264,2.629071246219689,4.200423045909808,1.5713517996901194,-1.8294275689587538,2.0177115857667665,33.33950238056361,40.52238496316615,3082.937,24.0,0.0582233615105249,0.0761509211548619,0.21235975231695534,0.07645712996977605
B0005,92,1.5480915247767786,1.8564874208181572,83.38820438085877,70,162,3.5134397623234963,2.631343871050918,4.198372063670128,1.56702819261921,-1.816317296828028,2.0160877086861952,33.35156485472646,40.56886357314186,3074.266,24.0,0.058693615611032,0.0809967398338894,0.21069043549280392,0.08408968340029249
B0005,93,1.5323755631868592,1.8564874208181572,82.5416615272049,69,162,3.515137522009075,2.6983970036642315,4.198353213898968,1.4999562102347364,-1.8033689952639713,2.0174325692631547,33.147486361012966,40.27804845768325,3066.0,24.0,0.0568735509905479,0.080792347724638,0.21081995253682098,0.0838362912253791
B0005,94,1.5269528268489705,1.8564874208181572,82.24956494324319,68,162,3.50830390643132,2.6338485871981514,4.197873789078739,1.5640252018805874,-1.802670753119494,2.017976023705107,33.007275861749356,40.2921849196155,3056.437,24.0,0.0584012267602933,0.0816166339541188,0.20966217902115758,0.08226745021523924
B0005,95,1.5169573017136326,1.8564874208181572,81.7111543392579,67,162,3.509190808443004,2.671566207861818,4.197955644238241,1.526389436376423,-1.7958941337499832,2.016684455267326,32.91990812745461,40.184384347174266,3048.219,24.0,0.0571392616497832,0.0820304274361046,0.2102495802853992,0.08347585401639662
B0005,96,1.511897596014269,1.8564874208181572,81.43861246029738,66,162,3.5068097579555353,2.6540810507928123,4.197918434710392,1.5438373839175794,-1.795344963527795,2.0185074328810417,32.99903328622305,40.320066232195046,3039.218,24.0,0.056846750542401,0.0843093490529676,0.20952201728803044,0.08411083492449338
B0005,97,1.5065638960681105,1.8564874208181572,81.15131183620761,65,162,3.50609090727422,2.656849703962618,4.197739340034368,1.54088963607175,-1.7893518988259458,2.0206154364574687,33.03772281691292,40.33650561265159,3039.047,24.0,0.0597145830687632,0.081280778737871,0.2106768282063954,0.08438766534512367
B0005,98,1.5015453526671363,1.8564874208181572,80.88098717121404,64,162,3.5037157727265953,2.6363048614501152,4.19785490446139,1.5615500430112745,-1.7883879159763685,2.017421211930756,33.07740307192613,40.43267631588412,3030.375,24.0,0.0578764894862572,0.0827621596207595,0.2095836143903877,0.08324011588986702
B0005,99,1.4908444050400238,1.8564874208181572,80.30457886878685,63,162,3.5067479961367156,2.69951692300468,4.197306756122815,1.4977898331181354,-1.7815447770741009,2.0224772834102507,33.05467981523988,40.314538591575015,3021.0,24.0,0.0571060525925708,0.0838933915955351,0.21056961731600107,0.08505975953842254
B0005,100,1.485868384561201,1.8564874208181572,80.0365447079828,62,162,3.5058813026542324,2.698216006032282,4.197528212001444,1.499312205969162,-1.7753115642966961,2.0179249554704706,33.11570360624461,40.386661855917744,3021.75,24.0,0.0583244011522277,0.0823356083860003,0.21028733803187705,0.08174240871990524
B0005,101,1.480413677976106,1.8564874208181572,79.74272604140162,61,162,3.504168333530808,2.6911707598773864,4.19743662221161,1.5062658623342235,-1.7742377662318363,2.018486701026112,33.12942148982365,40.43384612547835,3012.265,24.0,0.0585398872773731,0.0825995740858869,0.2087803311510373,0.08212089703439641
B0005,102,1.4752095869031632,1.8564874208181572,79.46240682056633,60,162,3.5030568931470634,2.690162319231471,4.197717228550219,1.5075549093187477,-1.773860289771637,2.017202918759472,33.130681310493344,40.44479269068758,3002.641,24.0,0.0576100022715738,0.0836176940705274,0.20889226212548132,0.08410474435687046
B0005,103,1.4859035988304024,1.8564874208181572,80.0384415303801,59,162,3.4982324882487936,2.6355034454892072,4.192454851360723,1.5569514058715157,-1.7809702419814517,2.017032616337778,33.20069210329718,40.58499656066617,3012.0,24.0,0.0568774408378622,0.0845362995717969,0.20846075900099967,0.0821957082235586
B0005,104,1.4960918298136696,1.8564874208181572,80.58723226653156,58,162,3.5065859365661325,2.6594753656507684,4.202845001527377,1.543369635876609,-1.7879098523188455,2.020648432189961,33.78697527817091,40.99869158762305,3020.11,24.0,0.058412257957184,0.0781662290360033,0.21109377061447843,0.08088302343360834
B0005,105,1.4808005946928984,1.8564874208181572,79.76356737393388,57,162,3.501457140697961,2.644554999824577,4.197952808231904,1.5533978084073272,-1.780229415660985,2.018056806197647,33.673365085761986,40.997807625227495,3002.172000000006,24.0,0.0601978908480714,0.0837734664524804,0.20900622476427322,0.08408083633033012
B0005,106,1.4697543268466824,1.8564874208181572,79.16855834115802,56,162,3.5016583871628097,2.6719601666204564,4.198017952345714,1.526057785725258,-1.7731015168894209,2.017916668624779,33.535818118317145,40.84213757482493,2992.703,24.0,0.0598835241626575,0.0836115676360818,0.21040230565440246,0.08620713811368018
B0005,107,1.4539012274845928,1.8564874208181572,78.31462853887025,55,162,3.4966186408455298,2.6598211033173382,4.192162800008929,1.5323416966915908,-1.7705879947441516,2.027591717224413,33.32269982188509,40.69012464267011,2964.468,24.0,0.0588751204970558,0.0837056242203838,0.2090533324659068,0.08452075446770052
B0005,108,1.454146206723569,1.8564874208181572,78.32782438583529,54,162,3.4991645719433246,2.688360455508818,4.196993378341778,1.5086329228329602,-1.7600629827474803,2.017344770444764,33.346230327490304,40.69938049882204,2983.375,24.0,0.0584451859295269,0.0843513765148262,0.20914043294084803,0.08489141163279348
B0005,109,1.455023751906683,1.8564874208181572,78.37509350133122,53,162,3.496080777360074,2.6376728619288525,4.197603515102162,1.5599306531733093,-1.765575132998529,2.017072416845675,33.64948900485925,41.06026204078849,2975.297,24.0,0.0605512105499778,0.0832805147674182,0.21096473951074354,0.08619216695861323
B0005,110,1.449042163761236,1.8564874208181572,78.05289427291895,52,162,3.4959014526388,2.645120521151077,4.196406678544622,1.551286157393545,-1.7588271887545277,2.017938882324793,33.79269513542103,41.19696040482682,2974.9850000000006,24.0,0.0599502558921759,0.0831904359131708,0.2097755363241272,0.0851157535564763
B0005,111,1.4386709371480566,1.8564874208181572,77.49424644709049,51,162,3.497586979902671,2.698012437629632,4.197098662004674,1.4990862243750418,-1.7516428147438297,2.029098489464331,33.52446663707275,40.84446688602949,2966.25,24.0,0.0595650130368422,0.0848701138092932,0.20858046140297512,0.08686213083676136
B0005,112,1.433445432156979,1.8564874208181572,77.2127737620359,50,162,3.4956989619989507,2.692894277298908,4.196909312093871,1.5040150347949632,-1.7513097768253418,2.025048878675005,33.39042251934235,40.764203830749366,2956.359,24.0,0.05985334901025,0.0847391766373357,0.2091207808350406,0.08455935670239173
B0005,113,1.4333958900838095,1.8564874208181572,77.21010517012334,49,162,3.492875380810072,2.6483923655058117,4.197105220217278,1.5487128547114661,-1.7511840784846122,2.0170494375017745,33.67370212742761,41.11212504270441,2956.344,24.0,0.0587454802930831,0.0871172135034907,0.20854924809318764,0.08687892109174483
B0005,114,1.42806487344776,1.8564874208181572,76.92294908297355,48,162,3.49551076423368,2.6832134764262,4.196244829545076,1.5130313531188762,-1.7446206812145286,2.017587381204539,33.91080564765892,41.27256611507568,2956.406,24.0,0.0608376708448938,0.0849090277748801,0.20487233219122414,0.08516638674976865
B0005,115,1.4229203181741186,1.8564874208181572,76.64583676775118,47,162,3.4942333590450834,2.684960445221862,4.19680260180666,1.5118421565847986,-1.7436362428649814,2.0245398824990146,33.7850680599871,41.15574924454392,2947.266,24.0,0.0599376278681594,0.0847995018360561,0.20686034950383497,0.08608553784860237
B0005,116,1.417429032731308,1.8564874208181572,76.35004777498813,46,162,3.491197414255986,2.669922120529456,4.196227405416926,1.5263052848874703,-1.7425325036061037,2.01689808000431,33.61126807392732,41.03237216951879,2937.984,24.0,0.0595958869181685,0.0851877517168028,0.2079827219719726,0.08774041025692617
B0005,117,1.412409228794446,1.8564874208181572,76.07965521102183,45,162,3.488909408157623,2.664105530655056,4.196558172556389,1.5324526419013331,-1.7419837011363046,2.0197651300783948,33.45598581472246,40.937269906716935,2929.125,24.0,0.0584007435193973,0.086329382369691,0.20712010135440442,0.0865520860574391
B0005,118,1.412578792940193,1.8564874208181572,76.08878881159707,44,162,3.487376295811431,2.634098605983684,4.196870541112335,1.562771935128651,-1.7421680980861822,2.018228083548545,33.723267448788484,41.240704611971786,2928.454,24.0,0.0626050644034527,0.0850211189952597,0.2078445679729555,0.08517244707041843
B0005,119,1.4075983731469897,1.8564874208181572,75.82051768100096,43,162,3.491994243745711,2.68378702970616,4.196795527524874,1.5130084978187144,-1.735841378420618,2.0178512019397976,34.05007636985734,41.43649987692296,2929.375,24.0,0.0611519539173246,0.0848557762027261,0.20837812837187142,0.08557491736186001
B0005,120,1.4333920485221476,1.8564874208181572,77.20989824377314,42,162,3.491585878898649,2.660031949282934,4.189287343772767,1.5292553944898328,-1.7567879869499758,2.017223089332264,33.889346908026745,41.16703904201915,2946.031,24.0,0.0596306011999845,0.0850345675980089,0.20960214301391178,0.08781890319086474
B0005,121,1.4382550176792908,1.8564874208181572,77.47184287655713,41,162,3.495576227046425,2.650011641082063,4.201144545237731,1.5511329041556676,-1.7573176114092575,2.0257290511470427,34.067648550088656,41.36216559728765,2955.438,24.0,0.0596306011999845,0.0850345675980089,0.20960214301391178,0.08781890319086474
B0005,122,1.4173547174485526,1.8564874208181572,76.34604477007024,40,162,3.4938988589692483,2.6936969083341418,4.196925753814179,1.5032288454800375,-1.742762839332656,2.01734921830549,33.75168100943646,41.02198772703674,2937.625,24.0,0.060986669920577,0.0858397688242258,0.2079796424826713,0.08795739559042919
B0005,123,1.406981663677643,1.8564874208181572,75.7872985240904,39,162,3.49159162968384,2.697073130067154,4.196901090271507,1.4998279602043532,-1.7352637407600362,2.016959683770622,33.46482299584788,40.78818812957494,2929.078,24.0,0.0610042570410988,0.0858843611487287,0.2082841538925677,0.08705523155210487
B0005,124,1.4012037783587623,1.8564874208181572,75.4760717819057,38,162,3.4885729299834787,2.6806995515145213,4.196688955833435,1.5159894043189133,-1.7344350518111926,2.0173176445033945,33.40210697922146,40.81506138506309,2918.375,24.0,0.0623291478272736,0.0882216113892046,0.20606749884377956,0.09036390926254073
B0005,125,1.3967008232726328,1.8564874208181572,75.23351936621819,37,162,3.4869021151089825,2.6695398084864568,4.196339302740304,1.5267994942538472,-1.7280392046289716,2.0174893103299003,33.410688917712235,40.85837421987642,2919.812,24.0,0.0615027627885515,0.0872699062901812,0.2050143994018771,0.08698240451630923
B0005,126,1.391284788852726,1.8564874208181572,74.9417837821699,36,162,3.4855485210036417,2.671695307817951,4.196181412764837,1.5244861049468859,-1.7326888725308258,2.0162082324346318,33.38984948261314,40.839876773287166,2900.422,24.0,0.0614190799483374,0.0872037829252581,0.20712557670082982,0.08689728577425909
B0005,127,1.3862287677978349,1.8564874208181572,74.66944037718939,35,162,3.4838912547260388,2.661289185949965,4.195770804194879,1.534481618244914,-1.7260735249920125,2.01785516482798,33.3700433438796,40.85376069244676,2901.375,24.0,0.0612166514530719,0.0872819262712242,0.20163164444691142,0.0878642684006437
B0005,128,1.3804366761974138,1.8564874208181572,74.357448411315,34,162,3.483198941484065,2.667817533540102,4.195456241846729,1.5276387083066272,-1.7195393742714093,2.01649929452358,33.27215987470977,40.74795214258888,2901.187,24.0,0.062704070176938,0.0867911180985442,0.20321043227808788,0.09000667062800169
B0005,129,1.3752364150256224,1.8564874208181572,74.07733548873459,33,162,3.4836274447098883,2.684008069130594,4.19654355365607,1.5125354845254755,-1.7185829844462919,2.0162911974216766,33.222444215660225,40.68794001196382,2891.64,24.0,0.0617261358358741,0.0883779260119075,0.20484726811338988,0.08930279378725553
B0005,130,1.3705128024895008,1.8564874208181572,73.82289732324249,32,162,3.480172442538601,2.6585256208771644,4.194357133255019,1.5358315123778543,-1.717672415155695,2.016416530728208,33.26207748383125,40.7810749453613,2882.906,24.0,0.0618522370349969,0.0869792218467831,0.205053170756742,0.08873371017621087
B0005,131,1.37050855662704,1.8564874208181572,73.82266861916331,31,162,3.478452148610975,2.6372250579822927,4.195863681881766,1.5586386238994736,-1.7177080769362936,2.01668335956764,33.312029905516525,40.88159339768709,2883.265,24.0,0.0631035810265918,0.088522345692425,0.20484995197401765,0.09077072244825635
B0005,132,1.3647355108681518,1.8564874208181572,73.51170256067292,30,162,3.4785782556105507,2.6514257735606432,4.19558455466442,1.5441587811037771,-1.7109669363015378,2.0156447128046424,33.25287943255863,40.81191473576834,2882.969,24.0,0.0622874606045726,0.0892308757094791,0.20502868385854148,0.09072100471992758
B0005,133,1.375392016895762,1.8564874208181572,74.08571700903983,29,162,3.4825195584604582,2.676384659108382,4.188483624251573,1.5120989651431906,-1.7184206130755166,2.015672372070857,33.745054045019884,41.11793533148924,2891.656,24.0,0.0627054989316699,0.0883872445764871,0.20480542447544717,0.08915726828734394
B0005,134,1.3861115151535393,1.8564874208181572,74.6631245442362,28,162,3.4886823636752835,2.694913850281781,4.200346502821317,1.5054326525395356,-1.7260471943596487,2.01575998810726,33.88841975386692,41.248795355864885,2901.25,24.0,0.0627054989316699,0.0883872445764871,0.20480542447544717,0.08915726828734394
B0005,135,1.369850003583894,1.8564874208181572,73.78719555127385,27,162,3.4858502383832755,2.6973343716306277,4.1981749992980655,1.5008406276674378,-1.712021613408506,2.016014837696764,33.7353756996425,41.16242984455477,2891.703,24.0,0.0627054989316699,0.0883872445764871,0.20480542447544717,0.08915726828734394
B0005,136,1.3647827949260758,1.8564874208181572,73.5142495242232,26,162,3.478794177297151,2.642540259937964,4.195715092938243,1.5531748330002788,-1.711022510206629,2.0165238233233063,33.59131052719714,41.16437554618679,2883.016,24.0,0.0532863816225583,0.0815685656842147,0.2100127885283664,0.08150511990750403
B0005,137,1.3543220466259964,1.8564874208181572,72.95077959801873,25,162,3.4812826020756744,2.699226257883075,4.195755769877104,1.4965295119940296,-1.703421414006958,2.0182163733141314,33.32366688599416,40.86421618020504,2873.453,24.0,0.0529314747404537,0.0827569341149588,0.2098703560871682,0.08266988921326542
B0005,138,1.3546417018378962,1.8564874208181572,72.96799787853683,24,162,3.480352041587074,2.676480329780849,4.195911764444989,1.5194314346641398,-1.703574708739156,2.016150778973011,33.691961507697364,41.25434553511566,2874.031,24.0,0.0558892929774587,0.0822632105400608,0.20905785684761058,0.0828939969311985
B0005,139,1.354703921319241,1.8564874208181572,72.97134934112404,23,162,3.4781127815565127,2.642142168479886,4.195824004004723,1.553681835524837,-1.7034912994217157,2.0176181286216197,33.887639684793655,41.45023191903855,2874.234,24.0,0.058417783681159,0.0802980949053397,0.20977140089530996,0.0827122393371417
B0005,140,1.349314997503458,1.8564874208181572,72.68107407422197,22,162,3.4765867130506134,2.644725254926797,4.196258226051591,1.5515329711247938,-1.7023383270190764,2.017297732143782,33.67308060941856,41.27708509224051,2864.984,24.0,0.0564114331702625,0.0819223123309917,0.21193317372292608,0.08299492317511384
B0005,141,1.3441891937970554,1.8564874208181572,72.40497181525038,21,162,3.4733769291841643,2.632270655366611,4.196612664794988,1.564342009428377,-1.7014238498912502,2.017223266913469,33.411988203265814,41.06460515498328,2855.093,24.0,0.0556801596408686,0.0817739908657299,0.20952948257152404,0.08045743625686022
B0005,142,1.3389913790695755,1.8564874208181572,72.12499067079483,20,162,3.4726366397371127,2.639100611887612,4.195850781215982,1.5567501693283696,-1.6950436046971957,2.0197342717689364,33.29926524979532,40.99284868101728,2855.625,24.0,0.0562102576035285,0.0832806716843878,0.20830090363352202,0.08296991813870158
B0005,143,1.3389145230206971,1.8564874208181572,72.12085080709221,19,162,3.473439372740961,2.637841830893275,4.196002392961924,1.5581605620686494,-1.695057731610264,2.016896104476736,33.59980731390034,41.29040553417739,2855.594,24.0,0.0557945214118623,0.0829501208969064,0.21054386263721767,0.08538315377729327
B0005,144,1.3340066759761655,1.8564874208181572,71.85648881952922,18,162,3.4754777099091454,2.668286095904868,4.196207586734141,1.5279214908292724,-1.6937809113323188,2.0199925086996786,33.61961195858585,41.22740227746052,2847.437,24.0,0.0577997146659989,0.0819030322921605,0.2104804340152407,0.08578571441028471
B0005,145,1.3286444309174914,1.8564874208181572,71.56765060826297,17,162,3.4722884821666766,2.649019812683856,4.195534582569042,1.5465147698851864,-1.6869434054016965,2.016745074407458,33.3945201718652,41.04619550953222,2847.36,24.0,0.0557752947285812,0.0829467411842261,0.20866188876102756,0.08240484662656336
B0005,146,1.323170899227622,1.8564874208181572,71.2728179243196,16,162,3.471373665098864,2.664058512378051,4.1957439573980455,1.5316854450199946,-1.6860649112944588,2.0163628111205263,33.16734508187535,40.85874389007758,2837.328,24.0,0.0565593913134022,0.0823749011789342,0.20912511821006732,0.08366864508098087
B0005,147,1.3181691588445197,1.8564874208181572,71.00339835664495,15,162,3.4726160162875095,2.6883611693898826,4.19586805747139,1.5075068880815077,-1.6795829780331426,2.016212123867104,33.10962161613893,40.79196924883506,2837.281,24.0,0.0533442468786474,0.0844856223082752,0.208027223076021,0.08588346562032913
B0005,148,1.3184664436640334,1.8564874208181572,71.01941165230105,14,162,3.4738146874457896,2.6869753836302124,4.195347750909715,1.5083723672795024,-1.679793840292355,2.0168197393548124,33.46501751186519,41.14127834456325,2838.515,24.0,0.0562624789782491,0.0830662312193171,0.20902783379134685,0.08345808590303025
B0005,149,1.318293040102702,1.8564874208181572,71.01007124097441,13,162,3.4701426486639693,2.6507536817766586,4.196065828878837,1.545312147102178,-1.6851739865098712,2.0187637742643867,33.442619101404404,41.14429319149828,2828.328,24.0,0.0533942499874629,0.0833563552790388,0.21066135315537693,0.08624854557136633
B0005,150,1.323872422244268,1.8564874208181572,71.3106055768929,12,162,3.467523652225441,2.664632278910652,4.184534803011309,1.5199025241006572,-1.6863812036302581,2.016191969154752,33.037928170775885,40.66184230912503,2838.265,24.0,0.0585452523507112,0.0883688518598075,0.20582892194942368,0.08844776232841983
B0005,151,1.3601216766554785,1.8564874208181572,73.26317762261327,11,162,3.4767525840839255,2.6400211837268666,4.201240476440081,1.561219292713214,-1.715777469309528,2.021651287065962,33.4949493613756,41.04669454497069,2864.547,24.0,0.0578494172996275,0.0807877386784969,0.21028397134021917,0.08162839292554623
B0005,152,1.3395306867947354,1.8564874208181572,72.15404057003532,10,162,3.4758956827369127,2.674198661305034,4.195703567262997,1.5215049059579635,-1.7007216920098716,2.017592416950431,33.491363029025784,41.0462053156659,2846.39,24.0,0.0614238568689426,0.0849639039583958,0.2057625008317645,0.08705251796493771
B0005,153,1.3290286565120697,1.8564874208181572,71.58834698305495,9,162,3.475812179626641,2.696427051131168,4.195744519551191,1.4993174684200228,-1.6928138295817332,2.0171105982760715,33.329808599922345,40.8683026432256,2837.969,24.0,0.0595233803017997,0.0872083312129923,0.2080978624402861,0.0891793281370448
B0005,154,1.3236741274998955,1.8564874208181572,71.29992439790139,8,162,3.4746554404904435,2.692834029769684,4.196363050482315,1.503529020712631,-1.6861104874993165,2.0165753451036377,33.27302769298771,40.85283588259973,2838.156,24.0,0.0592615908588067,0.0877786866945486,0.20524230515232236,0.08920153973212286
B0005,155,1.318633896753293,1.8564874208181572,71.02843154047167,7,162,3.472301781313945,2.681747855329962,4.1957929878569455,1.5140451325269835,-1.685043785043406,2.0157688095228656,33.229879126701434,40.85270645265791,2829.843,24.0,0.0595237845894433,0.0884300775522404,0.20516538227841205,0.08900912047562273
B0005,156,1.3134751321324272,1.8564874208181572,70.75055383642602,6,162,3.4729305773503527,2.696791414385091,4.195797286482793,1.499005872097702,-1.678524839793589,2.016274841649268,33.20860833999321,40.8263251809212,2829.625,24.0,0.0596766481170581,0.0858437497371109,0.20339289880507033,0.08794432141688649
B0005,157,1.3132020634442203,1.8564874208181572,70.73584494666221,5,162,3.4696192030612285,2.664695973142795,4.196349384378125,1.5316534112353306,-1.6839115230941766,2.016821101865832,33.236115055926255,40.90308836809665,2819.437,24.0,0.0597598846304888,0.0866248363959436,0.20973449645946127,0.09074900027628946
B0005,158,1.3077959946944353,1.8564874208181572,70.44464616507271,4,162,3.470018470757559,2.679191623358613,4.195609431921248,1.5164178085626352,-1.6773783325850857,2.01659334421236,33.18660088296571,40.84337405460518,2819.579,24.0,0.0595025916574528,0.0863688291866818,0.20617340241609092,0.08732961904290718
B0005,159,1.3030329186405918,1.8564874208181572,70.18808229071345,3,162,3.470762691935286,2.699983457940659,4.195339917236225,1.4953564592955662,-1.676425373206175,2.018075144841628,33.174058099115534,40.81792110626284,2810.672,24.0,0.0595559805528939,0.0882183154162739,0.2065152644256361,0.0912189707691766
B0005,160,1.3033573559038203,1.8564874208181572,70.20555815721221,2,162,3.468111467035994,2.666300786624286,4.19540205700612,1.5291012703818345,-1.67627880896028,2.018091528339797,33.253984518546055,40.94699384765951,2811.485,24.0,0.0594913647911852,0.0887302979407742,0.20514225881663922,0.08867671223787715
B0005,161,1.3034100438655642,1.8564874208181572,70.20839620292979,1,162,3.4648625780221494,2.630850137384784,4.195685302232799,1.5648351648480148,-1.6817992883033976,2.0177167019715503,33.3198093248819,41.07493805830632,2802.422,24.0,0.0605211492470791,0.0875362397797066,0.2054066747973208,0.08768089186582598
B0005,162,1.2978870806495706,1.8564874208181572,69.91090088170861,0,162,3.467864133752208,2.673348140468748,4.195561297751176,1.5222131572824282,-1.6750812261110137,2.0160479224870884,33.33765795318199,41.02476444658572,2801.625,24.0,0.0598267789972628,0.0885380186023552,0.20512521158385633,0.09073238453132385
B0005,163,1.2980735056918902,1.8564874208181572,69.92094269724849,0,162,3.464021404592563,2.632763831012711,4.196066962029683,1.5633031310169718,-1.675366426273468,2.017067096348242,33.29076744042025,41.06214198725253,2802.031,24.0,0.0579443936914469,0.0889051987685422,0.20157466188912565,0.08855461609403173
B0005,164,1.293463613844243,1.8564874208181572,69.67263011532884,0,162,3.4664623858156745,2.6687371180046218,4.196640912532072,1.5279037945274498,-1.6744879201095209,2.018208092691312,33.27568841807217,40.98366325567302,2793.39,24.0,0.0617593122518427,0.0847212726764891,0.20269106558875954,0.08938277319986036
B0005,165,1.288003392619118,1.8564874208181572,69.37851440175623,0,162,3.46850906693551,2.696396337945361,4.1956235749123225,1.4992272369669615,-1.6674467270234996,2.018933300007017,33.32067807371405,40.98234242711097,2793.39,24.0,0.0589890803958647,0.0857362189277121,0.20469895016735587,0.09075672649495994
B0005,166,1.2874525221379407,1.8564874208181572,69.34884167276276,0,162,3.466806213058136,2.6794834862925194,4.195862008850563,1.5163785225580435,-1.6674702882406252,2.023790681896976,33.37314972896719,41.06375085817118,2792.485,24.0,0.0576302972016358,0.0874238934793032,0.20641874786840173,0.09099277372708513
B0005,167,1.3090153642307354,1.8564874208181572,70.5103277055252,0,162,3.4710707220080397,2.6787137407179737,4.18482689434833,1.506113153630356,-1.6888978346592105,2.017308526034403,33.71351889594897,41.047029587744966,2802.016,24.0,0.0578237493933031,0.0897568704647984,0.20247781022689196,0.08912072442953449
B0005,168,1.3250793286429356,1.8564874208181572,71.37561578838874,0,162,3.475472204020004,2.655378369801326,4.201968615940368,1.5465902461390422,-1.6979281889133206,2.017696449416675,33.86531768239223,41.051007697556734,2820.39,24.0,0.0578237493933031,0.0897568704647984,0.20247781022689196,0.08912072442953449
B0007,1,1.89105229539079,1.89105229539079,100.0,207,208,3.522006703394617,2.145975766935391,4.199497433806136,2.0535216668707448,-1.8691188840185695,1.996867242177128,32.62485875142121,40.59042914535701,3690.234,24.0,0.0381681360994608,0.0615809457422944,0.3886775482170371,0.062340381591301876
B0007,2,1.880637027686859,1.89105229539079,99.44923428456647,206,208,3.5319490434317116,2.111016698785212,4.198510349854315,2.087493651069103,-1.8680422715350309,1.994391196351152,32.738209593287145,40.26023408628707,3672.344,24.0,0.0381681360994608,0.0615809457422944,0.3886775482170371,0.062340381591301876
B0007,3,1.8806626717011388,1.89105229539079,99.45059035569906,205,208,3.5344025220217845,2.025108512818265,4.198280074112568,2.173171561294303,-1.877784734502072,1.994681656822022,32.68511456550919,40.27558633997852,3651.641,24.0,0.0381681360994608,0.0615809457422944,0.3886775482170371,0.062340381591301876
B0007,4,1.8807709009833444,1.89105229539079,99.45631358622364,204,208,3.53492504932652,1.922542180649595,4.198267468745592,2.2757252880959973,-1.8875256535871225,1.9952731083659303,32.554748499572646,40.29314715799111,3631.563,24.0,0.0381681360994608,0.0615809457422944,0.3886775482170371,0.062340381591301876
B0007,5,1.8794508728285055,1.89105229539079,99.38650969142621,203,208,3.534536640068787,1.871159045064988,4.198464224146956,2.327305179081968,-1.8871559747738404,1.9935500451030048,32.46787845303298,40.2688726302198,3629.172,24.0,0.0381681360994608,0.0615809457422944,0.3886775482170371,0.062340381591301876
B0007,6,1.8807003517117404,1.89105229539079,99.45258289766596,202,208,3.5411626672196816,2.175686706590344,4.197967993115647,2.022281286525303,-1.8675154082122565,1.994104174576412,32.48624734055599,39.67620802332074,3652.281,24.0,0.0381681360994608,0.0615809457422944,0.3886775482170371,0.062340381591301876
B0007,7,1.8799352523566075,1.89105229539079,99.41212397661985,201,208,3.541165612176161,2.111788715601944,4.198023461704379,2.0862347461024346,-1.8673304059806155,1.993164510431567,32.55779966353037,39.80381766292616,3650.828,24.0,0.0381681360994608,0.0615809457422944,0.3886775482170371,0.062340381591301876
B0007,8,1.88150881240388,1.89105229539079,99.49533479268811,200,208,3.5494581176357975,2.026250619894166,4.199372697237068,2.1731220773429025,-1.9063154499484403,1.9936540341331743,32.45374435641106,39.88810476942348,3572.453,24.0,0.0381681360994608,0.0615809457422944,0.3886775482170371,0.062340381591301876
B0007,9,1.8696907870385844,1.89105229539079,98.87039039563994,199,208,3.550280546407974,1.950589433290604,4.19921182024681,2.248622386956206,-1.9164259300038171,1.99377953803378,32.373246444985035,39.95162250671474,3550.594,24.0,0.0381681360994608,0.0615809457422944,0.3886775482170371,0.062340381591301876
B0007,10,1.870052380139199,1.89105229539079,98.88951165957833,198,208,3.5481347674910286,1.868824706765806,4.198957678253482,2.330132971487676,-1.9165016044519982,1.99378312138298,32.30534276235138,40.05202185471829,3551.25,24.0,0.0381681360994608,0.0615809457422944,0.3886775482170371,0.062340381591301876
B0007,11,1.8700442394188577,1.89105229539079,98.88908117331621,197,208,3.5484272148956437,1.7896213776724978,4.198832114024662,2.409210736352164,-1.926771167846017,1.9942511729128332,32.183319483399806,40.1213838436794,3530.25,24.0,0.0381681360994608,0.0615809457422944,0.3886775482170371,0.062340381591301876
B0007,12,1.8596518987766364,1.89105229539079,98.33952785490447,196,208,3.5560433603714667,1.910336108594535,4.198945227315025,2.2886091187204896,-1.936979366983281,1.9938120330189373,32.378853181816005,40.174657039770814,3491.016,24.0,0.0381681360994608,0.0615809457422944,0.3886775482170371,0.062340381591301876
B0007,13,1.8590746560862208,1.89105229539079,98.30900290898825,195,208,3.5604849642800684,1.9086884059809104,4.199051302806796,2.290362896825886,-1.947065774665518,1.9942213710086447,32.2913249500013,40.016434730174936,3470.281,24.0,0.0381681360994608,0.0615809457422944,0.3886775482170371,0.062340381591301876
B0007,14,1.8590084577709232,1.89105229539079,98.30550230165662,194,208,3.5562872542469752,1.7868782934275431,4.198107645780677,2.411229352353134,-1.946961601670498,1.9939995868905829,32.14782797344657,40.16569230743226,3470.0,24.0,0.0381681360994608,0.0615809457422944,0.3886775482170371,0.062340381591301876
B0007,15,1.8593622586957048,1.89105229539079,98.32421151057929,193,208,3.5647746218187315,2.1361343961784502,4.19925638222589,2.06312198604744,-1.9468510507422583,1.994356138623711,32.01380948237792,39.46139677634257,3450.297,24.0,0.0381681360994608,0.0615809457422944,0.3886775482170371,0.062340381591301876
B0007,16,1.8587355450601035,1.89105229539079,98.29107051087615,192,208,3.565438928797127,2.0133501283179167,4.199087384946408,2.185737256628491,-1.957406371900557,1.9935665024864544,31.881310103471357,39.5636595172155,3429.407,24.0,0.0381681360994608,0.0615809457422944,0.3886775482170371,0.062340381591301876
B0007,17,1.847817291322145,1.89105229539079,97.7137065868551,191,208,3.565961679108638,1.8575547668336485,4.199009971925293,2.341455205091645,-1.9680136940585706,1.993742172224942,31.854304304240507,39.628948319501816,3409.484,24.0,0.0381681360994608,0.0615809457422944,0.3886775482170371,0.062340381591301876
B0007,18,1.8485252916137047,1.89105229539079,97.75114607455649,190,208,3.572496559005355,2.165755612420893,4.1985172274243965,2.0327616150035035,-1.9680499927642312,1.9946244036549008,31.856555404576753,39.22534721491488,3390.422,24.0,0.0381681360994608,0.0615809457422944,0.3886775482170371,0.062340381591301876
B0007,19,1.848378951850034,1.89105229539079,97.74340753850292,189,208,3.5699492020415136,2.0270686341513207,4.198245740608724,2.171177106457403,-1.9680218912213907,1.994455565707021,31.867182607083926,39.4126321606434,3390.281,24.0,0.0381681360994608,0.0615809457422944,0.3886775482170371,0.062340381591301876
B0007,20,1.8807805437609768,1.89105229539079,99.45682350219244,188,208,3.5464338449590023,1.905311669649934,4.196262462698172,2.2909507930482382,-1.9066656790606793,1.9992261048783584,32.35216872128999,39.95874037686836,3591.734,24.0,0.0381681360994608,0.0615809457422944,0.3886775482170371,0.062340381591301876
B0007,21,1.88147215974436,1.89105229539079,99.49339657767369,187,208,3.5531968089006387,1.7951975189442124,4.1969587758867,2.4017612569424878,-1.9267118604677658,1.9940266531677509,32.60219299451182,40.31302300333008,3552.297,24.0,0.0397131229201359,0.0618065433968296,0.3925787175129772,0.061083091984959176
B0007,22,1.8810954313244783,1.89105229539079,99.47347494881129,186,208,3.5599340214678805,2.1058524852518143,4.197071720130598,2.0912192348787837,-1.9260915660103675,1.993858646326954,32.19571819720114,39.359447242364645,3531.578,24.0,0.0384014639910651,0.0610013038468072,0.3911842400211096,0.05912638905422171
B0007,23,1.8710089649779995,1.89105229539079,98.94009644991608,185,208,3.5595604968238,1.846021007590992,4.19690260801443,2.3508816004234374,-1.9468340181835688,1.9927272592846583,31.805988160181123,39.454159451189874,3492.907,24.0,0.0371051772037323,0.0600756510818989,0.39373213504659915,0.05966132198142529
B0007,24,1.8701995151941373,1.89105229539079,98.89729225111972,184,208,3.552385161941813,1.7370300333706354,4.1966416719103465,2.459611638539711,-1.936419689671865,1.9934659604006035,31.737001978644926,39.64174827400944,3511.594,24.0,0.0378339460339389,0.061293760421866,0.11362853810841714,0.0613357821067394
B0007,25,1.8706715362800983,1.89105229539079,98.92225301434723,183,208,3.5707670304281067,2.0506492642329937,4.1971302559922,2.1464809917592067,-1.9675984733558025,1.993000639305042,31.51707667966367,38.86906912217273,3431.9370000000054,24.0,0.0375204254053658,0.0600731341862481,0.3926209038272842,0.060468441370889296
B0007,26,1.8596124644020169,1.89105229539079,98.33744254109715,182,208,3.5657224847439295,1.8254369744762284,4.19652461108806,2.371087636611832,-1.9680130544442065,1.9947910338783703,31.442860781038384,39.11839966443177,3431.125,24.0,0.0373972713715067,0.0612330724542185,0.3950866594812371,0.06096392896208977
B0007,27,1.860033909718346,1.89105229539079,98.35972882674649,181,208,3.5712835067487103,2.134879000684994,4.196790308710931,2.0619113080259366,-1.9675572757550353,1.9956093835681803,31.32326275303232,38.68010761281634,3412.406,24.0,0.0359196800988642,0.0605706911170167,0.39252408451468745,0.06050591424442392
B0007,28,1.8591653109160768,1.89105229539079,98.31379679174215,180,208,3.5679716274891398,1.970455493406623,4.196693048697735,2.2262375552911124,-1.967618505240168,1.9936520198661491,31.28571570579735,38.863045678198645,3410.688,24.0,0.0373857989211497,0.0613173760292053,0.3924842395334196,0.061069870920819835
B0007,29,1.8481398178778288,1.89105229539079,97.73076198804469,179,208,3.5646314038791784,1.813269430976001,4.197078923354,2.383809492377999,-1.9678214300979182,1.9944764248874856,31.331850868998007,39.14531169811219,3410.718,24.0,0.0378905884196738,0.06032875855026,0.3945074309416227,0.06016213666925141
B0007,30,1.849201702126164,1.89105229539079,97.78691507545129,178,208,3.568983888921194,2.048365732409564,4.196062203382386,2.147696470972822,-1.9675056354779956,1.9940826161567085,31.32285733932258,38.8380564174779,3392.719,24.0,0.0371572295753325,0.061034792696747,0.18541455717885122,0.06101430133962471
B0007,31,1.8834677437950849,1.89105229539079,99.5989242807197,177,208,3.564620688944316,2.181560983985832,4.206531081984383,2.0249700979985508,-1.9683447778186902,1.994081294125572,31.608436452122476,38.95965174080089,3470.672,24.0,0.0411920195586732,0.0684835665334699,2.5795206360405096,0.08272490037095692
B0007,32,1.8628211117905844,1.89105229539079,98.50711777410832,176,208,3.5694388142217837,2.1177799354077496,4.203187727641822,2.0854077922340726,-1.9788067754387157,2.003329552797809,31.782101501165204,39.05387577229197,3414.109,24.0,0.0417594054145559,0.0644560882097745,0.19309565538905618,0.06573938965754463
B0007,33,1.852085039652352,1.89105229539079,97.93938772431541,175,208,3.568742147335628,2.1637448793153697,4.202997027311235,2.039252147995865,-1.9785908218423578,1.9938003511879971,31.51504198920288,38.699551697978606,3395.219,24.0,0.0423270479862688,0.0641415094761317,0.1943749953691521,0.06518560518827221
B0007,34,1.8469504648208708,1.89105229539079,97.66786827220949,174,208,3.5642424070467817,2.045656147205805,4.2027504558714135,2.1570943086656085,-1.9784335668087778,1.994233953094661,31.13866351339678,38.6052414906155,3386.0,24.0,0.0396728639829912,0.0633375503455221,0.19156863227070206,0.06382199070705588
B0007,35,1.836828431169018,1.89105229539079,97.13260895248978,173,208,3.5653038098527605,2.1356202266992863,4.202665067816707,2.0670448411174203,-1.9781601679702336,1.9932621441916,31.068710515588776,38.42604747702835,3368.187,24.0,0.0404653672528573,0.0639722520595072,0.19263986289488275,0.0633692086015567
B0007,36,1.8371619619672277,1.89105229539079,97.150246264743,172,208,3.565432167703823,2.042987153745025,4.20243913428064,2.159451980535615,-1.9783765899690637,1.9932668899112056,31.618244836823447,39.0468968949422,3368.266,24.0,0.0408309954459878,0.0629222353152032,0.1922225104085832,0.06280740881009267
B0007,37,1.8316722583718852,1.89105229539079,96.85994738677314,171,208,3.5622303163451425,1.978616239411895,4.202794567899269,2.224178328487374,-1.9780771457931066,1.9945447573637072,31.331528063668397,38.83676495861389,3358.719,24.0,0.0407870122998766,0.0633885849281959,0.19013500967058902,0.06489323283570428
B0007,38,1.8211470951317783,1.89105229539079,96.30337032828774,170,208,3.564481026852489,2.15845357648832,4.203135326288817,2.044681749800497,-1.9780971417908424,1.9937887547057835,31.132569191182142,38.49981470604549,3339.5,24.0,0.0398173593963539,0.0644668961248353,0.19318237589688958,0.06580721900627702
B0007,39,1.816506091511515,1.89105229539079,96.0579512231908,169,208,3.561614556780574,2.092603698932653,4.202837061508687,2.1102333625760337,-1.977978349880126,1.992201283338572,30.972969676157927,38.582340147970775,3331.265,24.0,0.0387909877017732,0.0628098792567102,0.18978441908056365,0.06385019631435607
B0007,40,1.8113815601504557,1.89105229539079,95.78696287593304,168,208,3.5630587459190144,2.152888643167804,4.202745735932991,2.0498570927651873,-1.9784334957218424,1.9945004268443045,31.1990648511682,38.787499833494046,3321.188,24.0,0.0413584990216644,0.0640930962913017,0.1958207316104657,0.06444936110435398
B0007,41,1.8116056333939583,1.89105229539079,95.79881200586186,167,208,3.5629534367704405,2.0537418826405966,4.203198796599359,2.1494569139587627,-1.9782873833989176,1.9931746766502971,31.722267598269813,39.31221126031847,3321.844,24.0,0.0419881321640878,0.0629074367397784,0.19246775842455235,0.06391323036960933
B0007,42,1.8060548955557405,1.89105229539079,95.50528559986309,166,208,3.5634460120762426,2.079330058633996,4.202901668731174,2.123571610097178,-1.9781961432676651,1.9946160382197375,31.900827580605675,39.40567993360536,3311.828,24.0,0.0410635565050997,0.0618301881415941,0.19030458372346953,0.06320685254599832
B0007,43,1.8132041826994056,1.89105229539079,95.8833442691601,165,208,3.563998342345823,2.075979330452076,4.196154302326916,2.12017497187484,-1.9670969462670498,1.9952878943511756,31.5372402498617,39.32802757827611,3327.391,24.0,0.0397095688006817,0.0630831687308314,0.18896517832891102,0.06554600452879658
B0007,44,1.8062641938283532,1.89105229539079,95.51635342031008,164,208,3.5604902283110547,2.0674349483094465,4.204477224486428,2.137042276176982,-1.9781214643703728,1.9951041266249487,31.24662583059252,38.6112528181758,3312.078,24.0,0.0397095688006817,0.0630831687308314,0.18896517832891102,0.06554600452879658
B0007,45,1.7958310249900458,1.89105229539079,94.96464108196085,163,208,3.5567002097886946,2.037264031192436,4.20211656315423,2.164852531961794,-1.9780364457328714,1.9939079880095487,30.939399361884792,38.56972695128688,3293.172,24.0,0.0465886984598843,0.0693869640088942,0.19982332878233003,0.0708511684415353
B0007,46,1.7858852600390451,1.89105229539079,94.43870295876657,162,208,3.558412726344602,2.1632674190148338,4.202901194454151,2.0396337754393175,-1.977935781469453,1.9931708315999248,30.884857004354572,38.34572083526661,3275.328,24.0,0.0450589668472443,0.0692805173920436,0.1994410159217426,0.06922050133489727
B0007,47,1.780326860450275,1.89105229539079,94.14477139472056,161,208,3.556136820956993,2.106631526845483,4.201790697233378,2.0951591703878947,-1.9780170042003,1.9937766833094568,30.920682316695828,38.48254063494672,3265.016,24.0,0.0458138476522787,0.0696653302556868,0.20231206850350789,0.07166182542317384
B0007,48,1.8150756899575575,1.89105229539079,95.98231071565729,160,208,3.568999942180493,2.1809272860788376,4.191916354433964,2.0109890683551264,-1.9779140108313502,1.993416647067197,33.880577817079796,41.0499421893331,3328.937,24.0,0.0458138476522787,0.0696653302556868,0.20231206850350789,0.07166182542317384
B0007,49,1.815702515484584,1.89105229539079,96.0154576322473,159,208,3.571059290544873,2.1773498094527195,4.20342192245769,2.026072113004971,-1.978162017642311,1.994657617315832,33.038339318294426,40.361944885615415,3329.266,24.0,0.0488865538215203,0.0696851437062246,0.20099165356929388,0.07152497757255069
B0007,50,1.800243217805667,1.89105229539079,95.19796053200332,158,208,3.5666921284622095,2.180136101967249,4.202807443974011,2.0226713420067624,-1.9779553399945098,1.9927642557550824,32.27329169539202,39.6676965288026,3301.579,24.0,0.0480552218263486,0.0698864194438785,0.19945343071467125,0.06855444452059964
B0007,51,1.7904476205609308,1.89105229539079,94.67996336880418,157,208,3.563327431073248,2.128629519907685,4.203276539809248,2.0746470199015628,-1.9779914337720734,1.9950332824030972,31.937919783481355,39.481181404811096,3283.563,24.0,0.047509200748586,0.0703725401221073,0.2010645460428889,0.070227039339774
B0007,52,1.780343032300132,1.89105229539079,94.14562657201503,156,208,3.5590146214829015,2.155901281560187,4.202580870413733,2.0466795888535465,-1.9721889844228178,1.994232501388858,31.688686599521045,39.4190511430692,3275.125,24.0,0.0481799142983664,0.0704800798689803,0.2021941622871817,0.07063390370985453
B0007,53,1.775328769596812,1.89105229539079,93.88046929870528,155,208,3.5566945836342914,2.067103728219671,4.203244171517053,2.1361404432973816,-1.9723254573804139,1.9927179646840103,31.779120691032947,39.72196117128354,3265.656,24.0,0.0485324073582465,0.0703495236965677,0.20315321621699056,0.07198566912194151
B0007,54,1.770262973473285,1.89105229539079,93.6125869066702,154,208,3.555013984911923,2.061983186454309,4.202697222668131,2.1407140362138217,-1.9668382736785281,1.99371542403896,32.133873372089305,40.041366724781085,3266.093,24.0,0.0497462553640585,0.0709596027580753,0.2017677675288555,0.0709118280902515
B0007,55,1.760081061854204,1.89105229539079,93.07416120348377,153,208,3.5526373754067415,2.143037413381466,4.202581421564202,2.0595440081827356,-1.960929600351624,1.99255052774098,31.889431533099835,39.66314441864834,3257.594,24.0,0.0498936282124914,0.0698875047977575,0.2024992161872,0.07155186087805668
B0007,56,1.749647593537689,1.89105229539079,92.52243302854406,152,208,3.547186025484395,1.992905798820928,4.201275185814673,2.208369386993745,-1.9607588424014128,1.994265959280498,31.817363280281278,39.84751541049116,3248.593,24.0,0.0476209330618886,0.0695963747092475,0.20466961640134132,0.07135007867841667
B0007,57,1.749650075059311,1.89105229539079,92.52256425292258,151,208,3.546814755244375,2.0335961968180234,4.202508747096239,2.1689125502782156,-1.9607439129501683,1.9932021181710204,31.72316205746117,39.74335777163101,3238.766,24.0,0.0464799621281034,0.0710980516940997,0.20263036964459846,0.07133989753043135
B0007,58,1.745028739214683,1.89105229539079,92.2781851918098,150,208,3.544785017297267,2.0213017345171265,4.202333230196108,2.1810314956789814,-1.9550964299704847,1.9932663431900044,31.957150654392294,40.07246786936068,3240.14,24.0,0.047969250311316,0.0708925113800405,0.202749891242874,0.07184464484264821
B0007,59,1.739645745528673,1.89105229539079,91.9935291989993,149,208,3.5465215420964156,2.0789964919635966,4.202490707154508,2.1234942151909117,-1.955058998571939,1.9938941800121164,32.29917704213345,40.24771611400392,3230.109,24.0,0.048225418155885,0.0709769157630702,0.2020873189557075,0.06980631612869492
B0007,60,1.7285642277717963,1.89105229539079,91.40753177397374,148,208,3.540832547654255,1.9925354808829656,4.202290557382721,2.2097550764997553,-1.9491545130405277,1.9929599237339224,32.128842946565555,40.27220819224188,3229.7810000000027,24.0,0.0490895503628693,0.0702287371303744,0.20413858032342477,0.07113578462205072
B0007,61,1.723900324588418,1.89105229539079,91.16090172599749,147,208,3.5429925113583938,2.14041602578448,4.20313824854604,2.06272222276156,-1.9485230174751031,2.002837999763986,32.021134355757404,39.89848456781458,3212.469,24.0,0.0488174139240195,0.0718940740392593,0.2033950229672087,0.0730057960170169
B0007,62,1.7139788776485192,1.89105229539079,90.63624955407813,146,208,3.5360811169860216,2.006753861515003,4.202703239422359,2.195949377907356,-1.9431227050969846,1.994963835157279,31.859048861486652,40.0571305311587,3213.219,24.0,0.0488921950725171,0.0701260512880205,0.20360553898846961,0.07139980074183885
B0007,63,1.7139701997004613,1.89105229539079,90.63579065888634,145,208,3.5392436935272635,2.121868132176415,4.202907102508285,2.0810389703318704,-1.9430080085541772,2.0016459444206927,32.16100333536097,40.240711749549135,3203.578,24.0,0.0474232187307728,0.0690776187517649,0.20202192862924126,0.07014188790753279
B0007,64,1.7036521173638766,1.89105229539079,90.09016416501656,144,208,3.5348237062932575,2.011964875882845,4.201457080806326,2.189492204923481,-1.9425165961920092,1.9940444299252396,32.10276048728767,40.12941739090177,3195.125,24.0,0.0484604377549353,0.0708375336017697,0.20418118699367788,0.07101269407588767
B0007,65,1.7040137474382486,1.89105229539079,90.10928738414982,143,208,3.5366477402090606,2.0744390946376323,4.204304103661928,2.129865009024296,-1.9370190075205085,1.99394242124594,32.33880662180898,40.3959693732437,3195.312999999994,24.0,0.0484604377549353,0.0708375336017697,0.20418118699367788,0.07101269407588767
B0007,66,1.6935716157343033,1.89105229539079,89.55710108399319,142,208,3.5352062840980913,2.188793384556236,4.20220228055958,2.0134088960033436,-1.9310192096578356,1.994068391906693,32.21373014824893,40.18751058333668,3186.297,24.0,0.0489092204596219,0.0722437532116874,0.2056815396737194,0.07206231039570363
B0007,67,1.6876577363877656,1.89105229539079,89.24437153331117,141,208,3.5329852237553396,2.1739523632140685,4.202001482736379,2.0280491195223105,-1.9304738354803441,1.9931157642861432,32.09949526722965,40.14605167557969,3176.438,24.0,0.0504934152804281,0.0714779278737494,0.20605812946768823,0.073515801616232
B0007,68,1.6830744356583152,1.89105229539079,89.00200379231205,140,208,3.532158560934324,2.1783847786257136,4.202600613133091,2.0242158345073777,-1.9305510314753316,1.9932876007572091,32.11305439113157,40.18846095484838,3167.593,24.0,0.049653807534869,0.0728151127537102,0.20488077228396911,0.07489165211268148
B0007,69,1.6779270142025482,1.89105229539079,88.72980500287017,139,208,3.5308376380023527,2.191481814157953,4.202328519159183,2.0108467050012298,-1.9247195409983122,1.9932567265208057,32.20371989479744,40.2789498830108,3167.719,24.0,0.0498046985694802,0.0718369324871002,0.20528692863424722,0.07295919694690223
B0007,70,1.6732060275966172,1.89105229539079,88.4801563486559,138,208,3.5296958440720005,2.1753473356526807,4.202855889678493,2.0275085540258124,-1.9245739020356052,1.993361006627344,32.23340825772458,40.310727434969614,3159.077999999994,24.0,0.0496014214354859,0.0721211408379768,0.20550142104625407,0.07431052298042234
B0007,71,1.6674367208253988,1.89105229539079,88.17507188402843,137,208,3.528181937212609,2.1832922624558813,4.202212609390717,2.0189203469348356,-1.9243785304854075,1.9942955362628867,32.212169716369466,40.31733812871393,3148.829,24.0,0.0493328695126367,0.0726378441172666,0.20490949773523956,0.07171682449588573
B0007,72,1.6622662630667526,1.89105229539079,87.90165492082501,136,208,3.5265730179666974,2.192864020990023,4.202335745153063,2.00947172416304,-1.918402879916178,1.9951017113211476,32.21746401954225,40.332563430145015,3149.094,24.0,0.0482451502855609,0.0734441725850627,0.20370806322101545,0.07356901479072067
B0007,73,1.6574243065763063,1.89105229539079,87.645609305257,135,208,3.5245022548553444,2.156097212664392,4.201997273379946,2.045900060715554,-1.9181664471622712,1.9939693898192543,32.23410177209761,40.431258866851486,3140.547,24.0,0.0500151286165607,0.0738193663609285,0.20524860669073658,0.0736260411246403
B0007,74,1.652538684928734,1.89105229539079,87.38725464951953,134,208,3.5228548406546385,2.138540138129487,4.201599523927098,2.063059385797611,-1.9180994998619483,1.9959097500887344,32.228343983674435,40.46247985933005,3131.625,24.0,0.047456705587096,0.0725560099161744,0.20365238786383297,0.07225125733581872
B0007,75,1.6472174627573322,1.89105229539079,87.10586517211738,133,208,3.5222829121237855,2.1646493163558524,4.20196227209543,2.0373129557395773,-1.9179522150901993,1.9950531920364836,32.1833106060944,40.40103455658551,3121.907,24.0,0.048886406569936,0.0728986838603586,0.20433266146164797,0.0719403626211384
B0007,76,1.6364136810898071,1.89105229539079,86.53455460107405,132,208,3.5189923820688493,2.1187211383693167,4.202045571197949,2.0833244328286327,-1.9116539768893375,1.993252278498655,32.17200142078129,40.4426971996319,3122.125,24.0,0.0490424047891537,0.072023713051489,0.20546335542683136,0.07476507229068789
B0007,77,1.6362554312048496,1.89105229539079,86.52618625053486,131,208,3.5177844279570794,2.1377868706438155,4.204697039833386,2.0669101691895704,-1.9115865510736891,1.9934424013813437,32.03316223587618,40.26214977673693,3121.672,24.0,0.0486198173689242,0.0722347055628345,0.20353382735995776,0.07211743317473725
B0007,78,1.641119179218384,1.89105229539079,86.78338421514901,130,208,3.5212226057273495,2.103155697792567,4.203964293328523,2.1008085955359563,-1.9176487188202131,1.993721164618022,32.506671891788216,40.64566836195685,3120.86,24.0,0.0486198173689242,0.0722347055628345,0.20353382735995776,0.07211743317473725
B0007,79,1.6315700789656966,1.89105229539079,86.27842196339309,129,208,3.5172227884430147,2.186737546753024,4.201985395805308,2.015247849052284,-1.9111337702474194,1.995080127131668,31.961039485620926,39.95209030011925,3103.828,24.0,0.0483073918075697,0.0744961098767474,0.20239142071577548,0.0750661049814088
B0007,80,1.621213282987236,1.89105229539079,85.73074826850355,128,208,3.5125010864221813,2.100774791159369,4.20178017149305,2.1010053803336812,-1.9108556098369367,1.9937540476262583,31.798082670491866,40.16503458324407,3095.094,24.0,0.0480771408936205,0.0740377027178474,0.20625732840931604,0.0731132618359924
B0007,81,1.6164273214762122,1.89105229539079,85.47766370163623,127,208,3.5129614635074673,2.1417010068719846,4.202220537976551,2.0605195311045663,-1.9049762303506044,1.9934634318284483,31.95802833708937,40.36674175781141,3095.781,24.0,0.0488972024305583,0.0719367446163898,0.2056345134368198,0.0727197499972851
B0007,82,1.615823510161921,1.89105229539079,85.44573379066746,126,208,3.5125204100391962,2.0912297625621297,4.2013887453306085,2.110158982768479,-1.9051068520548522,1.9955237523449136,32.418131697462755,40.88269125311642,3094.328,24.0,0.0506051927379808,0.0740047112077274,0.20602229111495826,0.07534504207317745
B0007,83,1.61672418029789,1.89105229539079,85.49336177737963,125,208,3.5151454557578807,2.166300950520593,4.201620573144587,2.035319622623994,-1.9049079394753692,1.9937747556066168,32.64044972789331,40.85633220225456,3086.531,24.0,0.0551322750889738,0.074631884295366,0.20811098372942904,0.07879274857407059
B0007,84,1.6108655863730026,1.89105229539079,85.1835557535501,124,208,3.5134431794731813,2.1843637809529235,4.201668680267049,2.017304899314125,-1.898761620917719,1.993529946094214,32.56399373078006,40.7780246115985,3085.625,24.0,0.0521223870633006,0.0753033577103886,0.20697510083910822,0.0740728097509598
B0007,85,1.6006603374309376,1.89105229539079,84.64389595847521,123,208,3.5097089402574535,2.113995772639173,4.202567159315787,2.0885713866766142,-1.90433828068926,1.9937950394148771,32.28305350922276,40.5829305350897,3067.203,24.0,0.0507757180756749,0.0749637852079893,0.20689516857509302,0.07625864192920181
B0007,86,1.5959174487005665,1.89105229539079,84.39308910654778,122,208,3.5042771471756997,2.0287779476202195,4.201472345711643,2.1726943980914237,-1.904192698545851,1.994813747444024,32.06065237439007,40.6345689985191,3058.157,24.0,0.0512672493033793,0.07541159661766,0.20788664994606235,0.07648135591626676
B0007,87,1.5962179519462243,1.89105229539079,84.40897990165642,121,208,3.509207943122176,2.1948906641943635,4.201332830124454,2.006442165930091,-1.8982712229514884,1.994905249607193,32.365261126964526,40.75070125010339,3058.812,24.0,0.0513556785028954,0.0749649652243977,0.20663271531863037,0.07440077760604719
B0007,88,1.5958065114633972,1.89105229539079,84.38722267771132,120,208,3.5095064920492853,2.1621122251410005,4.201522880341636,2.0394106552006352,-1.8977934870545978,1.9940601969636649,32.68851871366292,41.0672419235651,3058.578,24.0,0.0519489574586029,0.0746990678040035,0.20742440178597166,0.07515383984809709
B0007,89,1.5906507821480704,1.89105229539079,84.11458456358338,119,208,3.505203266169396,2.0092802451741245,4.201386492450036,2.192106247275911,-1.9036436467205253,1.9937194932286224,32.747733642524246,41.40590880756584,3049.328,24.0,0.0512866747765454,0.0753948401341443,0.20801893961516849,0.07781486701345042
B0007,90,1.6888211161855506,1.89105229539079,89.3058917673428,118,208,3.5281182345919744,2.144268362237989,4.233325435700087,2.0890570734620986,-1.9369923426487148,1.9937139334305616,32.50500516961017,41.01558674901627,3177.219,24.0,0.0550281379445186,0.0770592019906943,0.20970370153448978,0.07803451594868241
B0007,91,1.6259938279733204,1.89105229539079,85.98354640622486,117,208,3.519590928396835,2.0962813773920197,4.203917718634026,2.107636341242006,-1.9233409193548265,1.9940123642001173,32.91993878980997,41.31851435911838,3082.937,24.0,0.0552726615718286,0.0766648164177507,0.20872951784921956,0.07594960218282525
B0007,92,1.6157433862812898,1.89105229539079,85.44149679093846,116,208,3.5146260368096875,2.037656085248936,4.202046403451837,2.1643903182029014,-1.916884219356136,1.9933319825535087,32.948305858317944,41.4002950560853,3074.266,24.0,0.0532410231168491,0.0755833501431638,0.2097504002258968,0.07638427352115496
B0007,93,1.6056626764846538,1.89105229539079,84.90842270191371,115,208,3.5115494818370454,2.050265845971926,4.201592874087554,2.1513270281156283,-1.910472150518363,1.9934516762680057,32.76906651915661,41.2508092329952,3066.0,24.0,0.0527346999149458,0.0757426277404382,0.20842642823851218,0.07748701823025758
B0007,94,1.5949746921524348,1.89105229539079,84.34323556466374,114,208,3.510769869032659,2.1421639870693685,4.201214370586727,2.0590503835173584,-1.904277326283454,1.994203337533412,32.59734424608833,40.95362783962595,3056.437,24.0,0.0541016697661152,0.0760586204874903,0.20869716711906242,0.07657733940900938
B0007,95,1.5904102438871943,1.89105229539079,84.1018647534828,113,208,3.50804494279531,2.093098662464846,4.201660608337926,2.10856194587308,-1.904002494100001,1.9942540792901025,32.52349894408369,40.989022190981714,3048.219,24.0,0.0533794376190377,0.0768769249386572,0.20839384833676264,0.07609982589167372
B0007,96,1.5853517062988178,1.89105229539079,83.83436619721833,112,208,3.507748080950393,2.109503853325003,4.201750207865124,2.092246354540121,-1.9036546380501311,1.999980148540772,32.578228834731775,41.02622774121347,3039.218,24.0,0.0552376704500517,0.078843810663738,0.2110624234026647,0.0820283272762973
B0007,97,1.5799737147242376,1.89105229539079,83.5499747191144,111,208,3.5066673521067266,2.1295447836320704,4.201226117420626,2.071681333788556,-1.8977146678452774,1.995744295058308,32.62728298499839,41.01371342582121,3039.047,24.0,0.0544393382809305,0.0778542051961001,0.20799618726092273,0.08170383702382278
B0007,98,1.5752185465278068,1.89105229539079,83.29851852152426,110,208,3.5061843921745397,2.138556110583413,4.201796973837129,2.063240863253716,-1.8973347377958825,1.995283636272928,32.652115712561326,41.04923314430273,3030.375,24.0,0.0540548756909633,0.0782110561479581,0.20976099258502634,0.08001166855213493
B0007,99,1.569798484648868,1.89105229539079,83.01190234003897,109,208,3.5051004339266254,2.143779366990932,4.201200470517945,2.0574211035270125,-1.8970045774163773,1.9943198333456515,32.64767456395258,41.05277512550887,3021.0,24.0,0.0533532265941854,0.0781986731221035,0.2088006904235081,0.07717627349280315
B0007,100,1.5702565375950357,1.89105229539079,83.0361244595057,108,208,3.5054479186890566,2.199196544880164,4.201289094579205,2.002092549699041,-1.8909127399289274,1.9968908750212224,32.69938792310311,41.02092182377061,3021.75,24.0,0.0535477968915447,0.0779984052656677,0.2093901156559598,0.07872998915558249
B0007,101,1.565249873909438,1.89105229539079,82.77136902689281,107,208,3.500074246846,2.0252901014990434,4.201033482375415,2.1757433808763715,-1.8968789299198896,1.9939195524210047,32.724576765133094,41.34840278359994,3012.265,24.0,0.0542963108919572,0.0775560564519399,0.21034357852248325,0.07878367464472277
B0007,102,1.559633933561147,1.89105229539079,82.4743946723507,106,208,3.5011647157526498,2.0874226328484515,4.201482697501314,2.1140600646528624,-1.8964710309338209,1.9941986616958332,32.70434030242972,41.23753665797544,3002.641,24.0,0.0541405078463834,0.0784910399188112,0.21021178988985725,0.07872641909075057
B0007,103,1.5649820533392105,1.89105229539079,82.75720651161599,105,208,3.500407285435189,2.0863200514042264,4.196165946742788,2.1098458953385615,-1.8967768141795405,1.9932029763532653,32.74051962267582,41.21700308433066,3012.0,24.0,0.0549773618536978,0.0786387336039181,0.20863762323655335,0.07839359566021105
B0007,104,1.57497949984227,1.89105229539079,83.28587758683834,104,208,3.507816455272743,2.0588247910323827,4.205246397279064,2.146421606246681,-1.9031485600103595,1.99697276936168,33.38712825139849,41.89753189273277,3020.11,24.0,0.0542761639397116,0.0753777591799645,0.20822701911818634,0.07730260671910563
B0007,105,1.5652811168780458,1.89105229539079,82.77302117414882,103,208,3.5025243992110107,2.007722684403967,4.201509838937999,2.1937871545340317,-1.9028574663381215,2.0040394709724123,33.270627344923426,41.90270996402953,3002.172000000006,24.0,0.0545239781573175,0.0781727897082057,0.2110641865278584,0.07910661369606853
B0007,106,1.559755497470126,1.89105229539079,82.48082304608076,102,208,3.505155823274424,2.190682586389996,4.201909525379603,2.0112269389896067,-1.8963219640753084,2.0003771874564404,33.115074143665915,41.48233804274523,2992.703,24.0,0.054412387703306,0.07816806645061,0.21029237391913452,0.08049520790600048
B0007,107,1.549897685670499,1.89105229539079,81.95953593923268,101,208,3.4983646475135717,2.008435320437976,4.199865517000471,2.1914301965624947,-1.908430732943726,2.005293715624197,32.90572814040102,41.6411622659972,2964.468,24.0,0.0545121920585528,0.0765105461461317,0.20924431766819274,0.0776360283291763
B0007,108,1.543877153134502,1.89105229539079,81.6411665027728,100,208,3.500140843862166,2.164636064139996,4.200859733656452,2.036223669516456,-1.889754408573026,1.9945472659822976,32.953112654161664,41.433877603827945,2983.375,24.0,0.0523519115520944,0.0772564945442686,0.2103014278787002,0.07828405734732113
B0007,109,1.5450187488690073,1.89105229539079,81.70153478223752,99,208,3.49909547013937,2.064742753691984,4.20162098338246,2.1368782296904762,-1.8959167588975123,1.9938553434941435,33.2282109237263,41.8543569979417,2975.297,24.0,0.0555827698471621,0.0772347715207363,0.20883407636993065,0.07966297419215837
B0007,110,1.5445940154102908,1.89105229539079,81.6790746176111,98,208,3.5010357611640606,2.170172617792397,4.201149059944848,2.0309764421524514,-1.889387844169526,1.994538814315664,33.361342590516294,41.78271326384125,2974.9850000000006,24.0,0.0547408930047106,0.0790184155558609,0.2091731064914501,0.07902420310942301
B0007,111,1.5343086721758876,1.89105229539079,81.13517938745419,97,208,3.497212315865497,2.120750718982474,4.200810741834928,2.080060022852454,-1.8889185963670394,2.0003871362753527,33.12431679486816,41.62744766181303,2966.25,24.0,0.0552372334380582,0.0799393133533925,0.21020099728389524,0.08183770723768861
B0007,112,1.5287603942958483,1.89105229539079,80.84178306554588,96,208,3.496089957852059,2.13627215665258,4.200373974181371,2.064101817528791,-1.8885071150010757,1.996471333028226,32.991553593266204,41.552128441464966,2956.359,24.0,0.0572653476857599,0.0794231222611038,0.2107983739131557,0.08088267563877938
B0007,113,1.5289260249179843,1.89105229539079,80.85054171397351,95,208,3.495877119417779,2.093857236476905,4.201791474587699,2.107934238110794,-1.8888180820733198,1.9936433250812409,33.2318318845246,41.839167194182565,2956.344,24.0,0.0510706479505143,0.0787648472687548,0.20951856028858612,0.07814888805907666
B0007,114,1.529091650133123,1.89105229539079,80.85930007647583,94,208,3.493116071455022,1.9959465760122976,4.20067023466464,2.204723658652343,-1.8887930414931369,1.9952567240378405,33.509812392094496,42.23998716092915,2956.406,24.0,0.0550885787313233,0.0780670117184084,0.210782404978702,0.07990280672523419
B0007,115,1.5239059324661248,1.89105229539079,80.5850761600015,93,208,3.492655946458748,2.0305769860653866,4.20021831736756,2.1696413313021736,-1.888168080257056,2.001090966399853,33.382402850667845,42.04090238497712,2947.266,24.0,0.0557785741854704,0.0782426980033324,0.21007844667353315,0.07963934610677612
B0007,116,1.5186675419100617,1.89105229539079,80.30806686899294,92,208,3.49208824531703,2.0758803797636745,4.200674971032527,2.124794591268852,-1.887904907597145,1.9951199234830208,33.17829959346276,41.803429062834496,2937.984,24.0,0.0584547930925319,0.0780883773855803,0.21151049535376779,0.08111009486400862
B0007,117,1.5136482266426952,1.89105229539079,80.04264241301145,91,208,3.490216477408044,2.079354904824249,4.200371214024706,2.1210163092004573,-1.88773036624322,1.995116853206629,33.01591345323486,41.6886924602386,2929.125,24.0,0.0548728983507364,0.0811431379239443,0.20952593954389231,0.08090013385761474
B0007,118,1.5136050185229033,1.89105229539079,80.04035754125528,90,208,3.4905931958620466,2.0585109366080414,4.200965645223048,2.142454708615007,-1.8878077163294118,1.9949523118907797,33.271000362987586,41.98817160118213,2928.454,24.0,0.0568991758337347,0.0788722076648629,0.21266283230089242,0.08198454378330036
B0007,119,1.5139470614867965,1.89105229539079,80.05844498202711,89,208,3.4911419366203664,2.0253107306977376,4.201492773602507,2.17618204290477,-1.887674933393443,1.994323430810411,33.61966967517867,42.33252236723314,2929.375,24.0,0.0557428509591016,0.0800568561357903,0.21057803940438558,0.08049626301111547
B0007,120,1.5339599193158786,1.89105229539079,81.1167371232789,88,208,3.49283645226053,2.0069579017420067,4.192768207316796,2.185810305574789,-1.901022727285377,1.9935581248677676,33.29697162630193,41.63553796804361,2946.031,24.0,0.0544643480227725,0.0779198353747232,0.21068086167994357,0.07932886020273502
B0007,121,1.5391372798653098,1.89105229539079,81.39051911027366,87,208,3.5025157522808223,2.19792648712031,4.204602036514753,2.0066755493944433,-1.8951144121477894,2.002748484975491,33.393130865360554,41.470498076928735,2955.438,24.0,0.0544643480227725,0.0779198353747232,0.21068086167994357,0.07932886020273502
B0007,122,1.5236247972838737,1.89105229539079,80.57020955991136,86,208,3.4929535655988118,2.0299415196572554,4.200995491738166,2.171053972080911,-1.8941478117057606,1.9944619397860408,33.138207103628474,41.54038193238441,2937.625,24.0,0.0560425836713211,0.0799132720597221,0.21122362460183322,0.08080314991988183
B0007,123,1.5135813035589147,1.89105229539079,80.03910347947992,85,208,3.491746263651725,2.117150391576778,4.201036137691208,2.08388574611443,-1.8875042014728927,1.993640903324712,32.84069778843796,41.13947017697289,2929.078,24.0,0.0571969796717012,0.0818531945758062,0.21140939421274316,0.08347403905273582
B0007,124,1.5077850749847914,1.89105229539079,79.7325953734772,84,208,3.490432264232957,2.130989905274772,4.200762329918291,2.069772424643519,-1.8871434043422721,1.994011319738722,32.75739655594484,41.09041922644824,2918.375,24.0,0.0553395402900145,0.0808666905560647,0.21268959773288088,0.08219951869681721
B0007,125,1.5031960676037333,1.89105229539079,79.48992586125676,83,208,3.488861416967918,2.129431831748565,4.201013677167557,2.0715818454189923,-1.8807630082774924,1.9944414808648836,32.77234087259374,41.10034021580957,2919.812,24.0,0.057050602535577,0.081538403561654,0.2109380904576799,0.08174966601420847
B0007,126,1.497822059699588,1.89105229539079,79.20574504207774,82,208,3.4891932104785104,2.164511453629433,4.200439147859412,2.035927694229979,-1.886419275237733,1.992734445097276,32.720417557744895,41.03075447325996,2900.422,24.0,0.0577616170406075,0.0820660023586674,0.21128896139459524,0.08332904611233116
B0007,127,1.492848534633516,1.89105229539079,78.94274199989883,81,208,3.4878785713375917,2.1743012710834013,4.200264786461796,2.0259635153783946,-1.8800039366336023,1.994256304880574,32.710022803073514,40.99688397371006,2901.375,24.0,0.0575854885358439,0.0829334777035948,0.21099429006176226,0.08200927315262302
B0007,128,1.492414389867026,1.89105229539079,78.91978415957107,80,208,3.486430546073901,2.1928976284966537,4.200151660684939,2.007254032188285,-1.8733366537372407,1.993300105892976,32.62076759783716,40.88481342461614,2901.187,24.0,0.0567066634864918,0.0826880652178822,0.21123890994435088,0.0849395759808444
B0007,129,1.487482776538081,1.89105229539079,78.65899743564148,79,208,3.4812572775226682,2.029849589914729,4.200453152662228,2.170603562747499,-1.879702248133121,1.994355063355133,32.57651826255201,41.09400879501426,2891.64,24.0,0.0587157190858806,0.0829417400304377,0.21328069093320837,0.08498766889681408
B0007,130,1.482535148640411,1.89105229539079,78.39736385153971,78,208,3.4823550791204023,2.095949224783681,4.200291122451955,2.104341897668274,-1.8790751470067306,1.9927610429233324,32.58396494906228,41.01377835587309,2882.906,24.0,0.0571097513991468,0.0823903452866173,0.21151820147856307,0.0824582549247907
B0007,131,1.4827874322228984,1.89105229539079,78.41070476141842,77,208,3.483507428628053,2.177723491219515,4.199877643371451,2.022154152151936,-1.8728728303565043,1.9944391195904976,32.623742674615976,40.90635248178393,2883.265,24.0,0.057017768907922,0.0816566640960627,0.2111323802065566,0.08177890401402302
B0007,132,1.476971179775059,1.89105229539079,78.10313778074762,76,208,3.478976541530706,2.056251340337525,4.200436806124781,2.144185465787256,-1.8726786421400126,1.994379463643991,32.58599202496769,41.06596192416311,2882.969,24.0,0.0577146867420723,0.0839742832388461,0.21314687565924273,0.08628854195897195
B0007,133,1.4819015554137276,1.89105229539079,78.36385905485969,75,208,3.483501191305966,2.1512510632923165,4.193077426787744,2.041826363495428,-1.872734820116884,1.992644974954703,32.864544723781215,40.84520330629611,2891.656,24.0,0.0568683507839505,0.083735413702951,0.21159456906672397,0.08260953526790582
B0007,134,1.4981366198874824,1.89105229539079,79.2223791768746,74,208,3.4899701994096612,2.1693699073642034,4.203372086437543,2.03400217907334,-1.8800362373714223,1.9933389783603288,33.079651096902374,41.12807910254104,2901.25,24.0,0.0568683507839505,0.083735413702951,0.21159456906672397,0.08260953526790582
B0007,135,1.4820775214392872,1.89105229539079,78.37316424573085,73,208,3.484801138956006,2.116759239247948,4.202065190134895,2.0853059508869465,-1.8730214281226414,1.9933817364068824,32.932141650182686,41.094988453128494,2891.703,24.0,0.0568683507839505,0.083735413702951,0.21159456906672397,0.08260953526790582
B0007,136,1.4771155312812152,1.89105229539079,78.11077117652985,72,208,3.47835437960934,2.009424225590032,4.200086642861885,2.190662417271853,-1.8725486136074456,1.9932411647857315,32.755748003791545,41.11877573165318,2883.016,24.0,0.0546567857524269,0.0819690564666934,0.21033982641901586,0.07955431608999614
B0007,137,1.4720772783056488,1.89105229539079,77.84434528297595,71,208,3.475694933923807,2.0034792344341588,4.199758658258613,2.1962794238244543,-1.8724613181992062,1.995591810750265,32.52965474617847,40.98003499062696,2873.453,24.0,0.0585539628869158,0.0817127037862085,0.2117550889103586,0.0834185882706179
B0007,138,1.472248013656454,1.89105229539079,77.85337387257239,70,208,3.481431873453954,2.172988732474185,4.199843161074874,2.026854428600689,-1.8659419458758726,1.9935321227601952,32.848065199041,41.017509953482886,2874.031,24.0,0.0582798533828209,0.0828220199551595,0.21255670528704362,0.083457886014693
B0007,139,1.4670106672274663,1.89105229539079,77.5764197956411,69,208,3.4796060336232353,2.087464676179042,4.200352076636086,2.1128874004570437,-1.865786095147701,1.9930538887372675,33.072327061961936,41.299420742573055,2874.234,24.0,0.0655433340131684,0.0871263036916229,0.21180036146775605,0.09083847606662479
B0007,140,1.461767249533538,1.89105229539079,77.29914466651282,68,208,3.47822589673296,2.110564313669325,4.200169604165679,2.0896052904963542,-1.8654605849037513,1.996737767854495,32.85096451719535,41.105738037939375,2864.984,24.0,0.0634370910506511,0.0896123973508008,0.21079107705031974,0.08865428480306303
B0007,141,1.4566952670489708,1.89105229539079,77.03093513592873,67,208,3.4743233868367187,2.0724687293779813,4.199911577879335,2.1274428485013535,-1.865134613881632,1.9940890874950363,32.57230232995455,40.87704013237699,2855.093,24.0,0.064090710272644,0.0892312868292601,0.2120641684726334,0.09027900233772183
B0007,142,1.451354972758956,1.89105229539079,76.74853711324945,66,208,3.4737305453330443,2.1253826973270518,4.199564012073342,2.07418131474629,-1.858515986418667,1.9932272893446616,32.45068444176091,40.73021986226824,2855.625,24.0,0.0649449108692077,0.0882787478820197,0.21204599815867842,0.08856221160135837
B0007,143,1.451615926257375,1.89105229539079,76.76233649357621,65,208,3.474812723214051,2.1147331324879475,4.199951033620322,2.0852179011323746,-1.8588972649148483,1.9966895581151056,32.7394359440147,41.03226257370644,2855.594,24.0,0.0630912231503855,0.0906646821085215,0.21332122379002288,0.09214477280066084
B0007,144,1.4468161332173683,1.89105229539079,76.50852050701118,64,208,3.476096426841386,2.1738445330859366,4.19995987158867,2.0261153385027337,-1.8581969672334215,1.9930274022141448,32.775898242252914,40.89527781087817,2847.437,24.0,0.0635675339735441,0.0903675648803086,0.2130107348467298,0.09058936039399498
B0007,145,1.4467570607768785,1.89105229539079,76.50539672029024,63,208,3.4686822529487804,1.9947266977360072,4.200414702164272,2.2056880044282647,-1.8581200056254086,1.9935942445664656,32.5817324044051,41.02491521192672,2847.36,24.0,0.0635429724086598,0.0899370098322776,0.21027692601822257,0.08926663564740359
B0007,146,1.4413797481446793,1.89105229539079,76.22104114507394,62,208,3.4661964701943586,2.0033802121225017,4.199552965128597,2.1961727530060955,-1.8577209868352302,1.994370314261552,32.35021153014993,40.81596834579472,2837.328,24.0,0.0636275782678698,0.0924495924555913,0.21126997286736324,0.08898786362558045
B0007,147,1.4362456252208178,1.89105229539079,75.94954559011889,61,208,3.468183423895935,2.116470909151213,4.199706970400125,2.0832360612489116,-1.8512458354075154,1.9938361784378091,32.28754240914786,40.65138669632271,2837.281,24.0,0.0659014874038333,0.090032670921428,0.20942610738534925,0.09039084882867623
B0007,148,1.4368154153924828,1.89105229539079,75.9796764422933,60,208,3.4678606629897453,2.051877342511651,4.199300346769649,2.1474230042579974,-1.8514531972432,1.9942060517882436,32.603239183227075,40.965385542419945,2838.515,24.0,0.0643487177606421,0.092833768730939,0.21188140275863784,0.09507891522603892
B0007,149,1.4362945145860049,1.89105229539079,75.95213088960035,59,208,3.4662499547181245,2.003221375307111,4.200086391757318,2.196865016450207,-1.8574211435317929,1.993515247147098,32.61208344144242,41.11319128215138,2828.328,24.0,0.0647690231569202,0.0912199045869158,0.21189186792800338,0.09325999689311823
B0007,150,1.4418575315878015,1.89105229539079,76.24630662526647,58,208,3.462469269360201,1.9865974995249176,4.189989265375979,2.203391765851061,-1.857823928669184,1.99378580594933,32.26742656599958,40.78738321989129,2838.265,24.0,0.0635306909323588,0.0911672550374616,0.21247946546567084,0.09317790418119318
B0007,151,1.4672063484781797,1.89105229539079,77.58676753965592,57,208,3.480518309485383,2.1908121182442706,4.202670619155847,2.0118585009115764,-1.8658259561850365,1.996213250941652,32.637733704417855,40.73001188190229,2864.547,24.0,0.0642248117674788,0.087404820535234,0.21124546295966534,0.08927501198194387
B0007,152,1.4518640367848883,1.89105229539079,76.77545672975995,56,208,3.4723137993738336,2.033261415031626,4.199186500777735,2.165925085746109,-1.8647784241320746,1.993458887321793,32.665258715232376,40.990354594470126,2846.39,24.0,0.0664364247968927,0.0867162456940854,0.21209117709651099,0.0896899321357692
B0007,153,1.44713797527485,1.89105229539079,76.52553971151792,55,208,3.474362108592906,2.19135439601875,4.199638763972608,2.0082843679538582,-1.8578958465335809,1.9936626344417876,32.502652632323915,40.62521315513875,2837.969,24.0,0.0632981159900529,0.0883740485896972,0.21174625579648956,0.08966880152721211
B0007,154,1.441790586562399,1.89105229539079,76.24276653144855,54,208,3.4722823212388754,2.1840705012733683,4.200028390360542,2.0159578890871734,-1.851194762921303,1.9935668796843675,32.446842086875606,40.58944296824891,2838.156,24.0,0.0614560121489692,0.0888955702865366,0.21200446394931152,0.08860601079514446
B0007,155,1.431630947911111,1.89105229539079,75.70551863639822,53,208,3.4701761898320465,2.1664368343684446,4.199347098159206,2.032910263790761,-1.8509042611451945,1.9934697961408,32.39361892904713,40.584393586876246,2829.843,24.0,0.0638237541245271,0.0901737804549904,0.21176428314960735,0.08984033305150667
B0007,156,1.4318084249673686,1.89105229539079,75.71490373149528,52,208,3.4635011119445216,1.987193667465448,4.199148920577739,2.211955253112291,-1.8508582746706244,1.9934414275491172,32.417221778010834,40.884444140401214,2829.625,24.0,0.0645467994623144,0.090247979907766,0.2111128912107771,0.09073041509368718
B0007,157,1.4262562585106868,1.89105229539079,75.42130177927987,51,208,3.467453100453348,2.1314172797434523,4.199648027535327,2.0682307477918744,-1.8504182940365097,1.9940355259074865,32.40094040453025,40.65159637790841,2819.437,24.0,0.062496919860526,0.0911554578467061,0.2118810088592376,0.09108232254142908
B0007,158,1.4260877528924911,1.89105229539079,75.41239109930522,50,208,3.4675864728547836,2.188995882590831,4.199193175738452,2.0101972931476215,-1.843689287692697,1.993771785891296,32.36314241861483,40.53138082339522,2819.579,24.0,0.0633478734450752,0.0917263788119531,0.211624505323135,0.09156437461124987
B0007,159,1.4212633510031694,1.89105229539079,75.157273781763,49,208,3.462182535852444,2.032246494641712,4.199053572226856,2.1668070775851445,-1.8498733070449755,1.9938797141417293,32.382600705235255,40.821433488540606,2810.672,24.0,0.0672937953995353,0.0887764223987608,0.21258553683852194,0.09180868853347653
B0007,160,1.4163272748795108,1.89105229539079,74.89625106252409,48,208,3.465962999117946,2.1695130053947387,4.199879744716988,2.030366739322249,-1.843287720729204,1.9940053249383376,32.4323818014572,40.643362943412974,2811.485,24.0,0.0657954604671003,0.0891371873470344,0.21167576910239058,0.08852529492630401
B0007,161,1.4165781829175994,1.89105229539079,74.90951923277514,47,208,3.4601727514874407,1.9917978280585305,4.198680179439704,2.206882351381174,-1.8494580225090995,1.9936134940183787,32.4886182994049,40.97063567014205,2802.422,24.0,0.067069037133108,0.0893174652975898,0.21075506112438974,0.09052536538233624
B0007,162,1.4108401729425175,1.89105229539079,74.60608976183624,46,208,3.464226115253961,2.1534486462617077,4.199235005181635,2.0457863589199277,-1.8426221358637018,1.9932783787552537,32.524062377970175,40.74888323397497,2801.625,24.0,0.0649094288936879,0.0907572748025285,0.21113363938481827,0.0923664256984803
B0007,163,1.4109949628347804,1.89105229539079,74.61427514584918,45,208,3.458799193390812,2.0101572712330453,4.198950996279868,2.188793725046823,-1.8427098003104345,1.9936687629475545,32.482615965621896,40.93461596721165,2802.031,24.0,0.0646846710686828,0.0912602372721357,0.21231411920783078,0.09133329786555652
B0007,164,1.40617142903988,1.89105229539079,74.35920373366997,44,208,3.4620805499710854,2.132718741006573,4.199393701075195,2.066674960068622,-1.842239518040086,1.9932378340066104,32.46389583182878,40.74175890345818,2793.39,24.0,0.0647660744068118,0.0933150676288513,0.21210000445328273,0.09507567683687429
B0007,165,1.4063358479692922,1.89105229539079,74.36789830704656,43,208,3.4578782949034514,2.0114763339798887,4.198994975977764,2.1875186419978756,-1.842252843487983,1.9929534332525367,32.55681404542561,41.00964443691023,2793.39,24.0,0.064686462874031,0.0935717748030131,0.21069172785927429,0.09405802069181775
B0007,166,1.4004552399066514,1.89105229539079,74.05692816217145,42,208,3.461590937144894,2.1610456063312298,4.198421699164089,2.0373760928328593,-1.8356063485512328,1.997554904717948,32.576296430484255,40.80558697887537,2792.485,24.0,0.0649252658383731,0.0913267326241943,0.212847493686711,0.09284362685786843
B0007,167,1.4217865046055154,1.89105229539079,75.18493846367691,41,208,3.462906230864041,2.0143553387267827,4.188887274283021,2.1745319355562387,-1.8561013515700384,1.9933150584565904,32.81804879809979,40.92586026351328,2802.016,24.0,0.0624252821602371,0.0898121432394471,0.21084449994787421,0.0892640274917426
B0007,168,1.4324552720625434,1.89105229539079,75.74910940083355,40,208,3.4753580425264796,2.1732119934933296,4.2050716026539625,2.031859609160633,-1.8574370794605966,2.00603752072988,32.92941193334214,40.57390100608222,2820.39,24.0,0.0624252821602371,0.0898121432394471,0.21084449994787421,0.0892640274917426
B0018,1,1.8550045207910817,1.8550045207910817,100.0,142,143,3.527546226327255,2.472160843460044,4.188195942647034,1.7160350991869895,-1.9541761960216968,2.012995081928318,31.773285281389256,38.10180309676608,3434.891,24.0,0.0651581515845521,0.09555369570022,0.20979832669592016,0.09532983455211089
B0018,2,1.8431955317089987,1.8550045207910817,99.3633983664338,141,143,3.534835576186522,2.4114381994148304,4.186703558364525,1.7752653589496945,-1.9474374301153292,2.012643873951446,31.92489159472864,38.14987995994155,3425.485,24.0,0.0626964471850834,0.0916190292546578,0.20707455015369894,0.09295275540260302
B0018,3,1.8396018424355425,1.8550045207910817,99.16966895859798,140,143,3.538246596159443,2.394395968141027,4.188811210133346,1.7944152419923185,-1.9520511323479741,2.0118244627327857,31.31691283374216,37.5266914843442,3410.375,24.0,0.0613784305860476,0.0918828824623866,0.20541179347014465,0.09029930759450747
B0018,4,1.8306736044962053,1.8550045207910817,98.68836350412234,139,143,3.537697945111872,2.3999481734774424,4.188875360300162,1.7889271868227192,-1.9460914562122762,2.0135271229076634,30.821190751176527,37.06279237079503,3404.719,24.0,0.0613372486144971,0.0914120280962234,0.20547858788477913,0.09042894006056547
B0018,5,1.8327002069419656,1.8550045207910817,98.79761404357093,138,143,3.542667604586918,2.3851461229395867,4.189908817357781,1.8047626944181947,-1.9412796601390512,2.014479287336525,31.95346971511436,38.2110354381278,3417.641,24.0,0.0614340330056652,0.0920187644768557,0.2056519371813265,0.09114983513384199
B0018,6,1.8285288846046388,1.8550045207910817,98.57274546289774,137,143,3.5451037330477333,2.371677070838912,4.190509582057232,1.8188325112183201,-1.9400338819083036,2.01246830059768,32.02311236185272,38.17496505957075,3411.766,24.0,0.0614340330056652,0.0920187644768557,0.2056519371813265,0.09114983513384199
B0018,7,1.8212011895697924,1.8550045207910817,98.17772243450524,136,143,3.5475142438631493,2.4964491577040797,4.1903241054041,1.6938749477000203,-1.9335667184847714,2.0129654127777004,31.634533158077698,37.64038685475582,3399.516,24.0,0.0614340330056652,0.0920187644768557,0.2056519371813265,0.09114983513384199
B0018,8,1.815170010643328,1.8550045207910817,97.85259228744273,135,143,3.544812433691423,2.4374506721131883,4.190302498850287,1.752851826737099,-1.9332161326561408,2.0253396376938984,31.28819492159572,37.37602884738843,3388.75,24.0,0.0614340330056652,0.0920187644768557,0.2056519371813265,0.09114983513384199
B0018,9,1.8042980520967649,1.8550045207910817,97.26650430627024,134,143,3.5434780274164095,2.4152206992194847,4.188517549229078,1.7732968500095936,-1.9325959489970461,2.0164107237206794,31.11122470608501,37.28928029078695,3380.406,24.0,0.062464075366672,0.0878449584531599,0.20445171789142522,0.09051062200311598
B0018,10,1.8231002302844224,1.8550045207910817,98.28009634752516,133,143,3.543133206790044,2.377432309524995,4.191794143442699,1.8143618339177041,-1.9387520938161948,2.0137948590788683,31.13166983979621,37.52377766578506,3404.141,24.0,0.0591122614191441,0.0898982221526576,0.20276041686225435,0.08753130602702423
B0018,11,1.8121253520255491,1.8550045207910817,97.68846014740458,132,143,3.545155146280937,2.3887487262583647,4.190699409462101,1.8019506832037364,-1.9319248326301843,2.0130992718348324,31.51305775907457,37.72420412562674,3396.141,24.0,0.0591122614191441,0.0898982221526576,0.20276041686225435,0.08753130602702423
B0018,12,1.8046916382117768,1.8550045207910817,97.28772183488542,131,143,3.545032366549762,2.432289857016922,4.190263311275428,1.7579734542585066,-1.9249594896453863,2.012646457499825,31.31102568785445,37.41366095304306,3384.094,24.0,0.0591122614191441,0.0898982221526576,0.20276041686225435,0.08753130602702423
B0018,13,1.790844349786295,1.8550045207910817,96.54123910288773,130,143,3.5440892170496827,2.497495633221204,4.18970538556629,1.6922097523450859,-1.9179528942264987,2.011939908405691,30.893964711700164,36.94724908852665,3370.656,24.0,0.0591122614191441,0.0898982221526576,0.20276041686225435,0.08753130602702423
B0018,14,1.783470722841926,1.8550045207910817,96.14373996680884,129,143,3.541317108618481,2.478768686108376,4.188354430914051,1.7095857448056746,-1.917373033348097,2.013704827395307,30.540598970902945,36.70709131205994,3357.797,24.0,0.0610548889224548,0.0879548425080303,0.2014510422188634,0.08896853716341492
B0018,15,1.7809386125310702,1.8550045207910817,96.00723839592447,128,143,3.541197979542517,2.385849407868021,4.193543208571066,1.8076938007030452,-1.9180652422275588,2.0130040542547274,30.82566018736547,37.13061214416645,3363.015,24.0,0.0610092981213067,0.0871066350454787,0.2008802548024517,0.08655610923793819
B0018,16,1.771209039672698,1.8550045207910817,95.4827343988009,127,143,3.541255460524435,2.372854084449551,4.190238041929225,1.8173839574796742,-1.9106033469326071,2.014784153266325,31.451400678644543,37.686600065941576,3357.734,24.0,0.0610092981213067,0.0871066350454787,0.2008802548024517,0.08655610923793819
B0018,17,1.7686303996707076,1.8550045207910817,95.34372449488482,126,143,3.5427478949705886,2.4086912736769084,4.19075698083662,1.782065707159712,-1.909404549449075,2.0129355983090056,31.518847747922937,37.633580732302406,3344.187,24.0,0.0610092981213067,0.0871066350454787,0.2008802548024517,0.08655610923793819
B0018,18,1.7536304801917124,1.8550045207910817,94.5351054693852,125,143,3.541251093602656,2.496331992137246,4.189715378549557,1.6933833864123105,-1.8960567702455418,2.0117266911103093,31.11237289077096,37.15252578645951,3339.969,24.0,0.0610092981213067,0.0871066350454787,0.2008802548024517,0.08655610923793819
B0018,19,1.7462197416415093,1.8550045207910817,94.13560571253055,124,143,3.5350260562177453,2.4199896352919668,4.187635645163932,1.7676460098719655,-1.8948411660605735,2.012077515518729,30.586452588663985,36.78829001793698,3327.641,24.0,0.0606490457336047,0.0875492997393303,0.20249251601733884,0.08721795990107944
B0018,20,1.7376647337053737,1.8550045207910817,93.67442042482638,123,143,3.5326627624319777,2.3587321881999297,4.191004692440202,1.8322725042402719,-1.90021436299665,2.011349710066744,30.242913021104116,36.541146197392216,3312.844,24.0,0.0621948186826762,0.085709711905584,0.20042883051789595,0.0859128749649861
B0018,21,1.7315166735475835,1.8550045207910817,93.3429894181155,122,143,3.5333109441755526,2.4458096660548825,4.1906972904216495,1.744887624366767,-1.8936767267608487,2.0122749284189503,30.10270376338569,36.372087786130464,3302.031,24.0,0.0621948186826762,0.085709711905584,0.20042883051789595,0.0859128749649861
B0018,22,1.7085949894470602,1.8550045207910817,92.10732212762565,121,143,3.52738705832889,2.3808537751929744,4.185877977731026,1.805024202538052,-1.8739718829459886,2.012448687975656,30.251184852221932,36.52608510498833,3305.547,24.0,0.0621948186826762,0.085709711905584,0.20042883051789595,0.0859128749649861
B0018,23,1.711469957068211,1.8550045207910817,92.26230652733616,120,143,3.5296025965720452,2.436955746154759,4.188109147549676,1.7511534013949173,-1.8791764961687347,2.012334644346066,30.212407704391104,36.476252762052624,3289.562,24.0,0.0621948186826762,0.085709711905584,0.20042883051789595,0.0859128749649861
B0018,24,1.7075021373272627,1.8550045207910817,92.04840841029782,119,143,3.5289707694229833,2.4671365731790718,4.188302415854336,1.7211658426752643,-1.8780560689384003,2.0122688936966697,30.125011009636175,36.37720890237669,3283.797,24.0,0.0610647915313547,0.088484820718071,0.20421925030878002,0.09109333657383092
B0018,25,1.7492382064360228,1.8550045207910817,94.29832579006579,118,143,3.5322741848919814,2.4129371999368505,4.18962510592865,1.7766879059917997,-1.8993718818269214,2.012513173999148,30.22428629982563,36.64000948247426,3325.235,24.0,0.0595969662678692,0.0868405589019254,0.1993779566138517,0.0862438122843314
B0018,26,1.7327697147429957,1.8550045207910817,93.4105386440806,117,143,3.532438322521663,2.3497771039810256,4.190150750158746,1.8403736461777203,-1.8926958551018207,2.0129844574191207,30.976376254737342,37.38165499248184,3317.547,24.0,0.0595969662678692,0.0868405589019254,0.1993779566138517,0.0862438122843314
B0018,27,1.7222313328292376,1.8550045207910817,92.84243318688938,116,143,3.5363211310943603,2.4904700018477026,4.189151018945234,1.698681017097531,-1.8783667048362822,2.013596799411644,31.415702913300986,37.59824760372582,3311.766,24.0,0.0595969662678692,0.0868405589019254,0.1993779566138517,0.0862438122843314
B0018,28,1.711846298984729,1.8550045207910817,92.28259445182906,115,143,3.53353527421993,2.4650908929255406,4.189631312089484,1.7245404191639437,-1.8708343396819402,2.0157162812456435,31.383299841535273,37.56055515516341,3305.218,24.0,0.0595969662678692,0.0868405589019254,0.1993779566138517,0.0862438122843314
B0018,29,1.699267835126687,1.8550045207910817,91.6045117993578,114,143,3.527012841842043,2.363133281953362,4.187690359657657,1.8245570777042954,-1.8696567234639716,2.0125462740568847,31.167937826253638,37.52114200586718,3295.453,24.0,0.0628710617847731,0.0850061597091283,0.20141496398445313,0.0868205840268482
B0018,30,1.6940366439243106,1.8550045207910817,91.32250757005568,113,143,3.52925730014011,2.4790616361836206,4.190215357888677,1.7111537217050565,-1.8623726014599724,2.012800439982786,30.994690437264207,37.21887096740918,3287.0,24.0,0.0609507504152175,0.0854432604918211,0.19964156318660797,0.08404382142216078
B0018,31,1.6819027078768087,1.8550045207910817,90.66838862255429,112,143,3.527821497534469,2.491905723274248,4.189776104976122,1.697870381701874,-1.8547843408980225,2.0132684044986244,31.055317978554886,37.33441415744885,3276.922,24.0,0.0609507504152175,0.0854432604918211,0.19964156318660797,0.08404382142216078
B0018,32,1.6769770618433686,1.8550045207910817,90.40285579078848,111,143,3.525692957415014,2.4337177596826547,4.189846430994002,1.7561286713113469,-1.8538766950740675,2.013231862286827,31.373945543706103,37.7331798444306,3268.687,24.0,0.0609507504152175,0.0854432604918211,0.19964156318660797,0.08404382142216078
B0018,33,1.6655229306478936,1.8550045207910817,89.78538391580942,110,143,3.524396248234728,2.4424506461535755,4.188109551881256,1.7456589057276806,-1.845735037450336,2.0132145295965795,31.56128410753226,37.84649344841882,3260.594,24.0,0.0609507504152175,0.0854432604918211,0.19964156318660797,0.08404382142216078
B0018,34,1.6571924575832084,1.8550045207910817,89.33630290434469,109,143,3.520797576383474,2.4383419399858552,4.186368648390758,1.7480267084049026,-1.8382538558498933,2.014122293372892,31.318474723902874,37.6701649416618,3258.812,24.0,0.0627903797735489,0.0861108271576963,0.20326200664916352,0.08890235962222108
B0018,35,1.6482241555294048,1.8550045207910817,88.85283766459536,108,143,3.519457281260753,2.4157245398944123,4.1901657245031085,1.7744411846086963,-1.8435676915974055,2.0127023314619743,31.104012325043954,37.53185198546868,3243.422,24.0,0.0620543276699188,0.0841039159798283,0.20042535172716644,0.08448299366576524
B0018,36,1.6387701497987262,1.8550045207910817,88.34318900203323,107,143,3.513165600287965,2.323395712524894,4.189966178473989,1.8665704659490947,-1.83704467002657,2.013140654116361,30.989730398009076,37.593333753421376,3236.515,24.0,0.0620543276699188,0.0841039159798283,0.20042535172716644,0.08448299366576524
B0018,37,1.6276486907262062,1.8550045207910817,87.74365089051547,106,143,3.517217159454334,2.4985039496028567,4.188259618341401,1.689755668738544,-1.8211904293154166,2.014033000339436,30.967851972472324,37.36141011067826,3230.734,24.0,0.0620543276699188,0.0841039159798283,0.20042535172716644,0.08448299366576524
B0018,38,1.62215370227252,1.8550045207910817,87.44742581978934,105,143,3.5120091114107965,2.350237238739749,4.18974005757658,1.8395028188368312,-1.8270453339799269,2.012673084048405,31.285342046153826,37.89980324671546,3222.093,24.0,0.0620543276699188,0.0841039159798283,0.20042535172716644,0.08448299366576524
B0018,39,1.6140066510467586,1.8550045207910817,87.00823275398015,104,143,3.50911052654104,2.3337740352348813,4.1862359225351335,1.8524618873002523,-1.819052179250902,2.012635202899368,31.41096207271253,38.03149707759718,3220.344,24.0,0.0612687404694232,0.0871128650055224,0.20100365337851003,0.08727976649627943
B0018,40,1.6760516154424625,1.8550045207910817,90.35296661852321,103,143,3.516106699716392,2.317647291087635,4.189625262426538,1.8719779713389029,-1.8693745969498121,2.01318368468478,30.755137125871208,37.42220155418978,3250.75,24.0,0.0627057717757101,0.0838112972640761,0.19861052946308697,0.08452523115665571
B0018,41,1.649300642552199,1.8550045207910817,88.91086916860135,102,143,3.519010068254593,2.492394514304757,4.186586244011676,1.694191729706919,-1.839770443871628,2.012193154001789,30.977446633931525,37.32511174435206,3239.344,24.0,0.0627057717757101,0.0838112972640761,0.19861052946308697,0.08452523115665571
B0018,42,1.63238299185809,1.8550045207910817,87.99886865838727,101,143,3.5124212742229295,2.372828310153791,4.189366482043888,1.8165381718900973,-1.837963396328485,2.012774153678253,30.800512192698992,37.31088262198154,3222.25,24.0,0.0627057717757101,0.0838112972640761,0.19861052946308697,0.08452523115665571
B0018,43,1.6164159719025777,1.8550045207910817,87.13811496336645,100,143,3.50815215295169,2.3560703177076867,4.188553804618968,1.832483486911281,-1.8296109578903785,2.012946778665685,30.616192795676138,37.23234655688736,3206.157,24.0,0.0627057717757101,0.0838112972640761,0.19861052946308697,0.08452523115665571
B0018,44,1.6109028378249377,1.8550045207910817,86.84091169427205,99,143,3.508648568515266,2.4644431530094417,4.188764708195774,1.7243215551863322,-1.8210831511954937,2.0135827897679706,30.399839302766903,36.94850857727268,3197.969,24.0,0.0602301101735637,0.0877848925885978,0.20482658677125415,0.09091360854828033
B0018,45,1.5954638693695655,1.8550045207910817,86.00862431802415,98,143,3.5051993439595477,2.4195167274486726,4.188636968174337,1.7691202407256643,-1.8199201144788144,2.013020303951627,30.38386825126278,37.002663545357386,3181.625,24.0,0.0618017944104421,0.0851627893757878,0.19878299793691,0.08564023367962538
B0018,46,1.726707440085764,1.8550045207910817,93.0837321813855,97,143,3.523165280193865,2.3422406504312434,4.188466199744378,1.846225549313135,-1.8951156248467713,2.023314533825632,30.576239500422755,36.71025442949399,3302.36,24.0,0.0618017944104421,0.0851627893757878,0.19878299793691,0.08564023367962538
B0018,47,1.7165673917429751,1.8550045207910817,92.53710017973061,96,143,3.527269876472835,2.3755467142668496,4.189570916346704,1.8140242020798545,-1.8867694858233446,2.012680983917414,30.705906284556665,36.72807623650589,3285.812,24.0,0.0618017944104421,0.0851627893757878,0.19878299793691,0.08564023367962538
B0018,48,1.6958235570934848,1.8550045207910817,91.4188368861919,95,143,3.526762654741574,2.414629137532592,4.189584987657955,1.7749558501253633,-1.8786631828974334,2.0115911942512583,30.62583594950684,36.72959308355185,3260.016,24.0,0.0618017944104421,0.0851627893757878,0.19878299793691,0.08564023367962538
B0018,49,1.6777783190792557,1.8550045207910817,90.44605014567585,94,143,3.523020179476104,2.3844645496129964,4.189371286385834,1.8049067367728373,-1.870474802329599,2.01260531537844,30.597357068657974,36.787462351640364,3240.031,24.0,0.0618017944104421,0.0851627893757878,0.19878299793691,0.08564023367962538
B0018,50,1.6606586897774192,1.8550045207910817,89.5231613273491,93,143,3.5197923457982654,2.398646371281655,4.187606340824144,1.7889599695424887,-1.8562833971202242,2.0134407767806635,30.528493896066262,36.75689163314213,3232.265,24.0,0.0618017944104421,0.0851627893757878,0.19878299793691,0.08564023367962538
B0018,51,1.6664109274827466,1.8550045207910817,89.83325424846362,92,143,3.5251014582287223,2.4557130111721626,4.188829347125095,1.7331163359529325,-1.8625354754370638,2.0130995106645164,31.203754246103966,37.35015763097096,3232.031,24.0,0.0633599857416457,0.0860082471809912,0.2002511120604903,0.08719454577578949
B0018,52,1.6468336174407805,1.8550045207910817,88.77787622525443,91,143,3.518519199837846,2.323665882820083,4.189202115880737,1.865536233060654,-1.8606833274060013,2.0125662318740924,31.172639449335037,37.48126030855565,3209.5149999999994,24.0,0.0633599857416457,0.0860082471809912,0.2002511120604903,0.08719454577578949
B0018,53,1.6257639928779952,1.8550045207910817,87.64205017595725,90,143,3.5190801794284594,2.488054079510012,4.186778882107656,1.6987248025976438,-1.8383636766891702,2.026718552407948,30.96825922704022,37.12544389762631,3196.125,24.0,0.0633599857416457,0.0860082471809912,0.2002511120604903,0.08719454577578949
B0018,54,1.6121577411874597,1.8550045207910817,86.90856130635962,89,143,3.5114167272902406,2.3306937114568003,4.187888599491238,1.8571948880344378,-1.8436958588115402,2.013261835361458,30.821704306343126,37.19112571388883,3172.562,24.0,0.0633599857416457,0.0860082471809912,0.2002511120604903,0.08719454577578949
B0018,55,1.6057366823755344,1.8550045207910817,86.56241342693627,88,143,3.5108038681605738,2.389399831578687,4.18915752014188,1.7997576885631927,-1.8362729789790888,2.0186878439171223,30.765219721637393,37.17642722353301,3172.735,24.0,0.0633599857416457,0.0860082471809912,0.2002511120604903,0.08719454577578949
B0018,56,1.673645314879889,1.8550045207910817,90.223247227783,87,143,3.5143261179075496,2.4864200723178747,4.191289655270872,1.704869582952997,-1.8646902787950443,2.012371641203182,30.809988428281613,37.11936678632194,3238.109,24.0,0.0608839675600462,0.0852251201269989,0.20121361996468382,0.08586775103573138
B0018,57,1.6404348572349936,1.8550045207910817,88.43293042409496,86,143,3.5196664048265602,2.4673631110639858,4.190628233635541,1.7232651225715556,-1.8572649157581866,2.013097827670719,31.03903359070028,37.2702464066457,3191.063,24.0,0.0608839675600462,0.0852251201269989,0.20121361996468382,0.08586775103573138
B0018,58,1.6132653317422077,1.8550045207910817,86.96826954654632,85,143,3.512403849382274,2.375173080957567,4.189158279329032,1.8139851983714648,-1.8483454421357695,2.0125787987088013,31.04176453157222,37.39550861947664,3165.828,24.0,0.0608839675600462,0.0852251201269989,0.20121361996468382,0.08586775103573138
B0018,59,1.5920964324686278,1.8550045207910817,85.82709177386076,84,143,3.5077862234460104,2.371626022111289,4.185868202467219,1.8142421803559303,-1.839168422289249,2.015019692764474,30.959784195511766,37.378956702246384,3140.407,24.0,0.0608839675600462,0.0852251201269989,0.20121361996468382,0.08586775103573138
B0018,60,1.5866011820698824,1.8550045207910817,85.5308525821416,83,143,3.5076596102713244,2.463955873060647,4.186906972044146,1.7229510989834993,-1.830332610270234,2.020734675534358,30.843513277103145,37.245718322158105,3131.922,24.0,0.0623189427460542,0.0859882467642574,0.20366890346831745,0.08880381017302046
B0018,61,1.580076649033625,1.8550045207910817,85.17912659101168,82,143,3.5074833565874615,2.475545296633258,4.189576283423886,1.714030986790628,-1.829290599843924,2.012930230685489,30.797157400797865,37.21755583353321,3121.109,24.0,0.0619094323498869,0.084880750149247,0.19994895510517902,0.08609351149730628
B0018,62,1.5641732953289167,1.8550045207910817,84.32180503052695,81,143,3.5023865933440717,2.3791563087604626,4.189808713646982,1.8106524048865191,-1.8278449003095165,2.0135210876274656,30.984434580754094,37.56150979821064,3105.265,24.0,0.0619094323498869,0.084880750149247,0.19994895510517902,0.08609351149730628
B0018,63,1.555618272193922,1.8550045207910817,83.86061892347928,80,143,3.503693493885047,2.4776158338943337,4.188889298039903,1.711273464145569,-1.8188198987741453,2.013049747683001,30.967899275139946,37.4174791317661,3091.25,24.0,0.0619094323498869,0.084880750149247,0.19994895510517902,0.08609351149730628
B0018,64,1.5402045278637395,1.8550045207910817,83.02969133503281,79,143,3.4989948462048113,2.4205549690097223,4.188220838257245,1.767665869247523,-1.817194042260449,2.01215000710487,30.976616345195186,37.55101533655474,3076.703,24.0,0.0619094323498869,0.084880750149247,0.19994895510517902,0.08609351149730628
B0018,65,1.5321613015959863,1.8550045207910817,82.59609528835993,78,143,3.495405576723954,2.415388497112405,4.186454063976498,1.771065566864093,-1.8157980815469457,2.0124985987201267,30.89768961926806,37.59895044072871,3062.328,24.0,0.0632884153578242,0.0884732058328667,0.20332142913907605,0.08979100223671999
B0018,66,1.5316232403693415,1.8550045207910817,82.56708936300427,77,143,3.494528300232307,2.3974205597873093,4.1895672733133145,1.7921467135260052,-1.822108117298183,2.013303363874512,30.815688222379325,37.48923978216981,3050.563,24.0,0.0624424564129125,0.085530754144125,0.20034056924518293,0.08541236238703549
B0018,67,1.5222595950771978,1.8550045207910817,82.06231187124104,76,143,3.4962554827793926,2.497752653580319,4.189297764105604,1.6915451105252854,-1.8129628028687816,2.0127782408337165,30.726188079151118,37.37911114363861,3034.672,24.0,0.0624424564129125,0.085530754144125,0.20034056924518293,0.08541236238703549
B0018,68,1.5065267126851285,1.8550045207910817,81.21418011653459,75,143,3.48769646191346,2.3726090777895896,4.186793087812023,1.8141840100224336,-1.8044876731207795,2.011894643612056,30.76818712651005,37.559604168615785,3031.25,24.0,0.0624424564129125,0.085530754144125,0.20034056924518293,0.08541236238703549
B0018,69,1.5014219556532926,1.8550045207910817,80.93899172887186,74,143,3.486547580844067,2.36844257542991,4.188594535127793,1.820151959697883,-1.809986175960184,2.0125266173463885,30.775415173787835,37.61805450748922,3011.343,24.0,0.0624424564129125,0.085530754144125,0.20034056924518293,0.08541236238703549
B0018,70,1.4963534117486457,1.8550045207910817,80.66575552659644,73,143,3.482298183882304,2.331968556073514,4.186295492358637,1.8543269362851227,-1.8090400456598725,2.0121939690963395,30.761821976538275,37.71101994346608,3003.0,24.0,0.0627245995271744,0.090046169627389,0.20836848420432003,0.08999082584498497
B0018,71,1.5334262000312422,1.8550045207910817,82.6642837170715,72,143,3.491819481711868,2.4057755306304176,4.187384370589753,1.7816088399593357,-1.8273691233501441,2.0205100517708847,30.913721930762733,37.767989299214086,3045.187,24.0,0.0631972345620259,0.0872013762847039,0.20193885245974694,0.08862118110838978
B0018,72,1.523845267514426,1.8550045207910817,82.14779265683784,71,143,3.493995853241935,2.4720838848798987,4.188929264481706,1.716845379601807,-1.8180385592622932,2.0131819742858483,31.228215653165606,37.91919394450186,3028.469,24.0,0.0631972345620259,0.0872013762847039,0.20193885245974694,0.08862118110838978
B0018,73,1.501192099426124,1.8550045207910817,80.92660058779417,70,143,3.484377015629623,2.342731326096539,4.185269759332432,1.8425384332358936,-1.8085351614741645,2.013496073486494,31.261679783387308,37.99328509003338,3012.937,24.0,0.0631972345620259,0.0872013762847039,0.20193885245974694,0.08862118110838978
B0018,74,1.492417671450291,1.8550045207910817,80.45358675534857,69,143,3.4859116793558376,2.4198650452188226,4.18799771486628,1.7681326696474575,-1.8068041184926535,2.0122733205325782,31.18408593575448,37.984838024989045,2998.875,24.0,0.0631972345620259,0.0872013762847039,0.20193885245974694,0.08862118110838978
B0018,75,1.483323851940123,1.8550045207910817,79.9633550923934,68,143,3.484278753976679,2.438879997223475,4.187899339921793,1.7490193426983178,-1.8050190987020625,2.013027320256293,31.001432353085377,37.8288851383529,2983.547,24.0,0.0631972345620259,0.0872013762847039,0.20193885245974694,0.08862118110838978
B0018,76,1.4807376792294196,1.8550045207910817,79.82393911352555,67,143,3.4829886521206714,2.430465824271706,4.1882916128809375,1.7578257886092317,-1.8118563821702207,2.012954260463709,30.981374033120872,37.844837975501,2966.86,24.0,0.0633286451454753,0.0879797666852718,0.20106940550606647,0.08854583898967022
B0018,77,1.4735077809902477,1.8550045207910817,79.4341881367415,66,143,3.483799876979844,2.4907267597860656,4.187409532380725,1.6966827725946594,-1.8021525551783737,2.012741175686338,31.088687926688607,37.8984610468502,2954.797,24.0,0.0633286451454753,0.0879797666852718,0.20106940550606647,0.08854583898967022
B0018,78,1.46801928526661,1.8550045207910817,79.1383130775639,65,143,3.4787540756450497,2.367832802864477,4.188656943531829,1.8208241406673515,-1.8092953592546854,2.013377348559974,31.336420133762665,38.27784043980244,2945.735,24.0,0.0633286451454753,0.0879797666852718,0.20106940550606647,0.08854583898967022
B0018,79,1.458092355711902,1.8550045207910817,78.6031699313642,64,143,3.475219435178451,2.3532703553328904,4.188198669984733,1.834928314651843,-1.8000309691416814,2.013211476410487,31.225999871035654,38.24434303919528,2941.375,24.0,0.0633286451454753,0.0879797666852718,0.20106940550606647,0.08854583898967022
B0018,80,1.44786609888914,1.8550045207910817,78.05189058362434,63,143,3.470739535801023,2.362897904778893,4.184528192003684,1.8216302872247914,-1.7981302589297095,2.014293661039269,31.037323488688802,38.06956259266949,2923.953,24.0,0.0643827606982796,0.0910814973658125,0.20827794938067437,0.09170865266237044
B0018,81,1.4527808777541982,1.8550045207910817,78.31683758563824,62,143,3.474600910003521,2.420200016704328,4.1927676322495895,1.7725676155452614,-1.8058248446047425,2.013245286480298,30.811349225731828,37.81744565252647,2921.031,24.0,0.0632262185222777,0.0876297004096254,0.20243912321108654,0.08938660057268578
B0018,82,1.4425356364492432,1.8550045207910817,77.76453481817188,61,143,3.4740521567700093,2.472605886588914,4.187873640279204,1.7152677536902896,-1.795955865281378,2.0138967840468363,30.932223179746046,37.90256777035479,2902.75,24.0,0.0632262185222777,0.0876297004096254,0.20243912321108654,0.08938660057268578
B0018,83,1.4392712877203313,1.8550045207910817,77.58855957432074,60,143,3.475075728648004,2.483165462226557,4.1880559282136725,1.7048904659871154,-1.7951057003644757,2.0132739002306224,31.215527070380897,38.16628336469349,2897.875,24.0,0.0632262185222777,0.0876297004096254,0.20243912321108654,0.08938660057268578
B0018,84,1.4286475681888218,1.8550045207910817,77.01585371768061,59,143,3.472424307596416,2.434198683008624,4.188063095530185,1.753864412521561,-1.7940097981352856,2.0131642650090824,31.400797084337558,38.36789486715962,2892.094,24.0,0.0632262185222777,0.0876297004096254,0.20243912321108654,0.08938660057268578
B0018,85,1.4249026750004896,1.8550045207910817,76.81397317526904,58,143,3.471751102262539,2.497859027600416,4.185913481526783,1.6880544539263673,-1.7841592631620102,2.012453716602352,31.259213269721236,38.19823604401131,2886.921,24.0,0.0627596460234384,0.0922488167541978,0.20780272501409627,0.09201763241316022
B0018,86,1.4698115324524124,1.8550045207910817,79.23492994106556,57,143,3.4745407296058963,2.374740845794832,4.187259539606346,1.8125186938115143,-1.8136320536623207,2.013506755621097,31.134701292957466,38.09998280757164,2942.531,24.0,0.0630642320115214,0.0887875504657166,0.20266188780955557,0.08854033053025347
B0018,87,1.4525819651050202,1.8550045207910817,78.30611455790711,56,143,3.471720060423485,2.3589340839760866,4.187670932765983,1.8287368487898967,-1.810960446087532,2.014872086495032,31.246879695988095,38.21452378284136,2912.469,24.0,0.0630642320115214,0.0887875504657166,0.20266188780955557,0.08854033053025347
B0018,88,1.442834198908794,1.8550045207910817,77.78062979024362,55,143,3.4713984098288235,2.4413266342198545,4.187836103953847,1.7465094697339927,-1.800802328247715,2.012630004080512,31.027558674438325,37.93969653616424,2895.594,24.0,0.0630642320115214,0.0887875504657166,0.20266188780955557,0.08854033053025347
B0018,89,1.428376058807949,1.8550045207910817,77.0012171290454,54,143,3.4626491088970703,2.311419659807122,4.18719517574786,1.8757755159407377,-1.798647877727257,2.012054810012164,30.931917385258963,38.06666733482501,2884.406,24.0,0.0630642320115214,0.0887875504657166,0.20266188780955557,0.08854033053025347
B0018,90,1.4154547844370715,1.8550045207910817,76.30465417051595,53,143,3.466072725920186,2.495315923820125,4.183339938829854,1.688024015009729,-1.7804067367547436,2.011816454093025,30.667082236656018,37.63260475617888,2873.766,24.0,0.0630642320115214,0.0887875504657166,0.20266188780955557,0.08854033053025347
B0018,91,1.454576670077708,1.8550045207910817,78.41364556121901,52,143,3.4730670533412877,2.4398479869382084,4.192209704853633,1.752361717915425,-1.8167125180994765,2.0147251295387147,31.226789107710772,38.18223603956323,2893.375,24.0,0.0654312939216661,0.0884263275530729,0.20576435821860048,0.09082207116160008
B0018,92,1.4283179548274056,1.8550045207910817,76.99808484662279,51,143,3.4668548162926327,2.376538319699514,4.186622455926472,1.8100841362269584,-1.7981268087177564,2.01362953818943,31.387733116648285,38.3907466519188,2884.9839999999967,24.0,0.0654312939216661,0.0884263275530729,0.20576435821860048,0.09082207116160008
B0018,93,1.4197026883204058,1.8550045207910817,76.53365112635747,50,143,3.46527367520258,2.3722299202290382,4.186945959000922,1.8147160387718837,-1.7964439222994821,2.0143431411678145,31.505666838292886,38.51622654624205,2870.234,24.0,0.0654312939216661,0.0884263275530729,0.20576435821860048,0.09082207116160008
B0018,94,1.4155606630306516,1.8550045207910817,76.31036189749955,49,143,3.4638878223448684,2.361475505115684,4.18744003081614,1.8259645257004564,-1.795371462470329,2.013805013275104,31.5462258449116,38.56612180540248,2864.11,24.0,0.0654312939216661,0.0884263275530729,0.20576435821860048,0.09082207116160008
B0018,95,1.405680035419228,1.8550045207910817,75.77771480684933,48,143,3.457807923440064,2.317937855025735,4.1845980039811215,1.8666601489553867,-1.7937175263130196,2.0140103653857677,31.389977882297476,38.5606541602861,2846.64,24.0,0.0640350502034096,0.0916416933004205,0.20835697827802055,0.09076220725538506
B0018,96,1.4084461071166137,1.8550045207910817,75.92682882066349,47,143,3.459813554486507,2.3372859753156225,4.186742025132256,1.8494560498166335,-1.8014517734888207,2.01313706710909,31.385433749863733,38.53842073636507,2839.532,24.0,0.0643168361931131,0.0868069025668704,0.20477140323436746,0.08829597446374246
B0018,97,1.3968547782872414,1.8550045207910817,75.30196086484692,46,143,3.458027727779737,2.35288102649522,4.1871520936423146,1.8342710671470948,-1.7915215753378781,2.0146560328783325,31.423707199142058,38.548873480234754,2832.703,24.0,0.0643168361931131,0.0868069025668704,0.20477140323436746,0.08829597446374246
B0018,98,1.3935670371440676,1.8550045207910817,75.12472457747809,45,143,3.4613996718507845,2.4646122144537173,4.187096292904282,1.7224840784505644,-1.7816941240706174,2.013905602750019,31.435368910968148,38.45838357496903,2827.077999999994,24.0,0.0643168361931131,0.0868069025668704,0.20477140323436746,0.08829597446374246
B0018,99,1.3893644292809475,1.8550045207910817,74.89816944965945,44,143,3.4611285476693214,2.4684655225527004,4.187367312766795,1.7189017902140944,-1.779737998541223,2.0129862192992305,31.542375291159843,38.54382874673793,2821.531,24.0,0.0643168361931131,0.0868069025668704,0.20477140323436746,0.08829597446374246
B0018,100,1.378565141566671,1.8550045207910817,74.31599902402237,43,143,3.455556822823358,2.409292353940073,4.18534593452204,1.776053580581967,-1.7856528650965158,2.0130373888261315,31.52669677306915,38.650883957434026,2805.156,24.0,0.0654644342393943,0.0925002319045349,0.2094455214343537,0.09156888443835041
B0018,101,1.384901110085747,1.8550045207910817,74.65755983684312,42,143,3.459598362944341,2.477625480372779,4.186646524222555,1.7090210438497757,-1.7784070647657095,2.012440412153309,31.435921914290375,38.45654834997334,2814.906,24.0,0.0654529706546391,0.0888408418585299,0.20645092118240918,0.08943993923877151
B0018,102,1.3703251814242443,1.8550045207910817,73.87179740348331,41,143,3.4506569891269216,2.335608852853518,4.184730834033599,1.8491219811800805,-1.7778412667349817,2.014185743260078,31.475238112886494,38.6564130442344,2801.156,24.0,0.0654529706546391,0.0888408418585299,0.20645092118240918,0.08943993923877151
B0018,103,1.3733464385229082,1.8550045207910817,74.03466800917732,40,143,3.455515243082573,2.441999086782534,4.187175976285891,1.745176889503357,-1.7764462760420034,2.014463667770562,31.5817445550721,38.655587491253975,2794.187,24.0,0.0654529706546391,0.0888408418585299,0.20645092118240918,0.08943993923877151
B0018,104,1.3679487285504814,1.8550045207910817,73.7436870486498,39,143,3.455840338587253,2.465168783147216,4.186108406696249,1.7209396235490328,-1.7752748972563315,2.013348921415113,31.647958536134297,38.6997087046862,2785.391,24.0,0.0654529706546391,0.0888408418585299,0.20645092118240918,0.08943993923877151
B0018,105,1.3567141087089647,1.8550045207910817,73.13804864100184,38,143,3.448678293668265,2.370892032033162,4.183460397462309,1.8125683654291467,-1.774201326872465,2.013428528654807,31.662032275252905,38.87481687744787,2779.5,24.0,0.0660567598197252,0.0902436427818111,0.21014039510078067,0.09259034248200639
B0018,106,1.4604310209194575,1.8550045207910817,78.72924322020762,37,143,3.4745031786447553,2.461879783248223,4.187091541628412,1.7252117583801891,-1.8196650877007408,2.01277944734302,30.434500875864142,37.36397452607736,2899.234,24.0,0.0655091497890936,0.089572346161732,0.20662026487398907,0.09068283883088392
B0018,107,1.4500998937104097,1.8550045207910817,78.17231049614925,36,143,3.474031881945217,2.424706636890725,4.18736921126964,1.7626625743789153,-1.8096836854216038,2.0200047420918392,31.017997058077018,37.88258787662229,2894.922,24.0,0.0655091497890936,0.089572346161732,0.20662026487398907,0.09068283883088392
B0018,108,1.4381406901824496,1.8550045207910817,77.52761106852412,35,143,3.474404210386772,2.444722297403138,4.187597633155394,1.742875335752256,-1.7993287687468957,2.0133646895300226,31.39483761465523,38.15898073660424,2888.25,24.0,0.0655091497890936,0.089572346161732,0.20662026487398907,0.09068283883088392
B0018,109,1.4283681980964316,1.8550045207910817,77.00079337204485,34,143,3.471767043833224,2.443569395327192,4.187608979498198,1.7440395841710061,-1.7959419603883284,2.014594160102108,31.24511885640641,38.05243159675446,2873.906,24.0,0.0655091497890936,0.089572346161732,0.20662026487398907,0.09068283883088392
B0018,110,1.4147874517552432,1.8550045207910817,76.26867945054364,33,143,3.4685305272975935,2.4666000274194886,4.186194120124063,1.7195940927045745,-1.7956017209600372,2.012470648259109,31.05306925187263,37.89096376444466,2847.406,24.0,0.0655091497890936,0.089572346161732,0.20662026487398907,0.09068283883088392
B0018,111,1.413889163393182,1.8550045207910817,76.22025431993113,32,143,3.4651213646662598,2.4272514813701016,4.186991375693876,1.7597398943237743,-1.7929541659933774,2.0131822133527364,30.88589263299332,37.81203585126145,2849.281,24.0,0.0660246141591635,0.0893968694708912,0.20568107714589315,0.08918679283169985
B0018,112,1.3989331662177225,1.8550045207910817,75.41400306782735,31,143,3.465287985947589,2.4762628371779,4.185443351643291,1.7091805144653907,-1.784474211719448,2.0130225462243683,31.053992379018933,37.9591954678784,2833.688,24.0,0.0660246141591635,0.0893968694708912,0.20568107714589315,0.08918679283169985
B0018,113,1.3953322584033976,1.8550045207910817,75.21988452127043,30,143,3.461799526154992,2.3607989727330003,4.186308413669027,1.825509440936027,-1.793581043096934,2.0189079388265974,31.492840068071885,38.52104349883516,2826.453,24.0,0.0660246141591635,0.0893968694708912,0.20568107714589315,0.08918679283169985
B0018,114,1.390046129540245,1.8550045207910817,74.93491870022228,29,143,3.463260140320492,2.377011586588198,4.187179397572641,1.810167810984443,-1.7920645354970144,2.012765928007659,31.93832684630049,38.87868799770175,2818.312,24.0,0.0660246141591635,0.0893968694708912,0.20568107714589315,0.08918679283169985
B0018,115,1.3860271454209647,1.8550045207910817,74.7182624023947,28,143,3.462839429201602,2.456756319667845,4.1854460754417,1.7286897557738548,-1.7809541104468565,2.013042493892728,31.74562722135923,38.65118899876309,2812.7189999999973,24.0,0.0652892568851771,0.0913916544478255,0.20871738142795304,0.0912396695724078
B0018,116,1.388215260193751,1.8550045207910817,74.83621978461461,27,143,3.4569152237960306,2.3277314025979847,4.193052368415502,1.8653209658175176,-1.7989851707207014,2.012206599766764,31.31018499405759,38.434235278537344,2803.5,24.0,0.0629732782106259,0.0879110001707879,0.20493178054172428,0.08956729054091697
B0018,117,1.3761826562394497,1.8550045207910817,74.18756347033406,26,143,3.4574690175816127,2.4537913827403948,4.186241953638429,1.7324505708980347,-1.7873231599598716,2.012141821898546,31.127360345471814,38.10387572433,2783.25,24.0,0.0629732782106259,0.0879110001707879,0.20493178054172428,0.08956729054091697
B0018,118,1.3647168898640163,1.8550045207910817,73.56946436346267,25,143,3.4502191781217797,2.3475608877759067,4.186011006323472,1.8384501185475655,-1.7861666392556754,2.01231372073967,30.985550813719595,38.12742842632319,2776.391,24.0,0.0629732782106259,0.0879110001707879,0.20493178054172428,0.08956729054091697
B0018,119,1.3589854739373584,1.8550045207910817,73.2604939074654,24,143,3.4486728051793962,2.3558347560196564,4.18675624032869,1.8309214843090338,-1.7849995504167617,2.0131811880616888,30.899653280757406,38.03962943213698,2766.516,24.0,0.0629732782106259,0.0879110001707879,0.20493178054172428,0.08956729054091697
B0018,120,1.34623087640088,1.8550045207910817,72.57291620112973,23,143,3.444632719716698,2.379110236294476,4.1831553230638425,1.8040450867693667,-1.7783310205058362,2.013273464922821,30.706123644966482,37.85657903247749,2751.516,24.0,0.0651685236241181,0.0957073119737363,0.20954234449451897,0.09340146708702698
B0018,121,1.4268427818454643,1.8550045207910817,76.91856089045949,22,143,3.467272639213176,2.444740635238248,4.191989955143364,1.7472493199051158,-1.809775952165901,2.013950042532596,30.47122187456595,37.43017193410286,2848.859,24.0,0.0637387678424481,0.0911517651919058,0.20468317630738356,0.09063718725561563
B0018,122,1.4064481483279665,1.8550045207910817,75.81912240991065,21,143,3.464490491162134,2.431867772331712,4.185628679672912,1.7537609073412002,-1.7896694300229212,2.012375320433943,30.939221783021114,37.8264149292754,2840.016,24.0,0.0637387678424481,0.0911517651919058,0.20468317630738356,0.09063718725561563
B0018,123,1.3934907492075153,1.8550045207910817,75.12061203027417,20,143,3.459667012281024,2.344037291947413,4.186834478731371,1.842797186783958,-1.79700972481249,2.0124205467796688,31.111640631561894,38.08307173716899,2817.375,24.0,0.0637387678424481,0.0911517651919058,0.20468317630738356,0.09063718725561563
B0018,124,1.3882493512249316,1.8550045207910817,74.83805757157408,19,143,3.462241956955771,2.456436863057259,4.186613091061155,1.7301762280038964,-1.7861513769566686,2.0131578787415245,31.037910219908994,37.88279649093536,2809.234,24.0,0.0637387678424481,0.0911517651919058,0.20468317630738356,0.09063718725561563
B0018,125,1.3701878338420928,1.8550045207910817,73.86439323920165,18,143,3.4555661695067355,2.395547668334432,4.183907160253637,1.7883594919192047,-1.784162084841115,2.0123169807019234,30.967950840538833,37.96027066990377,2791.187,24.0,0.0637387678424481,0.0911517651919058,0.20468317630738356,0.09063718725561563
B0018,126,1.379695166560862,1.8550045207910817,74.37691666500521,17,143,3.458696199585801,2.453674917297921,4.18533882899107,1.7316639116931491,-1.7845257009241222,2.0152254170182307,30.93996203578424,37.880513353762176,2794.016,24.0,0.0652185637943141,0.0903487114950748,0.20657818852898324,0.09183645349549424
B0018,127,1.3686586323935683,1.8550045207910817,73.78195670433692,16,143,3.4525282614097663,2.3062728144586413,4.185280284017658,1.8790074695590167,-1.7920667435100546,2.01421415925087,31.295019295352862,38.43416278222213,2774.719,24.0,0.0652185637943141,0.0903487114950748,0.20657818852898324,0.09183645349549424
B0018,128,1.3627371779096438,1.8550045207910817,73.46274160714678,15,143,3.4552290080443044,2.3471092023857154,4.186281579801858,1.8391723774161428,-1.7827798732717042,2.0128415184323125,31.81846533166901,38.847489737859576,2777.844,24.0,0.0652185637943141,0.0903487114950748,0.20657818852898324,0.09183645349549424
B0018,129,1.3634051133928071,1.8550045207910817,73.49874882306874,14,143,3.4619744219744675,2.4884289104730986,4.185356132672309,1.6969272221992107,-1.7725212915953121,2.014392678620289,32.00067162597675,38.80283421497622,2781.125,24.0,0.0652185637943141,0.0903487114950748,0.20657818852898324,0.09183645349549424
B0018,130,1.3518646035305233,1.8550045207910817,72.87662042753458,13,143,3.452221905520614,2.3992178234155577,4.181406543107895,1.782188719692337,-1.769870119236631,2.012835608795986,31.73992229230571,38.72699121838442,2760.906,24.0,0.0659045596348677,0.0920096535708447,0.21041470679530735,0.09485769068059001
B0018,131,1.3547969729652622,1.8550045207910817,73.03469925709389,12,143,3.4476500494421916,2.278633888650029,4.185252405343103,1.9066185166930745,-1.7884847819526568,2.011864019911752,31.52613649688221,38.67191958148309,2753.25,24.0,0.0660685027151648,0.0889588507439178,0.20773110102579312,0.09155318585253831
B0018,132,1.341051440640485,1.8550045207910817,72.29370201580872,11,143,3.447928507599004,2.365584676338373,4.185763363191996,1.8201786868536232,-1.77774044867741,2.0128686821286053,31.27624493654335,38.371813640118894,2742.843,24.0,0.0660685027151648,0.0889588507439178,0.20773110102579312,0.09155318585253831
B0053,1,1.06914178861943,1.06914178861943,100.0,299,300,3.0828389099409663,1.9808329057464715,4.082016063841389,2.101183158094918,-1.993560711727946,2.0157846600725544,11.988576567861957,19.02185891684059,2349.64,4.0,0.0996980829489472,0.1678926795728959,0.15932469271466393,0.1612250502942319
B0053,2,1.1540727934432229,1.06914178861943,107.9438485828398,298,300,3.1103286425468237,1.9735558560671436,4.178658528567033,2.2051026724998897,-1.9952648424142538,2.0158554217685096,12.059863244911188,18.304754041202315,2560.688,4.0,0.0996980829489472,0.1678926795728959,0.15932469271466393,0.1612250502942319
B0053,3,1.1501525413826983,1.06914178861943,107.57717578955325,297,300,3.1104628288221936,1.9558143264177168,4.192255020207044,2.2364406937893273,-1.9952720113784062,2.015745008559969,11.967885395858058,19.33942752368694,2522.375,4.0,0.0996980829489472,0.1678926795728959,0.15932469271466393,0.1612250502942319
B0053,4,1.1305863853936766,1.06914178861943,105.74709523360688,296,300,3.115027942360279,1.99748310559266,4.192588912486402,2.195105806893742,-1.9947394897780593,2.0158186517663363,11.985900972885712,18.729143210051177,2488.719,4.0,0.0996980829489472,0.1678926795728959,0.15932469271466393,0.1612250502942319
B0053,5,1.121790272357562,1.06914178861943,104.92436871316349,295,300,3.109376043532363,1.974695202836088,4.192849949462827,2.2181547466267393,-1.994716528121975,2.0154879896693143,12.004376962205335,18.709411575172343,2474.844,4.0,0.0996980829489472,0.1678926795728959,0.15932469271466393,0.1612250502942319
B0053,6,1.1135982401443856,1.06914178861943,104.1581436623445,294,300,3.1067532264566258,1.9637397944562875,4.193081087954604,2.229341293498316,-1.994462268339957,2.01514791138818,12.133888437168595,18.63570596513145,2473.875,4.0,0.0996980829489472,0.1678926795728959,0.15932469271466393,0.1612250502942319
B0053,7,1.0864654057095062,1.06914178861943,101.62032924673592,293,300,3.083406677687234,1.944364958852849,4.179165887700054,2.2348009288472053,-1.9944377413009737,2.0165720599153336,12.32708937826574,21.292305794774187,2495.5,4.0,0.0997211625758571,0.1685832323391912,0.1541415426601753,0.16285926325609068
B0053,8,1.0647493568993147,1.06914178861943,99.58916284379949,292,300,3.080580001769896,1.9470490842081751,4.191975122366585,2.2449260381584093,-1.9945357941517972,2.0161080991224587,12.164497494980397,21.01159959420005,2481.078,4.0,0.0997211625758571,0.1685832323391912,0.1541415426601753,0.16285926325609068
B0053,9,1.0809288094959644,1.06914178861943,101.10247499461738,291,300,3.0828198149689934,1.9602813323957715,4.191963518196991,2.23168218580122,-1.9942887474626396,2.0159395612536084,12.128732336863894,20.939938897683515,2460.125,4.0,0.0997211625758571,0.1685832323391912,0.1541415426601753,0.16285926325609068
B0053,10,1.0852752041846463,1.06914178861943,101.50900617083249,290,300,3.095128536447283,1.9605995541160255,4.192155796080977,2.2315562419649515,-1.99423279352749,2.015751416688318,12.245191547318633,19.28383683899809,2440.547,4.0,0.0997211625758571,0.1685832323391912,0.1541415426601753,0.16285926325609068
B0053,11,1.0504799933740894,1.06914178861943,98.25450698457513,289,300,3.078011917190656,1.9595048550370973,4.192319942921637,2.23281508788454,-1.9941297761315324,2.0145490297544875,12.190916714981144,21.101391697483887,2449.922,4.0,0.0997211625758571,0.1685832323391912,0.1541415426601753,0.16285926325609068
B0053,12,1.0853550177054303,1.06914178861943,101.51647136596691,288,300,3.0992512260717127,1.984585820237712,4.178294459840927,2.1937086396032153,-1.993681474074749,2.0175406007257117,12.163073942837917,18.64340722345076,2408.781,4.0,0.1005922423642111,0.1637383357163175,0.11708264877124926,0.1578885257684378
B0053,13,1.0508395690790722,1.06914178861943,98.28813916590133,287,300,3.0759964813859115,1.944670916271544,4.192753069603226,2.2480821533316817,-1.994006147873811,2.0152928005596524,12.292542702117027,21.313677971413888,2442.547,4.0,0.1005922423642111,0.1637383357163175,0.11708264877124926,0.1578885257684378
B0053,14,1.060906788333118,1.06914178861943,99.22975601796037,286,300,3.076814828498021,1.9692766515934297,4.192029518756707,2.222752867163277,-1.9936703356758645,2.016114129246863,12.129527968970198,20.92811979857166,2420.671,4.0,0.1005922423642111,0.1637383357163175,0.11708264877124926,0.1578885257684378
B0053,15,1.070582461063814,1.06914178861943,100.13475036330253,285,300,3.0908348956433267,1.991566826677512,4.192422731350341,2.200855904672829,-1.993640914837378,2.0152155871167707,12.364595355360214,19.930786955410536,2409.906,4.0,0.1005922423642111,0.1637383357163175,0.11708264877124926,0.1578885257684378
B0053,16,1.024036665663697,1.06914178861943,95.78118417633111,284,300,3.0705536079059534,1.9588680902433293,4.192159667005352,2.2332915767620225,-1.9937041845656749,2.0158432646768185,12.128324396717016,21.0220574646762,2416.672,4.0,0.1005922423642111,0.1637383357163175,0.11708264877124926,0.1578885257684378
B0053,17,1.0670957253433857,1.06914178861943,99.80862563807496,283,300,3.087460321440554,1.9836880271317603,4.177933640317498,2.1942456131857377,-1.9931353663259233,2.015297860734077,12.302129277138697,19.091622529647232,2395.75,4.0,0.0994015439552692,0.166904876534016,0.12407025796162383,0.15976484074018693
B0053,18,1.0279237850447498,1.06914178861943,96.1447579719146,282,300,3.0715434654202056,1.968810244689163,4.192397472111982,2.223587227422819,-1.9931266937645042,2.015387641467015,12.366585260617875,21.30570494347084,2410.688,4.0,0.0994015439552692,0.166904876534016,0.12407025796162383,0.15976484074018693
B0053,19,1.0325426399701008,1.06914178861943,96.57677316152899,281,300,3.0648787393041275,1.940239319338743,4.191651190035001,2.2514118706962583,-1.9933351618651365,2.017433515230241,12.13341884254367,21.06885524244432,2402.125,4.0,0.0994015439552692,0.166904876534016,0.12407025796162383,0.15976484074018693
B0053,20,1.055948784653705,1.06914178861943,98.76601924027672,280,300,3.0920593287919123,1.9763616179319543,4.191822005194803,2.2154603872628487,-1.992634824405149,2.016831246534153,12.146814956196247,19.0403826843671,2355.265,4.0,0.0994015439552692,0.166904876534016,0.12407025796162383,0.15976484074018693
B0053,21,1.0445313831308718,1.06914178861943,97.69811583921553,279,300,3.0752264215555254,1.958878972318411,4.192766032434195,2.2338870601157836,-1.9928701313578603,2.0149856192697904,12.493460218119653,21.22988294194384,2396.719,4.0,0.0994015439552692,0.166904876534016,0.12407025796162383,0.15976484074018693
B0053,22,1.035313906812183,1.06914178861943,96.83597796220008,278,300,3.063652287832334,1.9866817453254884,4.151701089360854,2.1650193440353656,-1.9928226279037262,2.0155113891751384,12.212439916474112,20.949809700571592,2442.344,4.0,0.1014664503272224,0.1650786182762299,0.12202726551199722,0.16132879203868494
B0053,23,1.076341053101982,1.06914178861943,100.67336854280555,277,300,3.081738329329653,1.960538225019884,4.177926260298856,2.2173880352789714,-1.992894098916617,2.0152683941461595,12.533800131697806,20.122996890408825,2444.703,4.0,0.1011177165294839,0.1670114106313426,0.11537469218590374,0.1618939363495849
B0053,24,1.0352223140423542,1.06914178861943,96.82741101899349,276,300,3.0712653565298207,1.9904175883780109,4.19142646613203,2.2010088777540187,-1.992442672698046,2.0162575030692795,12.15752125414067,20.906313087706064,2412.25,4.0,0.1011177165294839,0.1670114106313426,0.11537469218590374,0.1618939363495849
B0053,25,1.0514287056908256,1.06914178861943,98.3432428591649,275,300,3.0775076513338275,1.9817745728975944,4.191965715839513,2.2101911429419183,-1.9925886065719591,2.017437032117796,12.500489505201012,21.20076254299653,2403.234,4.0,0.1011177165294839,0.1670114106313426,0.11537469218590374,0.1618939363495849
B0053,26,1.060332934638968,1.06914178861943,99.17608178127273,274,300,3.081721091323029,1.9986378497920827,4.19127356264746,2.1926357128553775,-1.9921660756338,2.014921575124692,12.129752391274424,20.01669492389786,2361.047,4.0,0.1011177165294839,0.1670114106313426,0.11537469218590374,0.1618939363495849
B0053,27,1.0236966462748538,1.06914178861943,95.74938115521057,273,300,3.065618110074437,1.9475532037509715,4.192474641560636,2.2449214378096647,-1.992579022263777,2.0155065877750697,12.4375808996521,21.30088854975241,2392.468,4.0,0.1011177165294839,0.1670114106313426,0.11537469218590374,0.1618939363495849
B0053,28,1.0465884668750889,1.06914178861943,97.89052097818906,272,300,3.078450046499129,1.9971786671898824,4.17716731983324,2.1799886526433574,-1.9922556312887356,2.0152751887801044,12.499986997045514,19.859103950325803,2373.89,4.0,0.1021762818092291,0.1658215071854956,0.14030650387332994,0.16248157073547911
B0053,29,1.0031121684812232,1.06914178861943,93.82405394297886,271,300,3.0625561806089783,1.954304860794578,4.191922035679278,2.2376171748847,-1.9924849523302153,2.0172461252654528,12.407329307373491,21.371062787995548,2383.234,4.0,0.1021762818092291,0.1658215071854956,0.14030650387332994,0.16248157073547911
B0053,30,1.0461578935615607,1.06914178861943,97.85024818012697,270,300,3.070668465167841,1.972812167862101,4.1914917424018325,2.2186795745397316,-1.991918687181604,2.0162327917586262,12.12683073125857,20.121473725568496,2342.453,4.0,0.1021762818092291,0.1658215071854956,0.14030650387332994,0.16248157073547911
B0053,31,1.0156263513525603,1.06914178861943,94.99454255398868,269,300,3.0689252222547845,1.9932654775438805,4.192505197154108,2.1992397196102274,-1.9920764243229472,2.015275118915808,12.488226976946088,21.375504791399432,2359.296,4.0,0.1021762818092291,0.1658215071854956,0.14030650387332994,0.16248157073547911
B0053,32,1.0250054893129452,1.06914178861943,95.87180112345271,268,300,3.059463155886766,1.9677305370734943,4.191388693209469,2.2236581561359747,-1.9916033205160302,2.0163318275424214,12.141455926320956,20.75519907919811,2345.453,4.0,0.1021762818092291,0.1658215071854956,0.14030650387332994,0.16248157073547911
B0053,33,0.9801331625592912,1.06914178861943,91.6747594184795,267,300,3.0515604930870808,1.9646771872417268,4.176817913788527,2.2121407265468003,-1.9918811626801765,2.015461100618231,12.395143910298117,21.495108529574846,2360.172,4.0,0.1019045384887791,0.1710377846083801,0.16438808247592349,0.16332359336671998
B0053,34,1.036777776420363,1.06914178861943,96.9728980249796,266,300,3.077258112412092,1.9842967959422224,4.191203897341503,2.2069071013992807,-1.991620909948196,2.015619248928888,12.19451958922961,19.650976156235696,2315.407,4.0,0.1019045384887791,0.1710377846083801,0.16438808247592349,0.16332359336671998
B0053,35,1.026830062058722,1.06914178861943,96.04245881967212,265,300,3.0764274410465147,1.9519786488395736,4.191950279497998,2.2399716306584248,-1.991691964766,2.0158297917061314,12.32467046038635,18.85601423191303,2322.156,4.0,0.1019045384887791,0.1710377846083801,0.16438808247592349,0.16332359336671998
B0053,36,1.0150379662805102,1.06914178861943,94.93950915446085,264,300,3.0735171627901745,1.9991200294367053,4.191989330112193,2.192869300675488,-1.9916164333598747,2.016194986579563,12.456556362135045,19.66943680638515,2327.1570000000065,4.0,0.1019045384887791,0.1710377846083801,0.16438808247592349,0.16332359336671998
B0053,37,0.9904614739486176,1.06914178861943,92.64079699172441,263,300,3.0586262243104274,1.9919158008530224,4.192193889063254,2.200278088210231,-1.9915769869135742,2.016217922284512,12.493233578273262,21.138845685984403,2335.0,4.0,0.1019045384887791,0.1710377846083801,0.16438808247592349,0.16332359336671998
B0053,38,1.0145765174582757,1.06914178861943,94.89634847856672,262,300,3.0655406838342585,1.94559141180858,4.176984220978375,2.231392809169795,-1.9913283590219126,2.015859431138657,12.497083720348076,19.288047919779903,2329.375,4.0,0.1021725584755827,0.1638124856960519,0.135714311903653,0.15892414518630554
B0053,39,0.9811308944080388,1.06914178861943,91.76808023517266,261,300,3.0545790418645686,1.974560984027517,4.191893131054369,2.217332147026852,-1.991453914785753,2.019579743107578,12.499664099435382,21.3268013324968,2333.875,4.0,0.1021725584755827,0.1638124856960519,0.135714311903653,0.15892414518630554
B0053,40,1.0041687429386437,1.06914178861943,93.92287848324726,260,300,3.050692756091621,1.945088917895143,4.191053526742021,2.2459646088468777,-1.991333341091594,2.016238639458721,12.233147481743185,20.84260661100648,2317.453,4.0,0.1021725584755827,0.1638124856960519,0.135714311903653,0.15892414518630554
B0053,41,1.007820487960787,1.06914178861943,94.2644370174861,259,300,3.0706836502741286,1.9541644750198832,4.191344296215671,2.237179821195787,-1.9909759973896202,2.0172163751638545,12.380002749755878,18.56010936417985,2295.109,4.0,0.1021725584755827,0.1638124856960519,0.135714311903653,0.15892414518630554
B0053,42,0.982454133084564,1.06914178861943,91.89184667014047,258,300,3.051595420919736,1.935548354335742,4.1920711169862885,2.2565227626505466,-1.9908720980814456,2.016287937204292,12.616251645969692,21.59240098021019,2326.657,4.0,0.1021725584755827,0.1638124856960519,0.135714311903653,0.15892414518630554
B0053,43,1.1096775355538029,1.06914178861943,103.7914285425805,257,300,3.072187965091245,1.981406351768184,4.132408076306833,2.1510017245386486,-1.9918802848881905,2.0155258990014104,12.829588969895449,20.679962323191948,2479.297,4.0,0.1004089202755683,0.1667393739054837,0.1344651607119168,0.1644826716966516
B0053,44,1.1136801589914762,1.06914178861943,104.16580577488772,256,300,3.094404341842919,1.9931418060709156,4.175775307137671,2.1826335010667552,-1.9920173318720953,2.015457752881536,12.58985421750493,18.9874805225948,2463.578,4.0,0.1027718376726618,0.1672444723442067,0.1493930213960286,0.1637884224410917
B0053,45,1.0385009100572404,1.06914178861943,97.13406782071854,255,300,3.070776135685358,1.947894370100842,4.19084164853627,2.2429472784354276,-1.9921854505345817,2.0161593144943324,12.499581621225966,21.621996984314368,2458.812,4.0,0.1027718376726618,0.1672444723442067,0.1493930213960286,0.1637884224410917
B0053,46,1.0768815902180078,1.06914178861943,100.72392658120417,254,300,3.093317588803282,1.9856387948209864,4.19061444729718,2.204975652476193,-1.9915614937804331,2.0159544884457428,12.55044884575378,18.973652680872625,2400.672,4.0,0.1027718376726618,0.1672444723442067,0.1493930213960286,0.1637884224410917
B0053,47,1.0721705505837382,1.06914178861943,100.28328908256586,253,300,3.0749380759068083,1.949232767477218,4.191036582578031,2.2418038151008126,-1.9913636586660957,2.015999719716144,12.432369953422185,20.978900321002104,2396.407,4.0,0.1027718376726618,0.1672444723442067,0.1493930213960286,0.1637884224410917
B0053,48,1.0124588999851116,1.06914178861943,94.69828144052694,252,300,3.0677280268889113,1.971670057823583,4.190677216614621,2.2190071587910385,-1.9913026171829147,2.016625929850398,12.51661002939304,21.79016577987201,2392.375,4.0,0.1027718376726618,0.1672444723442067,0.1493930213960286,0.1637884224410917
B0053,49,1.0279944857549583,1.06914178861943,96.15137081886914,251,300,3.0638438118587557,1.9947630114629613,4.174970264553197,2.180207253090236,-1.990880837032101,2.015107043691624,12.386978430486096,21.259687238039497,2373.687,4.0,0.1014554230700909,0.1711389079529937,0.12872167222776032,0.1613947116685519
B0053,50,1.0304147279049998,1.06914178861943,96.37774323979627,250,300,3.069633671738992,1.93495405419616,4.191223425605613,2.256269371409453,-1.99127383323294,2.01589697281402,12.86442209459833,22.11367611975276,2385.922,4.0,0.1014554230700909,0.1711389079529937,0.12872167222776032,0.1613947116685519
B0053,51,1.0556163273995052,1.06914178861943,98.73492352802053,249,300,3.0774703956362286,1.9626921591466933,4.1907916530158085,2.228099493869115,-1.9908555652032598,2.015193789051477,12.452887134609785,20.51266351352416,2345.0,4.0,0.1014554230700909,0.1711389079529937,0.12872167222776032,0.1613947116685519
B0053,52,1.0011115418162628,1.06914178861943,93.63692940194454,248,300,3.065650898720959,1.965011869626919,4.191391388470691,2.2263795188437716,-1.9910466332112344,2.015263550837058,12.717167506079072,21.838243278861643,2363.047000000006,4.0,0.1014554230700909,0.1711389079529937,0.12872167222776032,0.1613947116685519
B0053,53,1.0466839215498662,1.06914178861943,97.89944913681062,247,300,3.087680483774557,1.998288646492444,4.1908069648629,2.192518318370456,-1.9904913026405957,2.0167120885262446,12.479976931874727,19.19841243068418,2316.687,4.0,0.1014554230700909,0.1711389079529937,0.12872167222776032,0.1613947116685519
B0053,54,1.047181656018543,1.06914178861943,97.94600371675267,246,300,3.080080108538352,1.987337089818558,4.176075101120923,2.188738011302365,-1.9901940926688606,2.015138320039454,12.53086381740867,19.94793881732045,2322.0,4.0,0.1019507489324868,0.1658850218902032,0.13327751375172242,0.15898276541478995
B0053,55,1.0102740078425778,1.06914178861943,94.49392200328569,245,300,3.0638130274525714,1.9333820178355812,4.1919833117809935,2.2586012939454125,-1.9906079852392542,2.017603787583275,12.900294389057347,22.11167709201849,2357.687,4.0,0.1019507489324868,0.1658850218902032,0.13327751375172242,0.15898276541478995
B0054,1,0.7399351039859233,0.7399351039859233,100.0,151,152,3.224017445984581,2.1808531235872497,3.849482783980402,1.6686296603931523,-1.1710330967045812,2.014141944601924,12.46348139823978,19.2224107892251,2660.313,4.0,0.1021829807494312,0.2042419605630439,0.30735565484378236,0.1961864401120586
B0054,2,1.1665440238116096,0.7399351039859233,157.65491021139636,150,152,3.250620648698839,2.1857283549042807,4.150169673638684,1.9644413187344036,-1.6489958041029575,2.01461726969032,13.22908734445715,19.13350840101625,2826.0,4.0,0.1021829807494312,0.2042419605630439,0.30735565484378236,0.1961864401120586
B0054,3,1.1052521456138635,0.7399351039859233,149.37149753539603,149,152,3.3125509639490387,2.191704472328808,4.18097797086454,1.989273498535732,-1.5571513787964162,2.0143625410829222,12.767949622305693,19.246439328077983,2818.578,4.0,0.1021829807494312,0.2042419605630439,0.30735565484378236,0.1961864401120586
B0054,4,1.0960302257185877,0.7399351039859233,148.12518284568895,148,152,3.014547209987882,2.194436684364802,4.183817862511293,1.9893811781464907,-1.997470366256859,2.0147009133139475,14.48548355867213,25.274344894624623,2713.812,4.0,0.1021829807494312,0.2042419605630439,0.30735565484378236,0.1961864401120586
B0054,5,1.0754450685609742,0.7399351039859233,145.34316087555615,147,152,3.362083204238267,2.1744802077788186,4.179551945393369,2.0050717376145504,-1.4975619564128648,2.0151107748835604,12.21069483610014,17.912726519981458,2786.578,4.0,0.1021829807494312,0.2042419605630439,0.30735565484378236,0.1961864401120586
B0054,6,1.0655493528023796,0.7399351039859233,144.0057847049585,146,152,3.01935322902276,2.1991956579298835,4.186221002348923,1.987025344419039,-1.9970237894724439,2.0153415190841444,14.382852820878863,25.399130245059563,2667.89,4.0,0.1021829807494312,0.2042419605630439,0.30735565484378236,0.1961864401120586
B0054,7,1.0568368579972396,0.7399351039859233,142.82831728136864,145,152,3.2949076790535123,2.195382286735059,4.162967318861197,1.967585032126138,-1.6640786232847222,2.0145865502939007,12.646539321462496,19.95849572800336,2530.172,4.0,0.102854712109143,0.1997236891249834,0.2930878711543818,0.19243952775695475
B0054,8,1.0449064445364842,0.7399351039859233,141.21595784653604,144,152,3.099558518903638,2.186961493066742,4.186119302404479,1.9991578093377371,-1.9715817292939632,2.0144164466227608,13.501798463127008,22.3455512044548,2446.062,4.0,0.102854712109143,0.1997236891249834,0.2930878711543818,0.19243952775695475
B0054,9,1.0458363976936966,0.7399351039859233,141.34163821393625,143,152,3.344320754921095,2.1792899341144296,4.183685207894235,2.004395273779805,-1.5296202376253885,2.014507087829109,12.310686417130766,18.346440665576743,2713.25,4.0,0.102854712109143,0.1997236891249834,0.2930878711543818,0.19243952775695475
B0054,10,1.018187920878015,0.7399351039859233,137.60502987264476,142,152,3.3393968492515325,2.1960491387884744,4.186682919177322,1.9906337803888476,-1.5281296055710467,2.015019913901801,12.449589157423155,19.776786565302107,2676.578,4.0,0.102854712109143,0.1997236891249834,0.2930878711543818,0.19243952775695475
B0054,11,1.0226409233672231,0.7399351039859233,138.20683974289156,141,152,3.1066787302612444,2.1942476804372792,4.187137846103755,1.9928901656664757,-1.9701082949463855,2.014966759457277,13.39260571620204,22.520284175103843,2394.734,4.0,0.102854712109143,0.1997236891249834,0.2930878711543818,0.19243952775695475
B0054,12,1.03890961861509,0.7399351039859233,140.40550489071734,140,152,3.3713317734388912,2.1907481286563577,4.170757473231068,1.98000934457471,-1.5000378935218985,2.014728010762573,12.045245019281868,17.54568061289479,2673.0,4.0,0.1002124676480816,0.1861929896982551,0.17419767266781094,0.1780313623227173
B0054,13,1.0173250354350074,0.7399351039859233,137.4884135047553,139,152,3.1171442968796907,2.185877354823723,4.18733783943504,2.001460484611317,-1.8653555811837863,2.014368961045537,14.027143186292392,22.730114882559054,2619.578,4.0,0.1002124676480816,0.1861929896982551,0.17419767266781094,0.1780313623227173
B0054,14,1.033183911994548,0.7399351039859233,139.6316928915706,138,152,3.3723181530355464,2.18549830376202,4.183271363053432,1.9977730592914122,-1.5115018139952765,2.014355748891674,11.986987916312621,17.24230903543893,2640.016,4.0,0.1002124676480816,0.1861929896982551,0.17419767266781094,0.1780313623227173
B0054,15,1.0095232119739597,0.7399351039859233,136.4340205696154,137,152,3.3752367769573675,2.169486415611112,4.187176348907268,2.017689933296156,-1.497824274090196,2.0146806054764226,11.961246010798936,17.67282228813571,2621.187,4.0,0.1002124676480816,0.1861929896982551,0.17419767266781094,0.1780313623227173
B0054,16,0.9862483259626476,0.7399351039859233,133.28848984861924,136,152,3.0680241783485127,2.1991609285274296,4.187497017349983,1.9883360888225536,-1.9179494962272425,2.0150473398447923,14.303923037098802,24.83365687277193,2616.453,4.0,0.1002124676480816,0.1861929896982551,0.17419767266781094,0.1780313623227173
B0054,17,1.0080048320000436,0.7399351039859233,136.22881609077166,135,152,3.080029423131606,2.16946894247905,4.167864162415893,1.9983952199368429,-1.9314917930639428,2.014525320811098,14.014570142346548,23.814869897999767,2565.109,4.0,0.0988695675377842,0.1843720630784329,0.1640431625076071,0.175924635339329
B0054,18,1.0153387761254196,0.7399351039859233,137.2199765433396,134,152,3.0995001166042586,2.189366386338004,4.182759232638332,1.9933928463003276,-1.92048742497431,2.0146338064826703,13.82742179742786,23.28615802177016,2532.531,4.0,0.0988695675377842,0.1843720630784329,0.1640431625076071,0.175924635339329
B0054,19,1.0106786853355956,0.7399351039859233,136.59017931318783,133,152,3.135117188240346,2.1938108499397133,4.183401065560466,1.989590215620753,-1.849612166299431,2.0145545734774464,13.793181239419976,22.857688282463823,2556.593,4.0,0.0988695675377842,0.1843720630784329,0.1640431625076071,0.175924635339329
B0054,20,1.010409656585336,0.7399351039859233,136.55382088812996,132,152,3.361825569933971,2.195354018162212,4.174098618023754,1.9787445998615416,-1.525824007413269,2.015071938818325,12.006556818172502,17.0744400013979,2577.891,4.0,0.0988695675377842,0.1843720630784329,0.1640431625076071,0.175924635339329
B0054,21,0.9801433323963482,0.7399351039859233,132.46341836148306,131,152,3.069748420550782,2.1757051329882087,4.187244537540539,2.0115394045523303,-1.9223708469458909,2.015121108029787,14.223331420666247,25.034160636506623,2572.36,4.0,0.0988695675377842,0.1843720630784329,0.1640431625076071,0.175924635339329
B0054,22,1.1016641723624383,0.7399351039859233,148.88659376044367,130,152,3.0996476610968013,2.1816843710356264,4.149611746563943,1.9679273755283169,-1.9101165488009806,2.013901151718406,13.816713741617784,23.82931377080337,2697.75,4.0,0.099535479298496,0.1790995248854611,0.10700180577441812,0.17455702298570955
B0054,23,1.0826512239001271,0.7399351039859233,146.3170510586728,129,152,3.3276361450033405,2.1869057073992466,4.167185143906847,1.9802794365076006,-1.6020144332363573,2.016096569932816,12.297445133045807,18.148295901779747,2683.406,4.0,0.1002072988544413,0.1733031405960384,0.06598627562545492,0.16765363437130879
B0054,24,1.0575008387868343,0.7399351039859233,142.91805228461664,128,152,3.0908876531781067,2.1798631989492883,4.186239596060815,2.006376397111527,-1.9236868575194104,2.01701234819005,13.917709213674303,24.24050410772348,2646.156,4.0,0.1002072988544413,0.1733031405960384,0.06598627562545492,0.16765363437130879
B0054,25,1.0385517331615322,0.7399351039859233,140.35713774991945,127,152,3.1255606087732573,2.1957368370641035,4.183562459488766,1.9878256224246629,-1.8803961080701523,2.01436163651519,13.738247646589583,22.93935470684112,2593.531,4.0,0.1002072988544413,0.1733031405960384,0.06598627562545492,0.16765363437130879
B0054,26,1.0073294901291132,0.7399351039859233,136.13754567161024,126,152,3.0910099520509644,2.197272162359153,4.183469543197807,1.9861973808386542,-1.905113543140002,2.014438424073582,14.021036742212438,24.77112444800467,2604.125,4.0,0.1002072988544413,0.1733031405960384,0.06598627562545492,0.16765363437130879
B0054,27,1.0160400308540347,0.7399351039859233,137.3147490071459,125,152,3.371121145966289,2.186991625035034,4.182803471091083,1.9958118460560494,-1.5218810456368534,2.014431202432039,11.909908874752377,17.39258920543283,2588.594,4.0,0.1002072988544413,0.1733031405960384,0.06598627562545492,0.16765363437130879
B0054,28,1.0158319636440951,0.7399351039859233,137.28662935059512,124,152,3.3382772643772527,2.1839945875783817,4.177543051799468,1.9935484642210861,-1.5596078514903517,2.013986354296884,12.313622257322168,18.305747733025576,2579.203,4.0,0.1003655046370946,0.1714604399333128,0.046607477308272326,0.16824494859339123
B0054,29,1.0015383803216271,0.7399351039859233,135.35489462879715,123,152,3.275227014636782,2.1974155139704856,4.18745666665725,1.9900411526867647,-1.6471246950174097,2.014668185258512,12.835536006037291,19.849601783840107,2555.453,4.0,0.1003655046370946,0.1714604399333128,0.046607477308272326,0.16824494859339123
B0054,30,0.981248861591824,0.7399351039859233,132.61282730147258,122,152,3.08264025202744,2.1944796571193828,4.187380122640154,1.9929004655207714,-1.9257089452541614,2.014862616769552,14.025334270032486,23.697887384213885,2525.609,4.0,0.1003655046370946,0.1714604399333128,0.046607477308272326,0.16824494859339123
B0054,31,0.9987416030110134,0.7399351039859233,134.97691860150127,121,152,3.3354691487943056,2.19582689132158,4.183314724424282,1.9874878331027017,-1.5632544144584157,2.014853256042905,12.206393799822907,17.639370990163055,2536.172,4.0,0.1003655046370946,0.1714604399333128,0.046607477308272326,0.16824494859339123
B0054,32,0.9584014230949642,0.7399351039859233,129.52506482422507,120,152,3.0695623236052407,2.180729125655269,4.187279483525102,2.0065503578698327,-1.9167231691178084,2.0149047097695103,14.157912343382948,24.85575941323945,2536.204,4.0,0.1003655046370946,0.1714604399333128,0.046607477308272326,0.16824494859339123
B0054,33,0.9800846133894624,0.7399351039859233,132.4554826646132,119,152,3.1084291827280213,2.198606902338691,4.168586129733135,1.9699792273944436,-1.8791583665297855,2.014435259110157,13.877029644763786,22.63357359621721,2488.86,4.0,0.097951483681631,0.1704338915833084,0.060132603069881774,0.16514542234170937
B0054,34,0.9720372198962766,0.7399351039859233,131.36790167949226,118,152,3.3581509225423294,2.178492152794792,4.183747098480424,2.0052549456856323,-1.5204721015245712,2.014355978821028,12.000734280236426,18.24210090664387,2518.547,4.0,0.097951483681631,0.1704338915833084,0.060132603069881774,0.16514542234170937
B0054,35,0.9693202807518412,0.7399351039859233,131.000715539816,117,152,3.1056894645085027,2.1931605321338634,4.187523274109238,1.9943627419753747,-1.8782588716032265,2.0147034101308976,13.961422230756657,23.459587106388877,2485.766,4.0,0.097951483681631,0.1704338915833084,0.060132603069881774,0.16514542234170937
B0054,36,0.9479786388506264,0.7399351039859233,128.11645693575053,116,152,3.076065545012625,2.1971158447610275,4.184269535257578,1.9871536904965508,-1.89639216401358,2.0139210824745613,14.14108020855593,24.87318926454243,2506.718,4.0,0.097951483681631,0.1704338915833084,0.060132603069881774,0.16514542234170937
B0054,37,0.9638519569071228,0.7399351039859233,130.26168804736952,115,152,3.121042954980712,2.192446180613871,4.183868392040906,1.991422211427035,-1.8576897659318123,2.014478855847645,13.857077682108361,22.57895105031832,2459.297,4.0,0.097951483681631,0.1704338915833084,0.060132603069881774,0.16514542234170937
B0054,38,0.9682336695484696,0.7399351039859233,130.85386330946253,114,152,3.330025768269621,2.1750045839249057,4.169539487587025,1.9945349036621196,-1.5518869076190895,2.0139737933023243,12.299989669041157,18.155876160419844,2488.734,4.0,0.0997830605676292,0.1703492697554137,0.04144660156071564,0.1634500318186546
B0054,39,0.9407020864603765,0.7399351039859233,127.13305280327293,113,152,3.067009596769174,2.1906356157422464,4.18749739820457,1.9968617824623238,-1.9124622855946998,2.014431483451508,14.212120623239777,24.745737558953422,2491.375,4.0,0.0997830605676292,0.1703492697554137,0.04144660156071564,0.1634500318186546
B0054,40,0.9618442077038964,0.7399351039859233,129.99034679157413,112,152,3.224323331222822,2.1969226044699126,4.183674115350642,1.9867515108807292,-1.7011264817066785,2.018377681782796,13.232401754114171,20.864500972462256,2467.328,4.0,0.0997830605676292,0.1703492697554137,0.04144660156071564,0.1634500318186546
B0054,41,0.9332340144199704,0.7399351039859233,126.1237653670942,111,152,3.348287536831091,2.188259141429684,4.185924206625423,1.9976650651957395,-1.5163049342863169,2.0139931249992817,12.098481296366476,18.59367691804772,2466.125,4.0,0.0997830605676292,0.1703492697554137,0.04144660156071564,0.1634500318186546
B0054,42,0.9313454737145216,0.7399351039859233,125.86853478061771,110,152,3.0573024563037245,2.1682818867328626,4.187821519147336,2.0195396324144737,-1.9284095076756849,2.014238765879417,14.31610663580659,24.597212846034733,2459.312999999994,4.0,0.0997830605676292,0.1703492697554137,0.04144660156071564,0.1634500318186546
B0054,43,0.9976429099116704,0.7399351039859233,134.82843353930804,109,152,3.076951013118892,2.187733999755357,4.145501189988608,1.9577671902332514,-1.8954338677218163,2.014308805131467,14.083550544682673,24.13178710047615,2559.125,4.0,0.1004782991647128,0.1697944554311515,0.04056329586217933,0.1608861443050203
B0054,44,0.9833315262972036,0.7399351039859233,132.8942931616758,108,152,3.085795975435223,2.158914847324055,4.168037433999008,2.009122586674953,-1.9122439737900219,2.0138438441231696,14.07160712441505,23.612194914633054,2534.156,4.0,0.0997641395277223,0.1715958734375487,0.039227383678397315,0.16310535975141577
B0054,45,0.9904370062777442,0.7399351039859233,133.85457737339442,107,152,3.3302769619097354,2.1913469960772693,4.182894970276525,1.9915479741992557,-1.5658732171156964,2.0139333922350606,12.23792511997238,18.35582339692624,2521.985,4.0,0.0997641395277223,0.1715958734375487,0.039227383678397315,0.16310535975141577
B0054,46,0.9499871340436294,0.7399351039859233,128.38789900981672,106,152,3.071754770434524,2.1887585386046826,4.187269403966888,1.9985108653622055,-1.9198544645109012,2.014466237816939,14.182674582038874,24.73342335069987,2503.172,4.0,0.0997641395277223,0.1715958734375487,0.039227383678397315,0.16310535975141577
B0054,47,0.9526027840900876,0.7399351039859233,128.74139623306885,105,152,3.0794678744671966,2.198239401427243,4.183666770470569,1.9854273690433257,-1.9091163760160397,2.0139589410587826,14.10332308130901,24.172566338551658,2474.344,4.0,0.0997641395277223,0.1715958734375487,0.039227383678397315,0.16310535975141577
B0054,48,0.8850175175465715,0.7399351039859233,119.60745108308961,104,152,3.0669938746662084,2.1796805503092664,4.071079307477162,1.8913987571678956,-1.8522071985944888,2.0140304829398645,14.073408640034845,23.99040081449467,2349.64,4.0,0.0997641395277223,0.1715958734375487,0.039227383678397315,0.16310535975141577
B0054,49,0.9937402750241768,0.7399351039859233,134.3010041922652,103,152,3.092460830981556,2.1687268442761383,4.166737300664872,1.9980104563887338,-1.9078833192347389,2.014601101608025,14.081056672524559,23.497913584081875,2560.688,4.0,0.0989229768738694,0.168829062677494,0.020432605739768323,0.16415654836042176
B0054,50,0.995507330519279,0.7399351039859233,134.53981641857848,102,152,3.1098726595442607,2.191725388766709,4.182736373587939,1.9910109848212296,-1.8886275942243518,2.0140748044967807,13.882912785076055,22.413638355604547,2522.375,4.0,0.0989229768738694,0.168829062677494,0.020432605739768323,0.16415654836042176
B0054,51,0.975407870968116,0.7399351039859233,131.82343501662984,101,152,3.0916929425969144,2.16190489413124,4.183619389994964,2.0217144958637236,-1.9132216217910722,2.014119788854084,13.976909425974554,23.276288269463745,2488.719,4.0,0.0989229768738694,0.168829062677494,0.020432605739768323,0.16415654836042176
B0054,52,0.965960558373922,0.7399351039859233,130.54665918273537,100,152,3.092077800709679,2.1867699716569766,4.18340061507743,1.996630643420453,-1.903346510749379,2.0142173050860928,14.001484389915577,23.166415774259068,2474.844,4.0,0.0989229768738694,0.168829062677494,0.020432605739768323,0.16415654836042176
B0054,53,0.9573702621688754,0.7399351039859233,129.3857065317837,99,152,3.0868228519569625,2.198752976514828,4.183750141327261,1.984997164812433,-1.9027928791898274,2.015149324108691,14.093605062402071,23.915519230311656,2473.875,4.0,0.0989229768738694,0.168829062677494,0.020432605739768323,0.16415654836042176
B0054,54,0.9294756591964932,0.7399351039859233,125.61583498195212,98,152,3.072604933827402,2.166553275090901,4.16720818599326,2.0006549109023593,-1.8852058718255222,2.0142477748570418,14.300275862318225,24.7714915843067,2495.5,4.0,0.0984956031734981,0.1691662113327465,0.040094592101281995,0.16122747357564393
B0054,55,0.9323553879823946,0.7399351039859233,126.00502165121388,97,152,3.076772656394079,2.197414602671961,4.183066668693598,1.9856520660216366,-1.8841642253203457,2.01446153517772,14.124062472619881,24.68396453173386,2481.078,4.0,0.0984956031734981,0.1691662113327465,0.040094592101281995,0.16122747357564393
B0054,56,0.954568378404969,0.7399351039859233,129.00704038271022,96,152,3.2911829197288838,2.1984537160355733,4.182465009412686,1.984011293377113,-1.6061202048940721,2.0143094298980317,12.64526098166937,19.020363167421827,2460.125,4.0,0.0984956031734981,0.1691662113327465,0.040094592101281995,0.16122747357564393
B0054,57,0.9330242104372936,0.7399351039859233,126.09541099094056,95,152,3.0675140530182183,2.1699490089903373,4.186729661376772,2.0167806523864344,-1.9185686957922585,2.016093932087486,14.223331638985794,24.13873479197664,2440.547,4.0,0.0984956031734981,0.1691662113327465,0.040094592101281995,0.16122747357564393
B0054,58,0.923294184000959,0.7399351039859233,124.7804272330515,94,152,3.0671371599201427,2.176887912375456,4.183427098166605,2.0065391857911488,-1.8904802137424437,2.014278751068411,14.139185148296136,24.81564122138252,2449.922,4.0,0.0984956031734981,0.1691662113327465,0.040094592101281995,0.16122747357564393
B0054,59,0.9257799164262976,0.7399351039859233,125.11636648122995,93,152,3.078813614886158,2.1883883016985664,4.166698332057613,1.9783100303590464,-1.8976415345909174,2.015356074543067,14.087390371698557,23.24485824164149,2408.781,4.0,0.1006867621906256,0.1661251478552214,0.013755584222619133,0.16032686933685314
B0054,60,0.9162765793280084,0.7399351039859233,123.83201910439972,92,152,3.066888936059056,2.170115376243027,4.184004022833215,2.013888646590188,-1.8894343368968853,2.0143329905022145,14.202958247128624,24.86373425921068,2442.547,4.0,0.1006867621906256,0.1661251478552214,0.013755584222619133,0.16032686933685314
B0054,61,0.9387011679112468,0.7399351039859233,126.86263468979908,91,152,3.2822748078833337,2.1966197167856167,4.182970368325371,1.9863506515397544,-1.611671218418306,2.0139655039502675,12.672879944135305,19.187532398616906,2420.671,4.0,0.1006867621906256,0.1661251478552214,0.013755584222619133,0.16032686933685314
B0054,62,0.9158990586877171,0.7399351039859233,123.78099832727241,90,152,3.06323475400009,2.1844861596911245,4.186946857158577,2.0024606974674524,-1.915975846751273,2.0144164428749267,14.267116889972154,24.608575630578702,2409.906,4.0,0.1006867621906256,0.1661251478552214,0.013755584222619133,0.16032686933685314
B0054,63,0.9202608990433788,0.7399351039859233,124.37048790982703,89,152,3.3294345220814243,2.1969048206503072,4.182782183216822,1.9858773625665145,-1.5310760587444987,2.0139993110110943,12.173995572424571,18.813867999485478,2416.672,4.0,0.1006867621906256,0.1661251478552214,0.013755584222619133,0.16032686933685314
B0054,64,0.9111253917360888,0.7399351039859233,123.13585162103922,88,152,3.059197039764698,2.189593119391126,4.175798948316686,1.9862058289255597,-1.9239678603051145,2.014122151363509,14.240824503948053,23.94925053538712,2395.75,4.0,0.0981573763469847,0.16994470179099,0.02801523118158475,0.1642211884960038
B0054,65,0.8980507043695345,0.7399351039859233,121.36884701534842,87,152,3.0606951230963726,2.1801159908061365,4.183432164471636,2.0033161736654996,-1.8954445735817307,2.0146239260917764,14.275292993104369,24.82147170162433,2410.688,4.0,0.0981573763469847,0.16994470179099,0.02801523118158475,0.1642211884960038
B0054,66,0.9278864624016372,0.7399351039859233,125.40105982311789,86,152,3.3096645129465334,2.1883204645817864,4.182464884390648,1.9941444198088618,-1.562794930544311,2.0143268562937324,12.319879487331049,18.57811741414672,2402.125,4.0,0.0981573763469847,0.16994470179099,0.02801523118158475,0.1642211884960038
B0054,67,0.9118415396987224,0.7399351039859233,123.23263686055223,85,152,3.068838395977353,2.176027126654838,4.187190771734197,2.0111636450793586,-1.9221081343667143,2.015447318773766,14.017340985088923,22.523812738647745,2355.265,4.0,0.0981573763469847,0.16994470179099,0.02801523118158475,0.1642211884960038
B0054,68,0.8936491649329469,0.7399351039859233,120.77399222161351,84,152,3.0642577232510537,2.192431157609426,4.184124653963867,1.9916934963544408,-1.8937037642157029,2.016007641646079,14.309673058312118,24.88527095803529,2396.719,4.0,0.0981573763469847,0.16994470179099,0.02801523118158475,0.1642211884960038
B0054,69,0.9100864492604256,0.7399351039859233,122.99544167561744,83,152,3.05089172896046,2.165885100454371,4.1396795894908935,1.9737944890365227,-1.8756620997311104,2.013710590988413,14.20580721645281,24.49535100296176,2442.344,4.0,0.0981257322796142,0.1710592571950133,0.008895185204091369,0.15924038776473187
B0054,70,0.911490473146094,0.7399351039859233,123.18519127367071,82,152,3.0723870805326334,2.1973597496316057,4.166798038044882,1.9694382884132762,-1.8854776045140642,2.014086384956398,14.343325580342825,24.79248513927076,2444.703,4.0,0.0987775669980443,0.1697917393389899,0.030752882257454373,0.15991449441568495
B0054,71,0.9337172811638196,0.7399351039859233,126.1890774115216,81,152,3.292510597456584,2.1972629267290893,4.182556356872751,1.9852934301436616,-1.589261111842247,2.013579783626152,12.52113276136492,19.41886177632084,2412.25,4.0,0.0987775669980443,0.1697917393389899,0.030752882257454373,0.15991449441568495
B0054,72,0.8981517756068776,0.7399351039859233,121.38250648856419,80,152,3.0615420925064947,2.198752877987022,4.18680349899093,1.9880506210039077,-1.9122401856096214,2.0145269757019744,14.320010513448283,24.843161021240142,2403.234,4.0,0.0987775669980443,0.1697917393389899,0.030752882257454373,0.15991449441568495
B0054,73,0.9139367135371254,0.7399351039859233,123.51579329239559,79,152,3.104814009888728,2.198603650230703,4.184455817920845,1.9858521676901417,-1.8597568424209725,2.013833114751838,13.817833063271001,22.81807409211731,2361.047,4.0,0.0987775669980443,0.1697917393389899,0.030752882257454373,0.15991449441568495
B0054,74,0.8764848617154279,0.7399351039859233,118.45428835500991,78,152,3.0591573873230504,2.1805571893421827,4.184079696303244,2.0035225069610614,-1.891396177801322,2.0142375375887425,14.23049295284562,24.58129890321389,2392.468,4.0,0.0987775669980443,0.1697917393389899,0.030752882257454373,0.15991449441568495
B0054,75,0.8854917958581964,0.7399351039859233,119.67154836798257,77,152,3.0574972660409525,2.174201624293327,4.166279880071051,1.9920782557777241,-1.9002601186022197,2.014518531839137,14.343710795679344,24.65462709285521,2373.89,4.0,0.099380707134329,0.1638399860745152,0.00031141928498000515,0.15995744580917282
B0054,76,0.8819074622846708,0.7399351039859233,119.1871364845326,76,152,3.0567448490556264,2.1705705059131044,4.183737744816785,2.0131672389036805,-1.890256821336201,2.014683733517366,14.146643227132303,24.667711168999983,2383.234,4.0,0.099380707134329,0.1638399860745152,0.00031141928498000515,0.15995744580917282
B0054,77,0.9045809105944796,0.7399351039859233,122.25138471220424,75,152,3.151370552126675,2.196118065671102,4.18293565751089,1.9868175918397877,-1.7845839996739221,2.0176843567914893,13.55224741011707,21.67226159753115,2342.453,4.0,0.099380707134329,0.1638399860745152,0.00031141928498000515,0.15995744580917282
B0054,78,0.8734606349455996,0.7399351039859233,118.04557321856923,74,152,3.056163933839863,2.184361072149743,4.18457456922587,2.0002134970761265,-1.8986075226465784,2.01440809078633,14.28080189135689,24.96144413226689,2359.296,4.0,0.099380707134329,0.1638399860745152,0.00031141928498000515,0.15995744580917282
B0054,79,0.903131190986828,0.7399351039859233,122.0554594749987,73,152,3.236611432340167,2.193007424689509,4.1835244239011375,1.9905169992116285,-1.6591500079295531,2.01555396881296,12.92628985289928,19.86209455847644,2345.453,4.0,0.099380707134329,0.1638399860745152,0.00031141928498000515,0.15995744580917282
B0054,80,0.8712217754060124,0.7399351039859233,117.74299809711242,72,152,3.0377786371686537,2.168539148301184,4.171664411266561,2.003125262965377,-1.9081461941354183,2.0138149794596263,14.22945813956484,24.813991518744384,2360.172,4.0,0.0997875649797947,0.1698819240460445,0.03338627524138249,0.16202811439138354
B0054,81,0.8936499043476617,0.7399351039859233,120.77409215128448,71,152,3.096631349811912,2.1987726546793334,4.183480212813237,1.9847075581339033,-1.8642154954714256,2.0144066602582416,13.889055949262897,22.3422759308799,2315.407,4.0,0.0997875649797947,0.1698819240460445,0.03338627524138249,0.16202811439138354
B0054,82,0.8835064014687892,0.7399351039859233,119.40322829792345,70,152,3.0611426143701355,2.1680465237840907,4.183649118386083,2.0156025946019924,-1.9063318856890261,2.0144189721619354,14.09831645395676,23.389616432610406,2322.156,4.0,0.0997875649797947,0.1698819240460445,0.03338627524138249,0.16202811439138354
B0054,83,0.8779403705367915,0.7399351039859233,118.65099598700668,69,152,3.0558445282697995,2.1849035687167166,4.183468521205082,1.9985649524883655,-1.9062132651550836,2.0141152321395848,14.205610727972747,24.437246414395887,2327.1570000000065,4.0,0.0997875649797947,0.1698819240460445,0.03338627524138249,0.16202811439138354
B0054,84,0.8599389109365094,0.7399351039859233,116.21815295748816,68,152,3.0499483326806858,2.1788266272471644,4.183632733146927,2.004806105899763,-1.8957242503552245,2.0141663967491747,14.199988460708054,24.61732308170388,2335.0,4.0,0.0997875649797947,0.1698819240460445,0.03338627524138249,0.16202811439138354
B0054,85,0.8697358119609565,0.7399351039859233,117.54217461447843,67,152,3.0516041952252326,2.173598497548058,4.165207327973796,1.9916088304257382,-1.8948015430442458,2.0132527178328865,14.288204303284642,24.271941214408503,2329.375,4.0,0.0998076165369776,0.167319969850756,0.011433657457484203,0.15760014971189057
B0054,86,0.8638271814812677,0.7399351039859233,116.74364100688773,66,152,3.0472454916360254,2.171024131749843,4.183812225950738,2.0127880942008947,-1.8950958802980535,2.0141620392272914,14.208858242752529,24.804728027574093,2333.875,4.0,0.0998076165369776,0.167319969850756,0.011433657457484203,0.15760014971189057
B0054,87,0.8865694537789144,0.7399351039859233,119.81719058916018,65,152,3.231306720712414,2.193241046616703,4.183143233797935,1.9899021871812321,-1.6587879730372208,2.0142693231407978,12.936183613815922,19.87934804833635,2317.453,4.0,0.0998076165369776,0.167319969850756,0.011433657457484203,0.15760014971189057
B0054,88,0.8690078572313327,0.7399351039859233,117.44379372597855,64,152,3.0561992011444175,2.1928820402300686,4.185938542114043,1.993056501883974,-1.9142507746667623,2.0151269835079497,14.08418288760077,23.51552492010551,2295.109,4.0,0.0998076165369776,0.167319969850756,0.011433657457484203,0.15760014971189057
B0054,89,0.8474446088377652,0.7399351039859233,114.52958567213581,63,152,3.049101236395701,2.1802092140590776,4.18432308250829,2.0041138684492124,-1.891201590561377,2.0142021506611645,14.275903069670573,24.913142338885027,2326.657,4.0,0.0998076165369776,0.167319969850756,0.011433657457484203,0.15760014971189057
B0054,90,0.8799727721580702,0.7399351039859233,118.92566894282812,62,152,3.059261895423349,2.1788337133933458,4.1182630057067415,1.9394292923133958,-1.8398920804939838,2.014661709338553,14.30665353308513,23.80380834532953,2479.297,4.0,0.0988196922135409,0.1684658768866979,0.0016941158227565117,0.15858066895169365
B0054,91,0.9110444582768508,0.7399351039859233,123.12491370786249,61,152,3.0704875641057296,2.1830841723157457,4.164907528561344,1.9818233562455987,-1.8791742872877957,2.013850378393117,13.97058204189835,23.08245417914552,2463.578,4.0,0.0990634062872626,0.1669401768666011,0.008602234348228363,0.1624668329604593
B0054,92,0.912172429335506,0.7399351039859233,123.27735559804707,60,152,3.067048133380307,2.1910520386239125,4.182445897550156,1.9913938589262439,-1.858308089580359,2.01445536812595,13.799155081842601,23.778234573688007,2458.812,4.0,0.0990634062872626,0.1669401768666011,0.008602234348228363,0.1624668329604593
B0054,93,0.8872043975884799,0.7399351039859233,119.9030013320409,59,152,3.0722065010406205,2.199607761547385,4.182116565141312,1.9825088035939271,-1.8751258468342007,2.0139766427208468,13.85337076803369,23.05943482945761,2400.672,4.0,0.0990634062872626,0.1669401768666011,0.008602234348228363,0.1624668329604593
B0054,94,0.8961236767959215,0.7399351039859233,121.10841504459418,58,152,3.117253230362332,2.199124134730816,4.183709805636206,1.98458567090539,-1.800714268791482,2.013905512810969,13.514874679422098,22.244929264861582,2396.407,4.0,0.0990634062872626,0.1669401768666011,0.008602234348228363,0.1624668329604593
B0054,95,0.8851334001128452,0.7399351039859233,119.62311226278626,57,152,3.0560602390351073,2.187300234238766,4.18305579589887,1.9957555616601037,-1.8630586445315185,2.013316103545993,13.789537640473576,23.801178997375885,2392.375,4.0,0.0990634062872626,0.1669401768666011,0.008602234348228363,0.1624668329604593
B0054,96,0.8793386645436118,0.7399351039859233,118.8399712091968,56,152,3.2276996110787217,2.1979569345819563,4.163750891434571,1.9657939568526146,-1.6261597439567572,2.013953855353921,12.632160467633849,20.129283300775896,2373.687,4.0,0.0996265298848966,0.1736702007658418,0.04512232267463633,0.16183477602449428
B0054,97,0.8461224238450626,0.7399351039859233,114.35089635389963,55,152,3.0511101255752124,2.1932450152273764,4.1857725238225205,1.9925275085951442,-1.873244340822881,2.014814424140281,14.133236180004296,24.104183465359974,2385.922,4.0,0.0996265298848966,0.1736702007658418,0.04512232267463633,0.16183477602449428
B0054,98,0.8705933152969343,0.7399351039859233,117.65806360681823,54,152,3.110131898177326,2.188819744044954,4.183962354946822,1.9951426109018682,-1.8048654869219674,2.0136887102362766,13.44514404240349,21.124822433154826,2345.0,4.0,0.0996265298848966,0.1736702007658418,0.04512232267463633,0.16183477602449428
B0054,99,0.8440520909609104,0.7399351039859233,114.07109710218151,53,152,3.048474354226641,2.1933054601044173,4.183748382269399,1.9904429221649815,-1.8598703836367976,2.014227701858619,13.90645728525564,24.038373358435607,2363.047000000006,4.0,0.0996265298848966,0.1736702007658418,0.04512232267463633,0.16183477602449428
B0054,100,0.8536244678403578,0.7399351039859233,115.36477499742969,52,152,3.0720502151516498,2.1984194356911515,4.183059531782334,1.9846400960911823,-1.8567326723251218,2.014321523108064,13.600457924373249,22.33379539164456,2316.687,4.0,0.0996265298848966,0.1736702007658418,0.04512232267463633,0.16183477602449428
B0054,101,0.8524519337958137,0.7399351039859233,115.20631055396325,51,152,3.0780861695186963,2.197124548478272,4.164596042177817,1.967471493699545,-1.8332643523185828,2.014990295943545,13.622342114819537,21.7292466341309,2322.0,4.0,0.1015050702360389,0.1742737496764066,0.010485026146220542,0.16361955942211936
B0054,102,0.8373919001793014,0.7399351039859233,113.17099238411484,50,152,3.047978400472379,2.1601370672426743,4.183536913886723,2.0233998466440486,-1.8581507060124247,2.014705651659665,14.071709155413798,24.067733333922256,2357.687,4.0,0.1015050702360389,0.1742737496764066,0.010485026146220542,0.16361955942211936
B0056,1,0.7852781208785192,0.7852781208785192,100.0,151,152,3.2954766160397124,2.689656173110366,3.8387228819147694,1.1490667088044035,-1.082554743304369,1.998659884695217,9.97935642991351,15.737541036017063,2660.313,4.0,0.1049640515073794,0.220815081180846,0.15749899072440043,0.2063949067484177
B0056,2,1.3443555553017368,0.7852781208785192,171.19483143090213,150,152,3.278114932402385,2.686775295531401,4.14918086948454,1.4624055739531387,-1.7199163116216973,1.9959503490046475,11.067443145348815,14.09017680302044,2826.0,4.0,0.1049640515073794,0.220815081180846,0.15749899072440043,0.2063949067484177
B0056,3,1.317502710734752,0.7852781208785192,167.77529842049,149,152,3.3106158390566507,2.698313212370538,4.17533419262966,1.4770209802591223,-1.6905155460333223,1.996169566048845,10.889462468094056,14.9073664521439,2818.578,4.0,0.1049640515073794,0.220815081180846,0.15749899072440043,0.2063949067484177
B0056,4,1.2973654679476911,0.7852781208785192,165.21095309471772,148,152,3.3172843725733268,2.692589583576849,4.177469814791119,1.4848802312142704,-1.726708354723348,1.996337766770787,10.764459531712715,14.04619289990165,2713.812,4.0,0.1049640515073794,0.220815081180846,0.15749899072440043,0.2063949067484177
B0056,5,1.263960414854898,0.7852781208785192,160.95703945512443,147,152,3.344030455029123,2.6980823652266586,4.177333358996554,1.4792509937698957,-1.6420112923998627,1.9969110305254825,10.65574896441831,14.458798502682042,2786.578,4.0,0.1049640515073794,0.220815081180846,0.15749899072440043,0.2063949067484177
B0056,6,1.2589496187032136,0.7852781208785192,160.31894754622488,146,152,3.336353669510842,2.699291592092144,4.178105672730461,1.4788140806383172,-1.7046338232855287,1.9971248669228028,10.604398240583924,13.79068771013097,2667.89,4.0,0.1049640515073794,0.220815081180846,0.15749899072440043,0.2063949067484177
B0056,7,1.28061976902026,0.7852781208785192,163.07849855635658,145,152,3.3009005971377725,2.6902918098264004,4.169426750713255,1.4791349408868544,-1.8247670015083761,1.997374519568108,10.747618198190096,14.881216824496482,2530.172,4.0,0.1025625756947458,0.1948217501504031,0.024320376024285745,0.18600561392602347
B0056,8,1.2572786868607095,0.7852781208785192,160.10616537414109,144,152,3.3051103949821674,2.6937716432028966,4.178499777464705,1.484728134261808,-1.8506548604930126,1.9974455810197207,10.642275000961929,14.283153326557814,2446.062,4.0,0.1025625756947458,0.1948217501504031,0.024320376024285745,0.18600561392602347
B0056,9,1.2226260041048898,0.7852781208785192,155.69337430884914,143,152,3.3671071393351695,2.6912557599593363,4.178690194193401,1.487434434234065,-1.6314150295742418,1.997549921598698,10.449432487805073,13.24625881226546,2713.25,4.0,0.1025625756947458,0.1948217501504031,0.024320376024285745,0.18600561392602347
B0056,10,1.2292772249257495,0.7852781208785192,156.54036350210706,142,152,3.350670766767032,2.698815560187372,4.178597106977031,1.479781546789659,-1.6616088416098966,1.9978221218978045,10.535109718676143,14.784638313108044,2676.578,4.0,0.1025625756947458,0.1948217501504031,0.024320376024285745,0.18600561392602347
B0056,11,1.2275780135689456,0.7852781208785192,156.3239801200127,141,152,3.316178080747263,2.698364593875605,4.179016949083667,1.4806523552080617,-1.8455069420958794,1.9994834284107947,10.596589405147556,13.967206000860529,2394.734,4.0,0.1025625756947458,0.1948217501504031,0.024320376024285745,0.18600561392602347
B0056,12,1.2133872888296768,0.7852781208785192,154.51688472769575,140,152,3.3637533511944144,2.690491235069901,4.170255325585353,1.4797640905154523,-1.6426461298564279,1.9966769679348089,10.518875176620943,14.10183741263998,2673.0,4.0,0.1019584993849311,0.195572255030811,0.018782464089765253,0.18854668185219967
B0056,13,1.230223614493081,0.7852781208785192,156.66087998437865,139,152,3.345736483227564,2.695326027100301,4.1791853671260935,1.4838593400257927,-1.6956317121625684,1.9987446420077768,10.55326910161315,15.014735099158155,2619.578,4.0,0.1019584993849311,0.195572255030811,0.018782464089765253,0.18854668185219967
B0056,14,1.1927530108462678,0.7852781208785192,151.88924524114992,138,152,3.373106355519255,2.69100578312218,4.179445713445421,1.4884399303232412,-1.6346840292281264,1.996670402669732,10.414707663905276,13.814334631047265,2640.016,4.0,0.1019584993849311,0.195572255030811,0.018782464089765253,0.18854668185219967
B0056,15,1.18671066359878,0.7852781208785192,151.1197920898603,137,152,3.3697897239570302,2.6980104623652483,4.1797547856645245,1.4817443232992762,-1.6381228999586526,1.997770382383616,10.394183210718758,14.16755708920704,2621.187,4.0,0.1019584993849311,0.195572255030811,0.018782464089765253,0.18854668185219967
B0056,16,1.1914875140242167,0.7852781208785192,151.728092550351,136,152,3.3623304120622954,2.6918100210263542,4.179854576648961,1.488044555622607,-1.6445053548128659,1.996548124766132,10.441904510807989,14.498480751440637,2616.453,4.0,0.1019584993849311,0.195572255030811,0.018782464089765253,0.18854668185219967
B0056,17,1.214178606017816,0.7852781208785192,154.6176537631623,135,152,3.3440747440292173,2.6994455277907243,4.171853041375375,1.4724075135846504,-1.7073520267726885,1.9978026678137104,10.556505695788386,14.957470899011565,2565.109,4.0,0.1015689252857899,0.1878389226605419,0.013603479983832809,0.17856235860247135
B0056,18,1.2094387558721402,0.7852781208785192,154.01406504476364,134,152,3.344993026252809,2.6974370448855804,4.179639783717689,1.4822027388321084,-1.7217523886019717,1.9976555316387103,10.536326582207261,15.001521036754518,2532.531,4.0,0.1015689252857899,0.1878389226605419,0.013603479983832809,0.17856235860247135
B0056,19,1.207072299940321,0.7852781208785192,153.71271245783916,133,152,3.350361911675404,2.687185471488668,4.180054992180052,1.492869520691384,-1.7041819303581027,1.9970386663902504,10.495199596430949,14.338173356663557,2556.593,4.0,0.1015689252857899,0.1878389226605419,0.013603479983832809,0.17856235860247135
B0056,20,1.162961249391913,0.7852781208785192,148.0954605090571,132,152,3.37818787285201,2.687470388534462,4.174069945070663,1.4865995565362007,-1.6317327720996542,1.9977714431306908,10.301909086360435,13.436612124692124,2577.891,4.0,0.1015689252857899,0.1878389226605419,0.013603479983832809,0.17856235860247135
B0056,21,1.17887968705904,0.7852781208785192,150.12256877094504,131,152,3.3620625284471575,2.699656546174108,4.180243969445706,1.4805874232715976,-1.654732613269804,1.9978617916136057,10.453998023862313,14.639269846531356,2572.36,4.0,0.1015689252857899,0.1878389226605419,0.013603479983832809,0.17856235860247135
B0056,22,1.2945104146044433,0.7852781208785192,164.84738084339182,130,152,3.346029829980996,2.6854368250416094,4.160878235645104,1.4754414106034943,-1.7304356189135515,1.9980492124102964,10.390292640584766,13.577353530338334,2697.75,4.0,0.1027105156977888,0.1930652109677121,0.012235568569896271,0.18365250121077847
B0056,23,1.2602567563003473,0.7852781208785192,160.48540291565138,129,152,3.3654291392154736,2.690427787524509,4.170401928183799,1.4799741406592903,-1.69638971406972,1.9972356722093,10.29031089579849,13.568274326866668,2683.406,4.0,0.1026280361625926,0.1880298257150919,0.00493290782031626,0.1802265848325947
B0056,24,1.2408721291565108,0.7852781208785192,158.01689823833397,128,152,3.3689721031647792,2.6939728433831345,4.179668272690069,1.4856954293069347,-1.6918741720619472,1.9980211141662236,10.263087503889402,13.222923404873027,2646.156,4.0,0.1026280361625926,0.1880298257150919,0.00493290782031626,0.1802265848325947
B0056,25,1.252197340273113,0.7852781208785192,159.45908933159046,127,152,3.3465295769688743,2.6814059367851253,4.179757059071528,1.4983511222864023,-1.7414082441068879,1.9972921065349984,10.400005286038285,14.117236767649958,2593.531,4.0,0.1026280361625926,0.1880298257150919,0.00493290782031626,0.1802265848325947
B0056,26,1.2279025700477384,0.7852781208785192,156.36531025135898,126,152,3.352812339869088,2.695307365997281,4.179381275805115,1.484073909807834,-1.7007572591990596,1.99764011344434,10.409833153074386,14.72590749283402,2604.125,4.0,0.1026280361625926,0.1880298257150919,0.00493290782031626,0.1802265848325947
B0056,27,1.1917170308946994,0.7852781208785192,151.75732001312886,125,152,3.3743035968482755,2.687952325629709,4.179761909304835,1.491809583675126,-1.6642520477871068,1.9963245471931028,10.249617197163523,13.782905674311683,2588.594,4.0,0.1026280361625926,0.1880298257150919,0.00493290782031626,0.1802265848325947
B0056,28,1.1858570240011006,0.7852781208785192,151.01108670574433,124,152,3.3764282291064944,2.696650296000414,4.17225893612502,1.4756086401246065,-1.661218424865919,1.9964370552261024,10.237028804942252,13.53465268656202,2579.203,4.0,0.1018155021952932,0.1865013569505084,0.028230514232549506,0.17693790428986073
B0056,29,1.1840938286611429,0.7852781208785192,150.7865553845374,123,152,3.375019443182964,2.683210476599473,4.180576245666881,1.4973657690674078,-1.6741395350666335,1.9977877783000189,10.198234922837491,12.997563677985069,2555.453,4.0,0.1018155021952932,0.1865013569505084,0.028230514232549506,0.17693790428986073
B0056,30,1.2059829135917657,0.7852781208785192,153.5739862766823,122,152,3.3500962120625943,2.6972876615572554,4.180487517962948,1.483199856405693,-1.7210677294448378,1.9977122672890133,10.430944576015767,14.9075480868495,2525.609,4.0,0.1018155021952932,0.1865013569505084,0.028230514232549506,0.17693790428986073
B0056,31,1.165428493679393,0.7852781208785192,148.40964782968686,121,152,3.379062729502439,2.683737907365728,4.18039553298969,1.4966576256239614,-1.660218253465555,1.9993057278946789,10.139534423823738,13.20576446654183,2536.172,4.0,0.1018155021952932,0.1865013569505084,0.028230514232549506,0.17693790428986073
B0056,32,1.1790060613193858,0.7852781208785192,150.1386617012058,120,152,3.3612064036489087,2.69363443342256,4.180559366384886,1.4869249329623258,-1.6771366747493928,1.997237284045861,10.308440154694576,14.51158708545384,2536.204,4.0,0.1018155021952932,0.1865013569505084,0.028230514232549506,0.17693790428986073
B0056,33,1.2013113747183153,0.7852781208785192,152.9790965491773,119,152,3.3463562838477823,2.6943722854819816,4.172113004233132,1.47774071875115,-1.7399898086415906,1.997516578108804,10.36840954285901,14.30233008977442,2488.86,4.0,0.1015251317030928,0.1863314859657084,0.02443337200458172,0.1769027420887361
B0056,34,1.165597803317432,0.7852781208785192,148.43120829769651,118,152,3.368266919681875,2.688897787724772,4.180373353367004,1.4914755656422325,-1.6716395639461556,1.9971577867500607,10.204673365751807,14.15321706372225,2518.547,4.0,0.1015251317030928,0.1863314859657084,0.02443337200458172,0.1769027420887361
B0056,35,1.180303335055002,0.7852781208785192,150.30386097279188,117,152,3.3594964247247177,2.6882331708894665,4.180733041897962,1.4924998710084951,-1.7116000565977858,1.998331732478157,10.315613775538878,13.855287867564956,2485.766,4.0,0.1015251317030928,0.1863314859657084,0.02443337200458172,0.1769027420887361
B0056,36,1.1658134189695046,0.7852781208785192,148.4586655318076,116,152,3.361567624174783,2.689459077872609,4.180279081248084,1.4908200033754753,-1.6774896727466349,1.9970287986633808,10.276786926763112,14.492855960891132,2506.718,4.0,0.1015251317030928,0.1863314859657084,0.02443337200458172,0.1769027420887361
B0056,37,1.176396051577376,0.7852781208785192,149.80629413962262,115,152,3.355757582090394,2.6894641263415138,4.180999495499183,1.4915353691576692,-1.7243823805848957,1.9978411043695117,10.32641766409495,14.065463723343733,2459.297,4.0,0.1015251317030928,0.1863314859657084,0.02443337200458172,0.1769027420887361
B0056,38,1.1458325512940766,0.7852781208785192,145.91423354724208,114,152,3.377027547912211,2.6842747820981163,4.172470795694908,1.4881960135967915,-1.6629834811063648,1.996969373310469,10.173012177291527,13.412858944276625,2488.734,4.0,0.1015272009851769,0.1805145219556757,0.05331398661879916,0.1725012837875856
B0056,39,1.167557759980296,0.7852781208785192,148.68079587829425,113,152,3.357651728668808,2.6890536637756743,4.181062785086551,1.4920091213108768,-1.689827294587583,1.9983414092740528,10.359918034435648,14.60610388019012,2491.375,4.0,0.1015272009851769,0.1805145219556757,0.05331398661879916,0.1725012837875856
B0056,40,1.145636654711916,0.7852781208785192,145.88928740689354,112,152,3.3773583743313456,2.697570405713833,4.181144967626914,1.4835745619130813,-1.6766143500201733,1.9966505293094987,10.160882493726476,13.208123302069437,2467.328,4.0,0.1015272009851769,0.1805145219556757,0.05331398661879916,0.1725012837875856
B0056,41,1.1443667002824445,0.7852781208785192,145.72756706912958,111,152,3.365617870156837,2.6861014784430512,4.1812569980664405,1.4951555196233892,-1.675151077790599,1.9978856754777936,10.194404833993097,14.33986737197622,2466.125,4.0,0.1015272009851769,0.1805145219556757,0.05331398661879916,0.1725012837875856
B0056,42,1.1605177686388095,0.7852781208785192,147.78429931811877,110,152,3.356825640396486,2.6984158813975863,4.181218970555332,1.4828030891577462,-1.7007993161787647,1.9982856792977777,10.45640074188921,14.869194370874,2459.312999999994,4.0,0.1015272009851769,0.1805145219556757,0.05331398661879916,0.1725012837875856
B0056,43,1.227201304260248,0.7852781208785192,156.2760086690475,109,152,3.3493744607237104,2.6966170938157865,4.162741220330822,1.466124126515035,-1.7280902642659892,1.997330304637193,10.313619268601707,14.255223899564948,2559.125,4.0,0.1016599259872308,0.1823897733110587,0.030741005866366425,0.17289810504152528
B0056,44,1.2454797202045476,0.7852781208785192,158.60364463117654,108,152,3.3378261700959464,2.6938401614375964,4.171908005371084,1.4780678439334878,-1.7697668005317093,1.998225530162105,10.450923975542697,15.145967765545794,2534.156,4.0,0.1023189139052319,0.1853077974918239,0.04899139637862175,0.1735520524738459
B0056,45,1.1722288849037228,0.7852781208785192,149.27563289198832,107,152,3.379813223194436,2.694145271746648,4.1801184107331695,1.4859731389865214,-1.6776635778147013,1.9969891662839132,10.066401247840554,13.36575567843813,2521.985,4.0,0.1023189139052319,0.1853077974918239,0.04899139637862175,0.1735520524738459
B0056,46,1.1953514999944956,0.7852781208785192,152.2201457309434,106,152,3.3529139626798687,2.6949310922042096,4.180978585892375,1.4860474936881656,-1.7206408430840379,1.997363772478968,10.43749851062521,14.761564527480054,2503.172,4.0,0.1023189139052319,0.1853077974918239,0.04899139637862175,0.1735520524738459
B0056,47,1.1919514716203925,0.7852781208785192,151.78717449645904,105,152,3.3506050479395064,2.698968781686075,4.180622872978541,1.4816540912924658,-1.7353946887212042,1.99808080514684,10.413907415221043,14.927522519928406,2474.344,4.0,0.1023189139052319,0.1853077974918239,0.04899139637862175,0.1735520524738459
B0056,48,1.2296223665252586,0.7852781208785192,156.58431501308544,104,152,3.282678428854045,2.69347301500386,4.109379346813982,1.4159063318101217,-1.8819520327756425,1.9983807330397183,10.513733364328893,15.38684146714604,2349.64,4.0,0.1023189139052319,0.1853077974918239,0.04899139637862175,0.1735520524738459
B0056,49,1.2774519419396988,0.7852781208785192,162.67509662825788,103,152,3.33124930750755,2.6975073541494394,4.169898025659996,1.4723906715105564,-1.7966492983038744,1.99817268738769,10.477654553290117,15.06186195706642,2560.688,4.0,0.1006957784407432,0.1830365074151776,0.03209025392516343,0.1742180186709658
B0056,50,1.2433879751668584,0.7852781208785192,158.33727466847478,102,152,3.3452443163116463,2.68847764541694,4.18030832398499,1.49183067856805,-1.7761136080338402,1.997470740297483,10.31728183321325,14.19417584217932,2522.375,4.0,0.1006957784407432,0.1830365074151776,0.03209025392516343,0.1742180186709658
B0056,51,1.230802542912592,0.7852781208785192,156.73460270810148,101,152,3.341356791517586,2.695809647268888,4.1803883737342336,1.4845787264653456,-1.7812712509429693,1.9980970694464453,10.380685727786513,14.670219241896357,2488.719,4.0,0.1006957784407432,0.1830365074151776,0.03209025392516343,0.1742180186709658
B0056,52,1.2162358534094664,0.7852781208785192,154.87963067770423,100,152,3.3435875505910966,2.6988862295180773,4.180539223969872,1.481652994451795,-1.770178297141129,1.997256112978706,10.36448134266215,14.756439650219583,2474.844,4.0,0.1006957784407432,0.1830365074151776,0.03209025392516343,0.1742180186709658
B0056,53,1.2088335726499548,0.7852781208785192,153.9369989447291,99,152,3.3430796751998537,2.6881817818985594,4.180613197410378,1.4924314155118186,-1.7603312590728741,1.9977292149583488,10.418606978035179,15.074941469247385,2473.875,4.0,0.1006957784407432,0.1830365074151776,0.03209025392516343,0.1742180186709658
B0056,54,1.1946181162240357,0.7852781208785192,152.126754134901,98,152,3.3475631632118508,2.693866336049454,4.171995741541347,1.4781294054918934,-1.725357477499951,1.9968867131079735,10.467474839092922,14.772345213065618,2495.5,4.0,0.1000418553003488,0.1786344698086878,0.07311903409345753,0.16630669089250077
B0056,55,1.1734248134794991,0.7852781208785192,149.42792652452178,97,152,3.3573308617480517,2.692863343941837,4.180481328623388,1.4876179846815516,-1.7049184863619542,1.9974954691900964,10.24758606535621,14.624267787138264,2481.078,4.0,0.1000418553003488,0.1786344698086878,0.07311903409345753,0.16630669089250077
B0056,56,1.1404596305913128,0.7852781208785192,145.23002746026324,96,152,3.382778882292665,2.6912645328393867,4.181058054860729,1.4897935220213419,-1.6737250543608966,1.9970688320372325,10.06027633089391,12.974017575008304,2460.125,4.0,0.1000418553003488,0.1786344698086878,0.07311903409345753,0.16630669089250077
B0056,57,1.1821716406845988,0.7852781208785192,150.54177739754934,95,152,3.3460645335108428,2.6880196285337377,4.18149130108492,1.4934716725511823,-1.7445639059237334,1.9973808016244436,10.46181981941412,14.962343761280408,2440.547,4.0,0.1000418553003488,0.1786344698086878,0.07311903409345753,0.16630669089250077
B0056,58,1.1480663382055174,0.7852781208785192,146.1986916076477,94,152,3.3641915924918147,2.6997902360046213,4.180595098911064,1.4808048629064423,-1.6890678369808096,1.9972649359124228,10.21776828052081,14.288936379622092,2449.922,4.0,0.1000418553003488,0.1786344698086878,0.07311903409345753,0.16630669089250077
B0056,59,1.1825381935034152,0.7852781208785192,150.58845548637808,93,152,3.340090097397974,2.6973629105606647,4.173047661044039,1.4756847504833739,-1.7678866953516275,1.99737218946031,10.382854030148234,14.731654795183925,2408.781,4.0,0.1017657245210761,0.1773589985748751,0.05494115357442788,0.1707814826064084
B0056,60,1.15520928628466,0.7852781208785192,147.1082990307033,92,152,3.35648490646885,2.691300691707842,4.180864505746636,1.4895638140387941,-1.704950103976557,1.9971710052373428,10.344585715881983,14.530184451529058,2442.547,4.0,0.1017657245210761,0.1773589985748751,0.05494115357442788,0.1707814826064084
B0056,61,1.1216816712671696,0.7852781208785192,142.83877793670138,91,152,3.3822432790887746,2.689936372979849,4.181146414659693,1.4912100416798442,-1.6727370538477788,1.9985618755593448,10.028217431506214,12.920963346782584,2420.671,4.0,0.1017657245210761,0.1773589985748751,0.05494115357442788,0.1707814826064084
B0056,62,1.162666262561457,0.7852781208785192,148.05789587779933,90,152,3.3475849268060007,2.6913240152919484,4.181695073360697,1.4903710580687481,-1.7375416574771907,1.9981998904229497,10.497532395250285,14.975497658516607,2409.906,4.0,0.1017657245210761,0.1773589985748751,0.05494115357442788,0.1707814826064084
B0056,63,1.124695615744926,0.7852781208785192,143.22258392818688,89,152,3.368899621618762,2.686923064348457,4.180846468482689,1.493923404134232,-1.6790843732728173,1.996923639616402,10.078456668334661,14.006665059857031,2416.672,4.0,0.1017657245210761,0.1773589985748751,0.05494115357442788,0.1707814826064084
B0056,64,1.1664177948797931,0.7852781208785192,148.53562882598575,88,152,3.340217809060051,2.6874437664677444,4.17358432175774,1.486140555289996,-1.7528301920007388,1.9980323886030191,10.437586290235986,15.065495014920012,2395.75,4.0,0.1011869844766893,0.1762831999076887,0.06181070947768792,0.17226123226270024
B0056,65,1.1346745156379463,0.7852781208785192,144.4933311485292,87,152,3.3606706640426602,2.699800435335948,4.181103233539769,1.4813027982038212,-1.696361090547745,1.998026842266808,10.327680053270171,14.438517748547325,2410.688,4.0,0.1011869844766893,0.1762831999076887,0.06181070947768792,0.17226123226270024
B0056,66,1.1012231317092755,0.7852781208785192,140.23351758193607,86,152,3.384477709863685,2.697960709571132,4.181672942091641,1.4837122325205088,-1.6547810696984198,1.9970444217112648,9.931318938388468,13.194289211464437,2402.125,4.0,0.1011869844766893,0.1762831999076887,0.06181070947768792,0.17226123226270024
B0056,67,1.1560733948472832,0.7852781208785192,147.2183375685982,85,152,3.3408256322235093,2.6834783907862354,4.181798435766776,1.4983200449805407,-1.7665140217971276,1.9970743538086635,10.341385046767083,14.482501609291248,2355.265,4.0,0.1011869844766893,0.1762831999076887,0.06181070947768792,0.17226123226270024
B0056,68,1.1385609898764002,0.7852781208785192,144.9882480620561,84,152,3.3541889238828593,2.699619006890264,4.181361272735532,1.4817422658452677,-1.7114334458397396,1.9974408693161616,10.494744894336083,14.720749328790644,2396.719,4.0,0.1011869844766893,0.1762831999076887,0.06181070947768792,0.17226123226270024
B0056,69,1.1757265448773706,0.7852781208785192,149.72103686806432,83,152,3.340961153961277,2.689809371052332,4.16432577440784,1.474516403355508,-1.7341386416649764,1.9965313509817573,10.206418347273608,14.529077890794348,2442.344,4.0,0.1014120696900775,0.174102344548729,0.0592199450097632,0.16772642446962593
B0056,70,1.1969385632452556,0.7852781208785192,152.42224778989092,82,152,3.3371235826921466,2.688916524535636,4.172633979258993,1.4837174547233571,-1.76327611270095,1.9980007270295648,10.592911474763564,15.244128605525711,2444.703,4.0,0.1026307895180504,0.1798215430108493,0.0453736789882687,0.1765617260146582
B0056,71,1.1267457988726266,0.7852781208785192,143.48366125521173,81,152,3.376237517393404,2.698695743312111,4.180507540870247,1.481811797558136,-1.684432789415394,1.9963931274279252,9.984423245892257,13.512900564234096,2412.25,4.0,0.1026307895180504,0.1798215430108493,0.0453736789882687,0.1765617260146582
B0056,72,1.1601031368559531,0.7852781208785192,147.73149868967488,80,152,3.348647645780763,2.697889593175275,4.181900407397767,1.4840108142224917,-1.7382277088571685,1.9973201800320188,10.532756069231716,14.862132323599852,2403.234,4.0,0.1026307895180504,0.1798215430108493,0.0453736789882687,0.1765617260146582
B0056,73,1.1361458729690277,0.7852781208785192,144.68069882018105,79,152,3.362242476728691,2.695993320018532,4.181297616479253,1.485304296460721,-1.7328967687649997,1.9964731697990847,10.144690849516095,13.378405270944848,2361.047,4.0,0.1026307895180504,0.1798215430108493,0.0453736789882687,0.1765617260146582
B0056,74,1.1397253894261876,0.7852781208785192,145.13652668065365,78,152,3.351293107048021,2.6955474945092024,4.181657232676167,1.4861097381669643,-1.7156881587629866,1.9984147436126416,10.418716582380117,14.806201026240291,2392.468,4.0,0.1026307895180504,0.1798215430108493,0.0453736789882687,0.1765617260146582
B0056,75,1.1560010024767575,0.7852781208785192,147.20911887669774,77,152,3.3414098071318334,2.699727848412594,4.172972784971319,1.4732449365587246,-1.7530374056679272,1.997322036385649,10.532972017810645,15.144104218787898,2373.89,4.0,0.101847215179338,0.1781207507715428,0.05968756478104157,0.16842876840461468
B0056,76,1.126818619026835,0.7852781208785192,143.49293442254853,76,152,3.35783559274309,2.695330424081241,4.18131610574028,1.4859856816590393,-1.702815564152015,1.9984597486368607,10.294250246042282,14.39832488350013,2383.234,4.0,0.101847215179338,0.1781207507715428,0.05968756478104157,0.16842876840461468
B0056,77,1.116688355680394,0.7852781208785192,142.20291206268604,75,152,3.36675593545663,2.6854130230502054,4.18166924078605,1.4962562177358447,-1.7175512283850776,1.9966874158615944,10.050387765399135,13.069857113335043,2342.453,4.0,0.101847215179338,0.1781207507715428,0.05968756478104157,0.16842876840461468
B0056,78,1.1330613197666846,0.7852781208785192,144.28790127236545,74,152,3.3487514550466417,2.690400334997493,4.182044120407073,1.4916437854095799,-1.7291690081472488,1.996813128658143,10.472005861254317,14.625776758086843,2359.296,4.0,0.101847215179338,0.1781207507715428,0.05968756478104157,0.16842876840461468
B0056,79,1.0893839897995972,0.7852781208785192,138.72588078486942,73,152,3.3810092385566413,2.6887925590382147,4.1815714469098,1.492778887871585,-1.6749388332386832,1.996118783382572,9.909401931448466,12.585237711150564,2345.453,4.0,0.101847215179338,0.1781207507715428,0.05968756478104157,0.16842876840461468
B0056,80,1.112083645925937,0.7852781208785192,141.61653258361616,72,152,3.3564306318997588,2.6988640537115023,4.174449328074176,1.4755852743626736,-1.6967956767696222,1.9966626412426896,10.242760595982558,14.409091639662265,2360.172,4.0,0.1012378092926894,0.1724958251219944,0.09626749578217852,0.165799631803965
B0056,81,1.1279950254648337,0.7852781208785192,143.64274203933053,71,152,3.3508758903963662,2.680924614006194,4.181914870814706,1.5009902568085116,-1.753415191734097,1.9961541065626969,10.216290881964335,13.639615611059916,2315.407,4.0,0.1012378092926894,0.1724958251219944,0.09626749578217852,0.165799631803965
B0056,82,1.1386774565024178,0.7852781208785192,145.0030793202971,70,152,3.338909543714827,2.689418119708915,4.181346159150703,1.4919280394417878,-1.764019308767849,1.996805159927613,10.357968672788795,14.880692487289394,2322.156,4.0,0.1012378092926894,0.1724958251219944,0.09626749578217852,0.165799631803965
B0056,83,1.1271136962200643,0.7852781208785192,143.53051056091073,69,152,3.346321199511455,2.6980519577561664,4.181554177966883,1.4835022202107169,-1.743062159577205,1.9972871538382808,10.4126408516178,14.94384328293818,2327.1570000000065,4.0,0.1012378092926894,0.1724958251219944,0.09626749578217852,0.165799631803965
B0056,84,1.110150886965375,0.7852781208785192,141.37040845139154,68,152,3.3538216131821788,2.690667005796631,4.181615967935099,1.490948962138468,-1.711553001717173,1.9961673384143368,10.355563284677743,14.50969090814752,2335.0,4.0,0.1012378092926894,0.1724958251219944,0.09626749578217852,0.165799631803965
B0056,85,1.1344632260422465,0.7852781208785192,144.46642480922316,67,152,3.339346853440726,2.690672584400043,4.173516161117117,1.482843576717074,-1.7522810293736752,1.9977234858011128,10.41665753464741,15.062267575750978,2329.375,4.0,0.10152762113247,0.1769422077012732,0.06374531007574691,0.16826152846887837
B0056,86,1.108458756302863,0.7852781208785192,141.15492674911022,66,152,3.3536514376808864,2.689574754055628,4.181332312389274,1.4917575583336458,-1.7102152613104593,1.9961257474747869,10.301294534772044,14.468947045350122,2333.875,4.0,0.10152762113247,0.1769422077012732,0.06374531007574691,0.16826152846887837
B0056,87,1.0768220870214844,0.7852781208785192,137.12620514841345,65,152,3.38120127228625,2.6850453196446677,4.181999698138027,1.496954378493359,-1.6752482242752484,1.9962061010235703,9.91165771895873,12.508239840028546,2317.453,4.0,0.10152762113247,0.1769422077012732,0.06374531007574691,0.16826152846887837
B0056,88,1.128398212919817,0.7852781208785192,143.69408530794627,64,152,3.3368543585349384,2.68848533115398,4.182136607973574,1.4936512768195938,-1.7684173466123287,1.997069949040176,10.349022787330426,14.887028438704052,2295.109,4.0,0.10152762113247,0.1769422077012732,0.06374531007574691,0.16826152846887837
B0056,89,1.1066350346531368,0.7852781208785192,140.92268780073792,63,152,3.3522604662249167,2.695941959305812,4.18160323028519,1.485661270979378,-1.7117088970464227,1.9963789398934428,10.403963430415772,14.643769942307395,2326.657,4.0,0.10152762113247,0.1769422077012732,0.06374531007574691,0.16826152846887837
B0056,90,1.271609072217319,0.7852781208785192,161.93104562683138,62,152,3.301853229400361,2.6936113374580533,4.160391647622785,1.466780310164732,-1.8436644323324185,1.996869636138654,10.672589964446292,15.536147821768504,2479.297,4.0,0.1022286765583777,0.1733502805316103,0.0706400153937334,0.165980834775881
B0056,91,1.2415767175377967,0.7852781208785192,158.106622931096,61,152,3.3271853602584223,2.6975058053441106,4.171177372817309,1.4736715674731982,-1.812029971968896,1.9961823426458585,10.38887188704922,14.710321906861784,2463.578,4.0,0.1023252022404984,0.174032133011143,0.07536321094795326,0.16486659449981383
B0056,92,1.174652904422814,0.7852781208785192,149.58431582286883,60,152,3.357838197685972,2.699681085693745,4.179908499745383,1.480227414051638,-1.7201885508327548,1.9964302092493789,10.084749408390376,14.282705134297458,2458.812,4.0,0.1023252022404984,0.174032133011143,0.07536321094795326,0.16486659449981383
B0056,93,1.1989389885187762,0.7852781208785192,152.6769887816917,59,152,3.3341676075284923,2.6932891744671807,4.1812209027547125,1.4879317282875317,-1.7962378329894884,1.997779900696868,10.365887906876877,14.735427526864724,2400.672,4.0,0.1023252022404984,0.174032133011143,0.07536321094795326,0.16486659449981383
B0056,94,1.1461398965188565,0.7852781208785192,145.95337193867417,58,152,3.3656652776557863,2.680335373836448,4.180715020333036,1.500379646496588,-1.7222270467266643,1.9975262926757336,10.019608551209917,12.986214565204865,2396.407,4.0,0.1023252022404984,0.174032133011143,0.07536321094795326,0.16486659449981383
B0056,95,1.129224378671885,0.7852781208785192,143.79929207865624,57,152,3.3651251580925825,2.695500756668203,4.181433629004157,1.4859328723359542,-1.6995424040803295,1.997646005572408,10.060030313914343,14.020906563644123,2392.375,4.0,0.1023252022404984,0.174032133011143,0.07536321094795326,0.16486659449981383
B0056,96,1.1103432888019913,0.7852781208785192,141.3949095588974,56,152,3.3750175764348014,2.6916361141573137,4.173658812188033,1.4820226980307192,-1.6857958238112818,1.9965283091685109,9.894806886286887,13.158594712143495,2373.687,4.0,0.1032274111061568,0.1670944391316919,0.09876677968842838,0.1623189078985182
B0056,97,1.153909472897475,0.7852781208785192,146.9427763512059,55,152,3.3447811593713976,2.6977127849492053,4.1820632868427365,1.4843505018935312,-1.7402948082227616,1.997780645919671,10.535153782453834,14.942021026324584,2385.922,4.0,0.1032274111061568,0.1670944391316919,0.09876677968842838,0.1623189078985182
B0056,98,1.1302191455340138,0.7852781208785192,143.92596909100135,54,152,3.3605010057610825,2.687276744661873,4.18182200740338,1.4945452627415068,-1.7346003290908105,1.99655615549846,10.116013026114192,13.316711053744784,2345.0,4.0,0.1032274111061568,0.1670944391316919,0.09876677968842838,0.1623189078985182
B0056,99,1.1258719408034097,0.7852781208785192,143.3723811818233,53,152,3.3538264483941607,2.6980124491519586,4.1819501512020345,1.483937702050076,-1.7146209406772344,1.9963875537113744,10.332244370257053,14.61281089291766,2363.047000000006,4.0,0.1032274111061568,0.1670944391316919,0.09876677968842838,0.1623189078985182
B0056,100,1.1430108283920968,0.7852781208785192,145.55490570823096,52,152,3.341678704653779,2.6927360739353285,4.181791330814548,1.4890552568792192,-1.774352624864773,1.9966683821433664,10.278021353580035,14.205466297575018,2316.687,4.0,0.1032274111061568,0.1670944391316919,0.09876677968842838,0.1623189078985182
B0056,101,1.1372731775310292,0.7852781208785192,144.82425363624296,51,152,3.3456418542105237,2.6899104032044447,4.173014294511639,1.4831038913071946,-1.7619972814702227,1.9964442856948763,10.263503141787313,13.862516639323273,2322.0,4.0,0.1026770687168542,0.1703940600053709,0.0825730446062004,0.16080205244341822
B0056,102,1.1290590137779504,0.7852781208785192,143.77823394784397,50,152,3.3496423795442105,2.6950189281281465,4.181882887350109,1.4868639592219624,-1.7226331709023301,1.9969949900194384,10.452748281670244,14.899199505524647,2357.687,4.0,0.1026770687168542,0.1703940600053709,0.0825730446062004,0.16080205244341822
B0055,1,0.7989997927037011,0.7989997927037011,100.0,151,152,3.24393616697826,2.493079498483449,3.843735024444539,1.35065552596109,-1.1715210918629737,1.990840186664541,11.879033293126687,18.02446981350722,2660.313,4.0,0.0961908583965746,0.2017671893861614,0.21200832636400632,0.19131698105112632
B0055,2,1.319892156462878,0.7989997927037011,165.19305367984535,150,152,3.2904290284649416,2.480538609588174,4.174020568347548,1.6934819587593744,-1.7486007645883601,1.9904809087057087,12.415262417855027,16.633080095446793,2826.0,4.0,0.0961908583965746,0.2017671893861614,0.21200832636400632,0.19131698105112632
B0055,3,1.2769832801132015,0.7989997927037011,159.82272983977538,149,152,3.326231366449631,2.48985034932468,4.1994512899066025,1.7096009405819226,-1.7060235650197326,1.99068249202928,12.360226804144617,18.02222405324747,2818.578,4.0,0.0961908583965746,0.2017671893861614,0.21200832636400632,0.19131698105112632
B0055,4,1.2572591312230863,0.7989997927037011,157.35412483258614,148,152,3.338535407708074,2.485404008194569,4.201354950378872,1.7159509421843029,-1.7298155313553945,1.9912233324564588,12.182802262813878,16.276920867509258,2713.812,4.0,0.0961908583965746,0.2017671893861614,0.21200832636400632,0.19131698105112632
B0055,5,1.206763751299412,0.7989997927037011,151.0343009246468,147,152,3.369050331157636,2.484071154442301,4.2022865042877005,1.7182153498453996,-1.630519419462631,1.9905957922031048,11.995175259559732,17.386184005164274,2786.578,4.0,0.0961908583965746,0.2017671893861614,0.21200832636400632,0.19131698105112632
B0055,6,1.2077322536103197,0.7989997927037011,151.1555152628421,146,152,3.3596802370189534,2.481388096934316,4.202804398571556,1.7214163016372397,-1.6935037519026295,1.9916252726422965,12.015852590858461,16.287370504806514,2667.89,4.0,0.0961908583965746,0.2017671893861614,0.21200832636400632,0.19131698105112632
B0055,7,1.2009614290093835,0.7989997927037011,150.30810270244274,145,152,3.331138062731705,2.4857750442530606,4.194689870235318,1.7089148259822573,-1.796982266620521,1.9907997928291328,12.31051634460958,18.76540773861097,2530.172,4.0,0.0959763432768074,0.1840796258694923,0.09076815641334363,0.17471889531449686
B0055,8,1.189059086549973,0.7989997927037011,148.81844743993824,144,152,3.335155652675837,2.4898705968582,4.203456278554985,1.7135856816967854,-1.8221216958276871,1.9913346793894355,12.203269426883178,17.743208793113464,2446.062,4.0,0.0959763432768074,0.1840796258694923,0.09076815641334363,0.17471889531449686
B0055,9,1.169708782604433,0.7989997927037011,146.39663154934067,143,152,3.3970397549525346,2.486378896244576,4.203931038045003,1.7175521418004265,-1.60517659481492,1.9910133759936124,11.974188885781311,16.27240932778339,2713.25,4.0,0.0959763432768074,0.1840796258694923,0.09076815641334363,0.17471889531449686
B0055,10,1.1483647194613424,0.7989997927037011,143.72528377954146,142,152,3.3803008994123225,2.484196378836121,4.204477051328936,1.7202806724928146,-1.6273590433187917,1.991488728701696,12.146032186206996,18.496064110315466,2676.578,4.0,0.0959763432768074,0.1840796258694923,0.09076815641334363,0.17471889531449686
B0055,11,1.1527726060972296,0.7989997927037011,144.27695934643637,141,152,3.344612876092421,2.488899766066993,4.204395922551529,1.7154961564845363,-1.8077804758929823,1.990666668360672,12.075029193191549,17.233592924973692,2394.734,4.0,0.0959763432768074,0.1840796258694923,0.09076815641334363,0.17471889531449686
B0055,12,1.1318370471727228,0.7989997927037011,141.65673852589472,140,152,3.4016962939915634,2.4856427415338582,4.196508158151434,1.7108654166175756,-1.5934585102181222,1.9902971005145704,11.953480850146518,17.25233196126928,2673.0,4.0,0.0978518208220766,0.1796663621748983,0.048415953299398955,0.1721305599076926
B0055,13,1.1326525803383347,0.7989997927037011,141.75880778461786,139,152,3.377782507073848,2.4945204316368925,4.2049198480597365,1.710399416422844,-1.6457766002423246,1.990731521433284,12.091243346975185,18.84637103862602,2619.578,4.0,0.0978518208220766,0.1796663621748983,0.048415953299398955,0.1721305599076926
B0055,14,1.1160565716574584,0.7989997927037011,139.68170978879513,138,152,3.411152214850695,2.489824423973652,4.204749253288386,1.7149248293147346,-1.5844221226745288,1.991422567659727,11.84145066042513,16.69866695291335,2640.016,4.0,0.0978518208220766,0.1796663621748983,0.048415953299398955,0.1721305599076926
B0055,15,1.0984641825068853,0.7989997927037011,137.47990832260913,137,152,3.4062074380814424,2.4929609831648176,4.205529950993648,1.71256896782883,-1.5875314249026022,1.9907556302335792,11.855003538549179,17.281200338137296,2621.187,4.0,0.0978518208220766,0.1796663621748983,0.048415953299398955,0.1721305599076926
B0055,16,1.092569410309668,0.7989997927037011,136.74213939562728,136,152,3.4006629565141497,2.4987737122938984,4.205627291462969,1.7068535791690707,-1.5865260183824126,1.991522785179081,11.91733362745109,17.87487048558903,2616.453,4.0,0.0978518208220766,0.1796663621748983,0.048415953299398955,0.1721305599076926
B0055,17,1.109167680712031,0.7989997927037011,138.81952046054556,135,152,3.3734363664560836,2.4960528571959832,4.197933604847559,1.7018807476515754,-1.6558769500299217,1.9908882502143304,12.135031767584422,18.56561933924195,2565.109,4.0,0.097531103850855,0.1713255438972697,0.03371303351691843,0.16667942932030227
B0055,18,1.107503502890571,0.7989997927037011,138.61123782559912,134,152,3.3751298920141575,2.4950345179419164,4.205390438967899,1.7103559210259824,-1.6682381023500132,1.9907992030652175,12.085534035682384,18.731388722663795,2532.531,4.0,0.097531103850855,0.1713255438972697,0.03371303351691843,0.16667942932030227
B0055,19,1.106751675424531,0.7989997927037011,138.5171417478647,133,152,3.3799212171444224,2.499203075422064,4.205435554958762,1.7062324795366979,-1.6518184000413114,1.9911585440753383,12.035133443915594,18.85911132920102,2556.593,4.0,0.097531103850855,0.1713255438972697,0.03371303351691843,0.16667942932030227
B0055,20,1.0726694124582823,0.7989997927037011,134.25152575178052,132,152,3.4131937901660443,2.4858947643408493,4.183847655178161,1.6979528908373114,-1.5631982736121797,2.0081513637326145,11.694010522378294,16.474886676905992,2577.891,4.0,0.097531103850855,0.1713255438972697,0.03371303351691843,0.16667942932030227
B0055,21,1.0776844021506693,0.7989997927037011,134.87918419902704,131,152,3.3882127771112662,2.490219926603604,4.205811869776469,1.7155919431728655,-1.6102431965480546,1.990451483901724,12.02595112446758,18.429839421941317,2572.36,4.0,0.097531103850855,0.1713255438972697,0.03371303351691843,0.16667942932030227
B0055,22,1.1981714734535909,0.7989997927037011,149.9589216912247,130,152,3.3833310240018224,2.49591717391522,4.185284066167707,1.6893668922524872,-1.6643817613294818,1.9908816662096405,11.847288624466861,16.79121110894689,2697.75,4.0,0.0975919890866962,0.1632732966555418,0.007702336135196664,0.15875380860465113
B0055,23,1.162538155268093,0.7989997927037011,145.4991810866721,129,152,3.406033299298373,2.493901769830843,4.196690472475704,1.702788702644861,-1.629380871239606,1.991512324127019,11.64238700767333,16.558207457541112,2683.406,4.0,0.0984142673170484,0.1704903849366,0.005936192081533731,0.16359282756676716
B0055,24,1.1556827465844224,0.7989997927037011,144.64118228038046,128,152,3.395122860818019,2.490665842720209,4.205348595061986,1.7146827523417771,-1.6480629343875917,1.991058496787956,11.772012658338625,16.176716026227933,2646.156,4.0,0.0984142673170484,0.1704903849366,0.005936192081533731,0.16359282756676716
B0055,25,1.137444098422356,0.7989997927037011,142.35849731242203,127,152,3.3678744885149583,2.491266216084571,4.205552375701064,1.7142861596164929,-1.6963503354994716,1.9907463266064145,11.983454214473863,18.28920429337146,2593.531,4.0,0.0984142673170484,0.1704903849366,0.005936192081533731,0.16359282756676716
B0055,26,1.1126375352125493,0.7989997927037011,139.2537952291005,126,152,3.3809383898685605,2.492760704750605,4.2052142034116535,1.7124534986610485,-1.647762002114427,1.9907919913750125,11.908597488676612,18.65863623047158,2604.125,4.0,0.0984142673170484,0.1704903849366,0.005936192081533731,0.16359282756676716
B0055,27,1.098656067845981,0.7989997927037011,137.50392401583557,125,152,3.41469739374783,2.486626233949432,4.205763745942962,1.7191375119935297,-1.6019969747290892,1.991007869042188,11.5894392622721,16.83473057053666,2588.594,4.0,0.0984142673170484,0.1704903849366,0.005936192081533731,0.16359282756676716
B0055,28,1.098530275888464,0.7989997927037011,137.4881803374685,124,152,3.41231159843661,2.495104294734825,4.198995746839671,1.703891452104846,-1.607009362096321,1.990345948099886,11.629714317449922,16.756789919207705,2579.203,4.0,0.1001161409222528,0.1667195684592821,0.014436812238271035,0.16415501876705701
B0055,29,1.1029370400968537,0.7989997927037011,138.03971542529095,123,152,3.4043822939909396,2.487763139286609,4.2061133400646735,1.7183502007780644,-1.627589670095513,1.991281599746559,11.647248561632294,16.24699765148442,2555.453,4.0,0.1001161409222528,0.1667195684592821,0.014436812238271035,0.16415501876705701
B0055,30,1.0949644922735318,0.7989997927037011,137.04189941881316,122,152,3.3673428364678033,2.497867584305148,4.20656078786278,1.7086932035576319,-1.6825636345526909,1.9916328373941732,12.022205345514335,19.129984857149815,2525.609,4.0,0.1001161409222528,0.1667195684592821,0.014436812238271035,0.16415501876705701
B0055,31,1.0890679714830998,0.7989997927037011,136.30391164406305,121,152,3.4104196380737455,2.482550786926367,4.205789072356055,1.7232382854296877,-1.612755670182398,1.9905681770945949,11.542224902228241,16.36765160927189,2536.172,4.0,0.1001161409222528,0.1667195684592821,0.014436812238271035,0.16415501876705701
B0055,32,1.073323391636053,0.7989997927037011,134.33337548237404,120,152,3.3875483794093744,2.498794021092515,4.206468698154612,1.7076746770620974,-1.6303240143418964,1.990833007177876,11.825965633220362,18.15665009637772,2536.204,4.0,0.1001161409222528,0.1667195684592821,0.014436812238271035,0.16415501876705701
B0055,33,1.095373856745309,0.7989997927037011,137.09313403433066,119,152,3.3533445639000172,2.4986675609061084,4.19878751718924,1.7001199562831317,-1.71799533716817,1.990852926244492,12.03863906152037,18.80550760238104,2488.86,4.0,0.0959148476411232,0.1606795896891386,0.03281117779897161,0.15572069029550845
B0055,34,1.0639517466243125,0.7989997927037011,133.1604533993747,118,152,3.403128476363774,2.495967983888696,4.205549436509086,1.70958145262039,-1.6148091574306578,1.990543780937116,11.59317451081218,17.559578387097904,2518.547,4.0,0.0959148476411232,0.1606795896891386,0.03281117779897161,0.15572069029550845
B0055,35,1.085798072407703,0.7989997927037011,135.89466259227896,117,152,3.3737196134296283,2.494521891499824,4.206680085108051,1.7121581936082269,-1.6806946415000543,1.9908289073916383,11.873598601586018,17.467083355342886,2485.766,4.0,0.0959148476411232,0.1606795896891386,0.03281117779897161,0.15572069029550845
B0055,36,1.0588748965507555,0.7989997927037011,132.52505272469148,116,152,3.382746702873388,2.4940939052144744,4.206242808359698,1.7121489031452235,-1.63831200906344,1.99092503062938,11.809310238880515,18.49462899513655,2506.718,4.0,0.0959148476411232,0.1606795896891386,0.03281117779897161,0.15572069029550845
B0055,37,1.0813260035191288,0.7989997927037011,135.33495420068584,115,152,3.3641919383896957,2.488192777263103,4.206501526529983,1.7183087492668805,-1.701910823714865,1.990154379954445,11.933034010302555,17.91164881741511,2459.297,4.0,0.0959148476411232,0.1606795896891386,0.03281117779897161,0.15572069029550845
B0055,38,1.061601862588323,0.7989997927037011,132.86635018965575,114,152,3.408219619852174,2.483590427491968,4.198066617715753,1.714476190223785,-1.6137161861379503,1.9913019551390152,11.53732922797716,16.71929796179109,2488.734,4.0,0.0973463150121152,0.1621587836501836,0.008722392228435778,0.15941825045911012
B0055,39,1.0593920670581127,0.7989997927037011,132.58977996393233,113,152,3.3720438606583496,2.494836964233761,4.2069940867465805,1.7121571225128194,-1.6587094218378893,1.9913493608624204,11.942237573488166,18.743872075423457,2491.375,4.0,0.0973463150121152,0.1621587836501836,0.008722392228435778,0.15941825045911012
B0055,40,1.0742513141424723,0.7989997927037011,134.44951099516052,112,152,3.3954495279595993,2.495294559262084,4.206185443933068,1.7108908846709836,-1.6449474011417666,1.9913634315445172,11.654440484569944,16.07532193134441,2467.328,4.0,0.0973463150121152,0.1621587836501836,0.008722392228435778,0.15941825045911012
B0055,41,1.04056147341315,0.7989997927037011,130.23300918414995,111,152,3.3886471333647554,2.493930027919102,4.206494698836393,1.7125646709172915,-1.6341793441136752,1.9918655941270955,11.722702041818202,18.1055360480279,2466.125,4.0,0.0973463150121152,0.1621587836501836,0.008722392228435778,0.15941825045911012
B0055,42,1.0575656535324895,0.7989997927037011,132.3611924796424,110,152,3.356819503345258,2.4968794236107965,4.204041730199119,1.7071623065883226,-1.6871055404907072,1.9909179006012367,12.139105911879911,19.22539590220654,2459.312999999994,4.0,0.0973463150121152,0.1621587836501836,0.008722392228435778,0.15941825045911012
B0055,43,1.0983528970914622,0.7989997927037011,137.4659802319589,109,152,3.38173030037378,2.4980844986118784,4.186445589660851,1.6883610910489724,-1.6534663598224018,1.9901698852064904,11.725785170275977,17.79698901775945,2559.125,4.0,0.0957513027495029,0.1613095878772497,0.04133756784881122,0.15548138876208864
B0055,44,1.109758993739737,0.7989997927037011,138.89352711650537,108,152,3.332585578324588,2.497690135885909,4.198472809564929,1.7007826736790195,-1.746935874580489,1.9895632028305583,12.14093273670559,19.90310164984231,2534.156,4.0,0.0982934825737443,0.1591460762969972,0.02766568331870603,0.15692230863026518
B0055,45,1.0793315779206871,0.7989997927037011,135.08533891709575,107,152,3.415794800601349,2.495812780943487,4.205147121886639,1.7093343409431516,-1.6100189784192442,1.9901409410080384,11.32244979928203,16.28428434167548,2521.985,4.0,0.0982934825737443,0.1591460762969972,0.02766568331870603,0.15692230863026518
B0055,46,1.0716159094756148,0.7989997927037011,134.11967302887774,106,152,3.364395338116308,2.497968365806555,4.207061766566151,1.7090934007595964,-1.6797818306005563,1.990707591128993,11.899725740614361,18.858200111612096,2503.172,4.0,0.0982934825737443,0.1591460762969972,0.02766568331870603,0.15692230863026518
B0055,47,1.0746464211019795,0.7989997927037011,134.49896119065684,105,152,3.3556150350421454,2.494850314865808,4.206586679847002,1.7117363649811943,-1.703206082949298,1.990485251168809,11.9698483506891,19.26539604228336,2474.344,4.0,0.0982934825737443,0.1591460762969972,0.02766568331870603,0.15692230863026518
B0055,48,1.08643683065179,0.7989997927037011,135.97460732442033,104,152,3.2813552523710348,2.497025585392751,4.136062355148983,1.639036769756232,-1.8582921214004526,1.9905983386514208,11.944879920447905,19.91574517945343,2349.64,4.0,0.0982934825737443,0.1591460762969972,0.02766568331870603,0.15692230863026518
B0055,49,1.1340138347387958,0.7989997927037011,141.92917759107985,103,152,3.3340325216514985,2.497531566741249,4.194893964041484,1.6973623973002354,-1.7577069451672969,1.9908092541495772,12.028925123088163,19.74476118019262,2560.688,4.0,0.0960595078437481,0.1541064904497954,0.05449121875706693,0.15059783649621403
B0055,50,1.1176964717951587,0.7989997927037011,139.88695391434754,102,152,3.355658576925396,2.4925446639956585,4.205199298124983,1.7126546341293243,-1.7278318736099232,1.9908548428883857,11.71503135296823,18.239458117812696,2522.375,4.0,0.0960595078437481,0.1541064904497954,0.05449121875706693,0.15059783649621403
B0055,51,1.1046468529644289,0.7989997927037011,138.25370958188384,101,152,3.353357049023896,2.497355535023157,4.205853256210238,1.708497721187081,-1.7321258947169127,1.9913602598228903,11.810607676487715,19.14324542302631,2488.719,4.0,0.0960595078437481,0.1541064904497954,0.05449121875706693,0.15059783649621403
B0055,52,1.089700148407426,0.7989997927037011,136.38303268140237,100,152,3.356165416087441,2.496005450177785,4.205832053797409,1.7098266036196241,-1.720909576078404,1.9907888064016417,11.765625767571137,18.957146305546704,2474.844,4.0,0.0960595078437481,0.1541064904497954,0.05449121875706693,0.15059783649621403
B0055,53,1.075533547538172,0.7989997927037011,134.60999081097634,99,152,3.3655236596965747,2.4945789390502733,4.205960258814088,1.7113813197638144,-1.6928963609340808,1.990266430302993,11.666664960009529,18.569611226697237,2473.875,4.0,0.0960595078437481,0.1541064904497954,0.05449121875706693,0.15059783649621403
B0055,54,1.0609866776144368,0.7989997927037011,132.7893558049883,98,152,3.3657531038090425,2.497451626540361,4.1982654098780685,1.7008137833377077,-1.6674344219063135,1.991098985092008,11.708939176253061,18.389604150481876,2495.5,4.0,0.0980537839894344,0.1570535339827561,0.034794891823766216,0.15245647920343597
B0055,55,1.0518218041615568,0.7989997927037011,131.64231252205235,97,152,3.3849405998756663,2.494771530909891,4.206713417529564,1.7119418866196736,-1.6377223794615257,1.9906339241312176,11.450092345609722,17.859841515218953,2481.078,4.0,0.0980537839894344,0.1570535339827561,0.034794891823766216,0.15245647920343597
B0055,56,1.0553857898132757,0.7989997927037011,132.08836841396428,96,152,3.410105370394735,2.4850759949386982,4.206861671465562,1.721785676526864,-1.6143852867459763,1.990683911752466,11.131625464424475,15.816276936907297,2460.125,4.0,0.0980537839894344,0.1570535339827561,0.034794891823766216,0.15245647920343597
B0055,57,1.0533102333691788,0.7989997927037011,131.82859907947253,95,152,3.3607031370514133,2.4972833794296387,4.203250203022516,1.705966823592877,-1.6847849277248685,1.9905747713276665,11.738832332367679,18.755426828419857,2440.547,4.0,0.0980537839894344,0.1570535339827561,0.034794891823766216,0.15245647920343597
B0055,58,1.0315365260084348,0.7989997927037011,129.1034785525867,94,152,3.3928240190547645,2.4994934553850463,4.206868467936627,1.707375012551581,-1.6204098129461206,1.9902463993398891,11.33070420089266,17.253309886018204,2449.922,4.0,0.0980537839894344,0.1570535339827561,0.034794891823766216,0.15245647920343597
B0055,59,1.0533401053259417,0.7989997927037011,131.83233774837277,93,152,3.3379943082200825,2.496397324750552,4.199652821200027,1.7032554964494744,-1.7350634493263108,1.990571689998828,11.71743632355557,19.044660235871767,2408.781,4.0,0.0945385434995231,0.1599802865899194,0.039559601437687275,0.15618056896352145
B0055,60,1.0317876798810788,0.7989997927037011,129.1349120867299,92,152,3.383748883671106,2.498591356778633,4.206354715936561,1.7077633591579278,-1.6355169727932206,1.992243974592476,11.448023523006356,17.632782962314124,2442.547,4.0,0.0945385434995231,0.1599802865899194,0.039559601437687275,0.15618056896352145
B0055,61,1.0354207912157296,0.7989997927037011,129.58961950565887,91,152,3.4034852057714984,2.4793908002585576,4.207116858721508,1.7277260584629506,-1.620774629606393,1.9907853647960991,11.113362092407373,15.652866929465386,2420.671,4.0,0.0945385434995231,0.1599802865899194,0.039559601437687275,0.15618056896352145
B0055,62,1.0322251791310608,0.7989997927037011,129.18966795199762,90,152,3.3488479010139836,2.495919101086891,4.203805356740808,1.7078862556539165,-1.695046194498669,1.9905834799687467,11.759912549960136,18.851175405607997,2409.906,4.0,0.0945385434995231,0.1599802865899194,0.039559601437687275,0.15618056896352145
B0055,63,1.011543397303472,0.7989997927037011,126.60120897911045,89,152,3.400337322032959,2.487748902505861,4.206451344410812,1.7187024419049513,-1.607752495748955,1.9921786004311488,11.095152329208846,16.682382112943166,2416.672,4.0,0.0945385434995231,0.1599802865899194,0.039559601437687275,0.15618056896352145
B0055,64,1.0413760568150228,0.7989997927037011,130.3349595737885,88,152,3.3343052776040634,2.496210707787105,4.199840856194157,1.7036301484070524,-1.7288529172580396,1.989844699379149,11.855416870953553,19.331265935552995,2395.75,4.0,0.0953261246934921,0.1564819179161687,0.06021470360399748,0.15290814252780438
B0055,65,1.02174193386881,0.7989997927037011,127.87762189666924,87,152,3.3786546268712,2.499306018937951,4.206363005983127,1.7070569870451764,-1.6438464708058846,1.9901768106891888,11.501464461877692,17.796486773673443,2410.688,4.0,0.0953261246934921,0.1564819179161687,0.06021470360399748,0.15290814252780438
B0055,66,1.0133135547969283,0.7989997927037011,126.82275565654655,86,152,3.413323315609648,2.495131192399576,4.206927414011855,1.7117962216122793,-1.5920409233304795,1.990803712367652,10.922543090852551,15.641866781260571,2402.125,4.0,0.0953261246934921,0.1564819179161687,0.06021470360399748,0.15290814252780438
B0055,67,1.029994255962691,0.7989997927037011,128.91045346549308,85,152,3.3358445561886736,2.498865224973231,4.202275822485786,1.7034105975125553,-1.731928125216886,1.9894496431673536,11.679121657086682,18.47501778028561,2355.265,4.0,0.0953261246934921,0.1564819179161687,0.06021470360399748,0.15290814252780438
B0055,68,1.0189349807814327,0.7989997927037011,127.52631353426294,84,152,3.3537094650205534,2.499842473941914,4.20659875616185,1.7067562822199362,-1.6777504908523246,1.990447808855782,11.716719550648065,18.598567041058164,2396.719,4.0,0.0953261246934921,0.1564819179161687,0.06021470360399748,0.15290814252780438
B0055,69,1.0290879520854015,0.7989997927037011,128.79702366418832,83,152,3.3664574186515495,2.4984245148092805,4.18778132479275,1.6893568099834697,-1.6531774202404774,1.9897273979460817,11.332026451776493,17.70296113245331,2442.344,4.0,0.0955986501310135,0.1574347424641926,0.04887532281080489,0.15309796418077995
B0055,70,1.0567629241900045,0.7989997927037011,132.2607257023271,82,152,3.319131030823727,2.498165502515704,4.19944321827157,1.7012777157558663,-1.748766373641858,1.990141425142264,11.967823512320054,19.648490501323845,2444.703,4.0,0.0953317195752566,0.1527808323572457,0.07144668254324407,0.15100947426228256
B0055,71,1.0291668536316647,0.7989997927037011,128.8068987038296,81,152,3.4032103094968886,2.4838403700559373,4.205593767786481,1.7217533977305437,-1.6200178882302807,1.989425250782484,11.01544977025214,16.178060673787062,2412.25,4.0,0.0953317195752566,0.1527808323572457,0.07144668254324407,0.15100947426228256
B0055,72,1.032129844490102,0.7989997927037011,129.17773620410114,80,152,3.343831990901096,2.4989275943849365,4.202887645707948,1.7039600513230115,-1.703990940961131,1.990115909060455,11.818028778074435,18.88644438182567,2403.234,4.0,0.0953317195752566,0.1527808323572457,0.07144668254324407,0.15100947426228256
B0055,73,1.0409230283951276,0.7989997927037011,130.27826013230776,79,152,3.3724641292622257,2.497716849078165,4.206513407222774,1.7087965581446087,-1.6883184479362592,1.9926058063871197,11.295282200562326,16.020151248713987,2361.047,4.0,0.0953317195752566,0.1527808323572457,0.07144668254324407,0.15100947426228256
B0055,74,1.011161098766987,0.7989997927037011,126.5533618407287,78,152,3.3553714698756965,2.497475666164784,4.203597448523021,1.7061217823582369,-1.671488542905288,1.990141813358955,11.589249198689654,18.292174814306744,2392.468,4.0,0.0953317195752566,0.1527808323572457,0.07144668254324407,0.15100947426228256
B0055,75,1.0337876112911784,0.7989997927037011,129.38521645831582,77,152,3.327985568079429,2.499631738732727,4.19879054583806,1.699158807105333,-1.738115100941277,1.989834931537412,11.857143843844957,19.26049129848449,2373.89,4.0,0.0970492370316739,0.1578826080591113,0.05043217954074156,0.15364567491891284
B0055,76,1.003994224020383,0.7989997927037011,125.65638103897498,76,152,3.380340612404249,2.499611198369732,4.206474987547079,1.7068637891773468,-1.6383784100519558,1.9899806169770808,11.276289724634314,17.24384546974176,2383.234,4.0,0.0970492370316739,0.1578826080591113,0.05043217954074156,0.15364567491891284
B0055,77,1.0334195479955004,0.7989997927037011,129.33915095253735,75,152,3.3795059063602477,2.4972946109355068,4.203906513751972,1.7066119028164657,-1.6720302030703613,1.9903659110556824,11.220787392479364,15.900824096276386,2342.453,4.0,0.0970492370316739,0.1578826080591113,0.05043217954074156,0.15364567491891284
B0055,78,1.009893656411646,0.7989997927037011,126.39473321943053,74,152,3.3419486124359232,2.4950143445404667,4.203458601351602,1.708444256811135,-1.7040964736723387,1.9909373483293216,11.759447806620914,18.94850032004803,2359.296,4.0,0.0970492370316739,0.1578826080591113,0.05043217954074156,0.15364567491891284
B0055,79,1.0126262447940628,0.7989997927037011,126.7367343572744,73,152,3.3994343538904057,2.496127080556164,4.206479388387375,1.7103523078312106,-1.6294399730001765,1.990502094790344,10.988248985047367,14.95747625778177,2345.453,4.0,0.0970492370316739,0.1578826080591113,0.05043217954074156,0.15364567491891284
B0055,80,0.9948742055727694,0.7989997927037011,124.51495165052012,72,152,3.3674537565378784,2.498292598142556,4.200091561431062,1.701798963288506,-1.6515379727772603,1.989645979871128,11.355681286808547,17.70459844093717,2360.172,4.0,0.0967383381331187,0.1514956779140662,0.06424902752794937,0.15007519894296445
B0055,81,1.0240799556179332,0.7989997927037011,128.17024046434267,71,152,3.3529430513041807,2.4995493131113817,4.203624990778383,1.7040756776670016,-1.7174483877318063,1.9914645709614995,11.443287391092776,16.746714545942115,2315.407,4.0,0.0967383381331187,0.1514956779140662,0.06424902752794937,0.15007519894296445
B0055,82,1.0208889510043029,0.7989997927037011,127.77086556552919,70,152,3.313138824967226,2.4954991257797223,4.203121026339225,1.707621900559503,-1.7693261826528028,1.9904890532016013,11.785825239943042,19.20127329879016,2322.156,4.0,0.0967383381331187,0.1514956779140662,0.06424902752794937,0.15007519894296445
B0055,83,1.016100815944114,0.7989997927037011,127.17159944507294,69,152,3.331207681083792,2.495394779769103,4.206360725269558,1.710965945500455,-1.7382171562180335,1.9905162279081985,11.72640480534808,18.921215014535083,2327.1570000000065,4.0,0.0967383381331187,0.1514956779140662,0.06424902752794937,0.15007519894296445
B0055,84,0.9987875345106276,0.7989997927037011,125.004730117748,68,152,3.361184494584018,2.4987692806726884,4.206662505631524,1.7078932249588354,-1.6759841309858239,1.9908925129030703,11.472788708066494,17.83845317353606,2335.0,4.0,0.0967383381331187,0.1514956779140662,0.06424902752794937,0.15007519894296445
B0055,85,1.0158868294923784,0.7989997927037011,127.14481765442798,67,152,3.317225424194071,2.4984561833393784,4.198906004577256,1.7004498212378776,-1.7579493131782606,1.9908017427512696,11.802235485150675,19.413252469388496,2329.375,4.0,0.0957668537291583,0.1571078100358343,0.04703989928496065,0.15092385291221028
B0055,86,0.9963437517762594,0.7989997927037011,124.69887487764852,66,152,3.3671948983953452,2.495225392424711,4.2063268655944,1.7111014731696894,-1.6637548048231787,1.9912354426427308,11.363194027921853,17.555469742468727,2333.875,4.0,0.0957668537291583,0.1571078100358343,0.04703989928496065,0.15092385291221028
B0055,87,1.0053777381419529,0.7989997927037011,125.82953679373286,65,152,3.394889434849019,2.48261274521935,4.207127040760322,1.7245142955409722,-1.6389209925149488,1.990118242201512,10.949818258159802,15.18160164516741,2317.453,4.0,0.0957668537291583,0.1571078100358343,0.04703989928496065,0.15092385291221028
B0055,88,1.009132291002791,0.7989997927037011,126.29944340636578,64,152,3.310050856120256,2.497894652809196,4.202430409703646,1.7045357568944497,-1.7742280928785612,1.990653705320796,11.706437723845246,19.119001932657707,2295.109,4.0,0.0957668537291583,0.1571078100358343,0.04703989928496065,0.15092385291221028
B0055,89,0.9984581240784204,0.7989997927037011,124.96350226822723,63,152,3.3458687278652697,2.498867447840723,4.206373386837717,1.7075059389969938,-1.6962395390509193,1.9910685168887925,11.583533228310797,18.259385299695204,2326.657,4.0,0.0957668537291583,0.1571078100358343,0.04703989928496065,0.15092385291221028
B0055,90,1.0892389324114138,0.7989997927037011,136.32530851173127,62,152,3.2453384054657453,2.49494387511604,4.181574605333568,1.6866307302175274,-1.8679808387813042,1.9898551893530096,11.961499960858754,20.334330441428275,2479.297,4.0,0.094272851252728,0.1543495432705305,0.05713459364363782,0.15194795312817666
B0055,91,1.0793936031703524,0.7989997927037011,135.09310177889267,61,152,3.3032859676964024,2.499224528115884,4.194441045655941,1.6952165175400569,-1.7868262879672983,1.989802834953792,11.522596039987194,18.82433959610769,2463.578,4.0,0.0974710990124724,0.1576091210071961,0.04928310452031377,0.15416337069669295
B0055,92,1.032614295314224,0.7989997927037011,129.2383683630261,60,152,3.3954172971180325,2.492495487385769,4.204880578247997,1.7123850908622282,-1.61471261152207,1.990332615385347,10.721858182752005,16.215064274032724,2458.812,4.0,0.0974710990124724,0.1576091210071961,0.04928310452031377,0.15416337069669295
B0055,93,1.0498572649026638,0.7989997927037011,131.39643770746133,59,152,3.319390417324327,2.495661665849974,4.202840264863921,1.7071785990139472,-1.7601408237271083,1.9905492967668528,11.411543894379703,18.624861324787787,2400.672,4.0,0.0974710990124724,0.1576091210071961,0.04928310452031377,0.15416337069669295
B0055,94,1.0453902697248565,0.7989997927037011,130.83736432363833,58,152,3.384442477808506,2.498900329146198,4.205754690488186,1.7068543613419882,-1.6551157920024593,1.98999253160494,10.810513729948518,15.137573162785118,2396.407,4.0,0.0974710990124724,0.1576091210071961,0.04928310452031377,0.15416337069669295
B0055,95,1.0001607736713514,0.7989997927037011,125.17659989459449,57,152,3.396001919549735,2.489889091081545,4.207084563921945,1.7171954728403995,-1.6115078715312525,1.9901197988107224,10.714176302518482,16.113386903826303,2392.375,4.0,0.0974710990124724,0.1576091210071961,0.04928310452031377,0.15416337069669295
B0055,96,1.0084094786878155,0.7989997927037011,126.2089787627481,56,152,3.4091500642055776,2.498768290819146,4.198111672339926,1.6993433815207797,-1.5964976013167924,1.9897475031713527,10.478734086554464,14.51027225857862,2373.687,4.0,0.0977872215415929,0.1508852414965815,0.07020136772225666,0.14638738671861362
B0055,97,1.003655158082039,0.7989997927037011,125.61394474031256,55,152,3.318069571504016,2.4975933279193185,4.203133911551857,1.7055405836325388,-1.724633006126093,1.9897262444197572,11.577446477629389,18.79688115527297,2385.922,4.0,0.0977872215415929,0.1508852414965815,0.07020136772225666,0.14638738671861362
B0055,98,1.028526967659532,0.7989997927037011,128.72681282921786,54,152,3.3705488423522825,2.495932540383024,4.206432255358412,1.7104997149753882,-1.6761541599227183,1.9919373010273944,10.889278314878903,15.51511607516065,2345.0,4.0,0.0977872215415929,0.1508852414965815,0.07020136772225666,0.14638738671861362
B0055,99,0.9816844358987022,0.7989997927037011,122.86416653211165,53,152,3.358032061134384,2.493973960448579,4.203481073295822,1.709507112847243,-1.6566423606087435,1.9911024104896389,11.125862267460422,17.410882869971065,2363.047000000006,4.0,0.0977872215415929,0.1508852414965815,0.07020136772225666,0.14638738671861362
B0055,100,1.0127121434171131,0.7989997927037011,126.74748512640284,52,152,3.3305932142592156,2.4945849403498523,4.20306302939134,1.708478089041488,-1.7366403960823258,1.9901681479381788,11.180258248103398,17.541633082707207,2316.687,4.0,0.0977872215415929,0.1508852414965815,0.07020136772225666,0.14638738671861362
B0055,101,1.0201379996149256,0.7989997927037011,127.6768791344644,51,152,3.345081227582777,2.4970956728658367,4.197674431245264,1.700578758379427,-1.7132159087232544,1.9909302972480336,11.102809730123198,16.68412644043965,2322.0,4.0,0.0968087979207628,0.1548973820370723,0.05674422978286386,0.1510143469535965
B0055,102,0.9907591663373164,0.7989997927037011,123.99992783286326,50,152,3.3411218242164646,2.496842059818817,4.20280430699626,1.705962247177443,-1.6853564371512757,1.9899104414591309,11.41292758502581,18.127312484256297,2357.687,4.0,0.0968087979207628,0.1548973820370723,0.05674422978286386,0.1510143469535965
